ISO-10303-21;
HEADER;
FILE_DESCRIPTION((''),'2;1');
FILE_NAME('standbottomhalf', '2026-05-31T18:43:05', (''), (''), 'ImageToStl.com STEP Converter','', '');
FILE_SCHEMA(('AUTOMOTIVE_DESIGN_CC2'));
ENDSEC;
DATA;
#1=PRODUCT_DEFINITION_CONTEXT('',#4,'design');
#2=APPLICATION_PROTOCOL_DEFINITION('INTERNATIONAL STANDARD','automotive_design',1994,#4);
#3=(GEOMETRIC_REPRESENTATION_CONTEXT(3)GLOBAL_UNCERTAINTY_ASSIGNED_CONTEXT((#5))GLOBAL_UNIT_ASSIGNED_CONTEXT((#6,#7,#8))REPRESENTATION_CONTEXT('NONE','WORKSPACE'));
#4=APPLICATION_CONTEXT(' ');
#5=UNCERTAINTY_MEASURE_WITH_UNIT(LENGTH_MEASURE(1.0E-006),#6,'','');
#6=(CONVERSION_BASED_UNIT('METRE',#10)LENGTH_UNIT()NAMED_UNIT(#11));
#7=(NAMED_UNIT(#12)PLANE_ANGLE_UNIT()SI_UNIT($,.RADIAN.));
#8=(NAMED_UNIT(#12)SOLID_ANGLE_UNIT()SI_UNIT($,.STERADIAN.));
#9=AXIS2_PLACEMENT_3D('',#14,#15,#16);
#10=LENGTH_MEASURE_WITH_UNIT(LENGTH_MEASURE(1.0),#17);
#11=DIMENSIONAL_EXPONENTS(1.0,0.0,0.0,0.0,0.0,0.0,0.0);
#12=DIMENSIONAL_EXPONENTS(0.0,0.0,0.0,0.0,0.0,0.0,0.0);
#13=PRODUCT_CONTEXT('',#4,'mechanical');
#14=CARTESIAN_POINT('',(0.0,0.0,0.0));
#15=DIRECTION('',(0.0,0.0,1.0));
#16=DIRECTION('',(1.0,0.0,0.0));
#17=(NAMED_UNIT(#11)LENGTH_UNIT()SI_UNIT(.MILLI.,.METRE.));
#18=PRESENTATION_STYLE_ASSIGNMENT((#19));
#19=SURFACE_STYLE_USAGE(.BOTH.,#20);
#20=SURFACE_SIDE_STYLE('',(#21));
#21=SURFACE_STYLE_FILL_AREA(#22);
#22=FILL_AREA_STYLE('',(#23));
#23=FILL_AREA_STYLE_COLOUR('',#24);
#24=COLOUR_RGB('',0.62745,0.62745,0.62745);
#25=PRESENTATION_STYLE_ASSIGNMENT((#26));
#26=SURFACE_STYLE_USAGE(.BOTH.,#27);
#27=SURFACE_SIDE_STYLE('',(#28));
#28=SURFACE_STYLE_FILL_AREA(#29);
#29=FILL_AREA_STYLE('',(#30));
#30=FILL_AREA_STYLE_COLOUR('',#31);
#31=COLOUR_RGB('',0.59608,0.59608,0.59608);
#32=SHAPE_DEFINITION_REPRESENTATION(#33,#34);
#33=PRODUCT_DEFINITION_SHAPE('productshape0','',#37);
#34=MANIFOLD_SURFACE_SHAPE_REPRESENTATION('',(#35,#9),#3);
#35=SHELL_BASED_SURFACE_MODEL('shell0',(#39));
#36=PRODUCT('product0','','',(#13));
#37=PRODUCT_DEFINITION('mesh0','',#38,#2);
#38=PRODUCT_DEFINITION_FORMATION_WITH_SPECIFIED_SOURCE('prodsource0','',#36,.NOT_KNOWN.);
#39=CLOSED_SHELL('',(#469,#491,#513,#535,#557,#579,#601,#623,#645,#667,#689,#711,#733,#755,#777,#799,#821,#843,#865,#887,#909,#931,#953,#975,#997,#1019,#1041,#1063,#1085,#1107,#1129,#1151,#1173,#1195,#1217,#1239,#1261,#1283,#1305,#1327,#1349,#1371,#1393,#1415,#1437,#1459,#1481,#1503,#1525,#1547,#1569,#1591,#1613,#1635,#1657,#1679,#1701,#1723,#1745,#1767,#1789,#1811,#1833,#1855,#1877,#1899,#1921,#1943,#1965,#1987,#2009,#2031,#2053,#2075,#2097,#2119,#2141,#2163,#2185,#2207,#2229,#2251,#2273,#2295,#2317,#2339,#2361,#2383,#2405,#2427,#2449,#2471,#2493,#2515,#2537,#2559,#2581,#2603,#2625,#2647,#2669,#2691,#2713,#2735,#2757,#2779,#2801,#2823,#2845,#2867,#2889,#2911,#2933,#2955,#2977,#2999,#3021,#3043,#3065,#3087,#3109,#3131,#3153,#3175,#3197,#3219,#3241,#3263,#3285,#3307,#3329,#3351,#3373,#3395,#3417,#3439,#3461,#3483,#3505,#3527,#3549,#3571,#3593,#3615,#3637,#3659,#3681,#3703,#3725,#3747,#3769,#3791,#3813,#3835,#3857,#3879,#3901,#3923,#3945,#3967,#3989,#4011,#4033,#4055,#4077,#4099,#4121,#4143,#4165,#4187,#4209,#4231,#4253,#4275,#4297,#4319,#4341,#4363,#4385,#4407,#4429,#4451,#4473,#4495,#4517,#4539,#4561,#4583,#4605,#4627,#4649,#4671,#4693,#4715,#4737,#4759,#4781,#4803,#4825,#4847,#4869,#4891,#4913,#4935,#4957,#4979,#5001,#5023,#5045,#5067,#5089,#5111,#5133,#5155,#5177,#5199,#5221,#5243,#5265,#5287,#5309,#5331,#5353,#5375,#5397,#5419,#5441,#5463,#5485,#5507,#5529,#5551,#5573,#5595,#5617,#5639,#5661,#5683,#5705,#5727,#5749,#5771,#5793,#5815,#5837,#5859,#5881,#5903,#5925,#5947,#5969,#5991,#6013,#6035,#6057,#6079,#6101,#6123,#6145,#6167,#6189,#6211,#6233,#6255,#6277,#6299,#6321,#6343,#6365,#6387,#6409,#6431,#6453,#6475,#6497,#6519,#6541,#6563,#6585,#6607,#6629,#6651,#6673,#6695,#6717,#6739,#6761,#6783,#6805,#6827,#6849,#6871,#6893,#6915,#6937,#6959,#6981,#7003,#7025,#7047,#7069,#7091,#7113,#7135,#7157,#7179,#7201,#7223,#7245,#7267,#7289,#7311,#7333,#7355,#7377,#7399,#7421,#7443,#7465,#7487,#7509,#7531,#7553,#7575,#7597,#7619,#7641,#7663,#7685,#7707,#7729,#7751,#7773,#7795,#7817,#7839,#7861,#7883,#7905,#7927,#7949,#7971,#7993,#8015,#8037,#8059,#8081,#8103,#8125,#8147,#8169,#8191,#8213,#8235,#8257,#8279,#8301,#8323,#8345,#8367,#8389,#8411,#8433,#8455,#8477,#8499,#8521,#8543,#8565,#8587,#8609,#8631,#8653,#8675,#8697,#8719,#8741,#8763,#8785,#8807,#8829,#8851,#8873,#8895,#8917,#8939,#8961,#8983,#9005,#9027,#9049,#9071,#9093,#9115,#9137,#9159,#9181,#9203,#9225,#9247,#9269,#9291,#9313,#9335,#9357,#9379,#9401,#9423,#9445,#9467,#9489,#9511,#9533,#9555,#9577,#9599,#9621,#9643,#9665,#9687,#9709,#9731,#9753,#9775,#9797,#9819,#9841,#9863,#9885,#9907,#9929,#9951,#9973,#9995,#10017,#10039,#10061,#10083,#10105,#10127));
#40=CARTESIAN_POINT('',(42.099998474121094,31.899999618530273,80));
#41=VERTEX_POINT('',#40);
#42=CARTESIAN_POINT('',(42.099998474121094,32.08000183105469,80));
#43=VERTEX_POINT('',#42);
#44=CARTESIAN_POINT('',(42.29999923706055,31.899999618530273,80));
#45=VERTEX_POINT('',#44);
#46=CARTESIAN_POINT('',(42.29999923706055,32.20000076293945,80));
#47=VERTEX_POINT('',#46);
#48=CARTESIAN_POINT('',(42.09000015258789,32.20000076293945,80));
#49=VERTEX_POINT('',#48);
#50=CARTESIAN_POINT('',(42.09000015258789,32.08000183105469,80));
#51=VERTEX_POINT('',#50);
#52=CARTESIAN_POINT('',(49.83308792114258,32.00065231323242,80));
#53=VERTEX_POINT('',#52);
#54=CARTESIAN_POINT('',(49.83308792114258,32.00065231323242,82));
#55=VERTEX_POINT('',#54);
#56=CARTESIAN_POINT('',(49.833091735839844,32,80));
#57=VERTEX_POINT('',#56);
#58=CARTESIAN_POINT('',(49.833091735839844,32,82));
#59=VERTEX_POINT('',#58);
#60=CARTESIAN_POINT('',(-38.500003814697266,32.00065231323242,82));
#61=VERTEX_POINT('',#60);
#62=CARTESIAN_POINT('',(-38.500003814697266,32.00065231323242,80));
#63=VERTEX_POINT('',#62);
#64=CARTESIAN_POINT('',(-38.5,32,82));
#65=VERTEX_POINT('',#64);
#66=CARTESIAN_POINT('',(-38.5,32,80));
#67=VERTEX_POINT('',#66);
#68=CARTESIAN_POINT('',(40.400001525878906,37.2640380859375,80));
#69=VERTEX_POINT('',#68);
#70=CARTESIAN_POINT('',(49.967037200927734,32.500606536865234,80));
#71=VERTEX_POINT('',#70);
#72=CARTESIAN_POINT('',(49.867156982421875,32.25944519042969,80));
#73=VERTEX_POINT('',#72);
#74=CARTESIAN_POINT('',(40.400001525878906,-55,80));
#75=VERTEX_POINT('',#74);
#76=CARTESIAN_POINT('',(49.83308792114258,-50,80));
#77=VERTEX_POINT('',#76);
#78=CARTESIAN_POINT('',(49.867164611816406,-49.741180419921875,80));
#79=VERTEX_POINT('',#78);
#80=CARTESIAN_POINT('',(49.86732482910156,31.741230010986328,80));
#81=VERTEX_POINT('',#80);
#82=CARTESIAN_POINT('',(49.967063903808594,-49.5,80));
#83=VERTEX_POINT('',#82);
#84=CARTESIAN_POINT('',(49.96736526489258,31.50013542175293,80));
#85=VERTEX_POINT('',#84);
#86=CARTESIAN_POINT('',(50.12598419189453,-49.29289245605469,80));
#87=VERTEX_POINT('',#86);
#88=CARTESIAN_POINT('',(50.12638854980469,31.293142318725586,80));
#89=VERTEX_POINT('',#88);
#90=CARTESIAN_POINT('',(50.33308792114258,-49.133975982666016,80));
#91=VERTEX_POINT('',#90);
#92=CARTESIAN_POINT('',(50.333560943603516,31.134355545043945,80));
#93=VERTEX_POINT('',#92);
#94=CARTESIAN_POINT('',(50.57427215576172,-49.03407287597656,80));
#95=VERTEX_POINT('',#94);
#96=CARTESIAN_POINT('',(50.57476806640625,31.03459358215332,80));
#97=VERTEX_POINT('',#96);
#98=CARTESIAN_POINT('',(50.83308792114258,-49,80));
#99=VERTEX_POINT('',#98);
#100=CARTESIAN_POINT('',(50.833580017089844,31.000652313232422,80));
#101=VERTEX_POINT('',#100);
#102=CARTESIAN_POINT('',(51.0919075012207,-49.03407287597656,80));
#103=VERTEX_POINT('',#102);
#104=CARTESIAN_POINT('',(51.09235382080078,31.03484535217285,80));
#105=VERTEX_POINT('',#104);
#106=CARTESIAN_POINT('',(51.33308792114258,-49.133975982666016,80));
#107=VERTEX_POINT('',#106);
#108=CARTESIAN_POINT('',(51.333465576171875,31.134843826293945,80));
#109=VERTEX_POINT('',#108);
#110=CARTESIAN_POINT('',(51.54019546508789,-49.29289245605469,80));
#111=VERTEX_POINT('',#110);
#112=CARTESIAN_POINT('',(51.54048538208008,31.293834686279297,80));
#113=VERTEX_POINT('',#112);
#114=CARTESIAN_POINT('',(51.69911575317383,-49.5,80));
#115=VERTEX_POINT('',#114);
#116=CARTESIAN_POINT('',(51.69930648803711,31.5009822845459,80));
#117=VERTEX_POINT('',#116);
#118=CARTESIAN_POINT('',(51.799015045166016,-49.741180419921875,80));
#119=VERTEX_POINT('',#118);
#120=CARTESIAN_POINT('',(51.79910659790039,31.74217414855957,80));
#121=VERTEX_POINT('',#120);
#122=CARTESIAN_POINT('',(51.83308792114258,-50,80));
#123=VERTEX_POINT('',#122);
#124=CARTESIAN_POINT('',(51.83308792114258,32.000980377197266,80));
#125=VERTEX_POINT('',#124);
#126=CARTESIAN_POINT('',(52.23350524902344,-55,80));
#127=VERTEX_POINT('',#126);
#128=CARTESIAN_POINT('',(52.23350524902344,37.2640380859375,80));
#129=VERTEX_POINT('',#128);
#130=CARTESIAN_POINT('',(51.7989387512207,32.259761810302734,80));
#131=VERTEX_POINT('',#130);
#132=CARTESIAN_POINT('',(51.698978424072266,32.50088882446289,80));
#133=VERTEX_POINT('',#132);
#134=CARTESIAN_POINT('',(51.54002380371094,32.70793151855469,80));
#135=VERTEX_POINT('',#134);
#136=CARTESIAN_POINT('',(51.33290100097656,32.86678695678711,80));
#137=VERTEX_POINT('',#136);
#138=CARTESIAN_POINT('',(51.09172439575195,32.96662902832031,80));
#139=VERTEX_POINT('',#138);
#140=CARTESIAN_POINT('',(50.83292770385742,33.00065231323242,80));
#141=VERTEX_POINT('',#140);
#142=CARTESIAN_POINT('',(50.57413864135742,32.9665412902832,80));
#143=VERTEX_POINT('',#142);
#144=CARTESIAN_POINT('',(50.3329963684082,32.86662292480469,80));
#145=VERTEX_POINT('',#144);
#146=CARTESIAN_POINT('',(50.12592697143555,32.70770263671875,80));
#147=VERTEX_POINT('',#146);
#148=CARTESIAN_POINT('',(49.867164611816406,-50.258819580078125,80));
#149=VERTEX_POINT('',#148);
#150=CARTESIAN_POINT('',(49.967063903808594,-50.5,80));
#151=VERTEX_POINT('',#150);
#152=CARTESIAN_POINT('',(50.12598419189453,-50.70710754394531,80));
#153=VERTEX_POINT('',#152);
#154=CARTESIAN_POINT('',(50.33308792114258,-50.866024017333984,80));
#155=VERTEX_POINT('',#154);
#156=CARTESIAN_POINT('',(50.57427215576172,-50.96592712402344,80));
#157=VERTEX_POINT('',#156);
#158=CARTESIAN_POINT('',(50.83308792114258,-51,80));
#159=VERTEX_POINT('',#158);
#160=CARTESIAN_POINT('',(51.0919075012207,-50.96592712402344,80));
#161=VERTEX_POINT('',#160);
#162=CARTESIAN_POINT('',(51.33308792114258,-50.866024017333984,80));
#163=VERTEX_POINT('',#162);
#164=CARTESIAN_POINT('',(51.54019546508789,-50.70710754394531,80));
#165=VERTEX_POINT('',#164);
#166=CARTESIAN_POINT('',(51.69911575317383,-50.5,80));
#167=VERTEX_POINT('',#166);
#168=CARTESIAN_POINT('',(51.799015045166016,-50.258819580078125,80));
#169=VERTEX_POINT('',#168);
#170=CARTESIAN_POINT('',(-40.46592330932617,-49.741180419921875,80));
#171=VERTEX_POINT('',#170);
#172=CARTESIAN_POINT('',(-40.46592330932617,-49.741180419921875,82));
#173=VERTEX_POINT('',#172);
#174=CARTESIAN_POINT('',(-40.5,-50,80));
#175=VERTEX_POINT('',#174);
#176=CARTESIAN_POINT('',(-40.5,-50,82));
#177=VERTEX_POINT('',#176);
#178=CARTESIAN_POINT('',(-40.46592330932617,-50.258819580078125,80));
#179=VERTEX_POINT('',#178);
#180=CARTESIAN_POINT('',(-40.46592330932617,-50.258819580078125,82));
#181=VERTEX_POINT('',#180);
#182=CARTESIAN_POINT('',(-40.366024017333984,-50.5,80));
#183=VERTEX_POINT('',#182);
#184=CARTESIAN_POINT('',(-40.366024017333984,-50.5,82));
#185=VERTEX_POINT('',#184);
#186=CARTESIAN_POINT('',(-40.20710754394531,-50.70710754394531,80));
#187=VERTEX_POINT('',#186);
#188=CARTESIAN_POINT('',(-40.20710754394531,-50.70710754394531,82));
#189=VERTEX_POINT('',#188);
#190=CARTESIAN_POINT('',(-40,-50.866024017333984,80));
#191=VERTEX_POINT('',#190);
#192=CARTESIAN_POINT('',(-40,-50.866024017333984,82));
#193=VERTEX_POINT('',#192);
#194=CARTESIAN_POINT('',(-39.758819580078125,-50.96592330932617,80));
#195=VERTEX_POINT('',#194);
#196=CARTESIAN_POINT('',(-39.758819580078125,-50.96592330932617,82));
#197=VERTEX_POINT('',#196);
#198=CARTESIAN_POINT('',(-39.5,-51,80));
#199=VERTEX_POINT('',#198);
#200=CARTESIAN_POINT('',(-39.5,-51,82));
#201=VERTEX_POINT('',#200);
#202=CARTESIAN_POINT('',(-39.241180419921875,-50.96592330932617,80));
#203=VERTEX_POINT('',#202);
#204=CARTESIAN_POINT('',(-39.241180419921875,-50.96592330932617,82));
#205=VERTEX_POINT('',#204);
#206=CARTESIAN_POINT('',(-39,-50.866024017333984,80));
#207=VERTEX_POINT('',#206);
#208=CARTESIAN_POINT('',(-39,-50.866024017333984,82));
#209=VERTEX_POINT('',#208);
#210=CARTESIAN_POINT('',(-38.79289245605469,-50.70710754394531,80));
#211=VERTEX_POINT('',#210);
#212=CARTESIAN_POINT('',(-38.79289245605469,-50.70710754394531,82));
#213=VERTEX_POINT('',#212);
#214=CARTESIAN_POINT('',(-38.63397216796875,-50.5,80));
#215=VERTEX_POINT('',#214);
#216=CARTESIAN_POINT('',(-38.63397216796875,-50.5,82));
#217=VERTEX_POINT('',#216);
#218=CARTESIAN_POINT('',(-38.53407287597656,-50.258819580078125,80));
#219=VERTEX_POINT('',#218);
#220=CARTESIAN_POINT('',(-38.53407287597656,-50.258819580078125,82));
#221=VERTEX_POINT('',#220);
#222=CARTESIAN_POINT('',(-38.5,-50,80));
#223=VERTEX_POINT('',#222);
#224=CARTESIAN_POINT('',(-38.5,-50,82));
#225=VERTEX_POINT('',#224);
#226=CARTESIAN_POINT('',(-38.53407287597656,-49.741180419921875,80));
#227=VERTEX_POINT('',#226);
#228=CARTESIAN_POINT('',(-38.53407287597656,-49.741180419921875,82));
#229=VERTEX_POINT('',#228);
#230=CARTESIAN_POINT('',(-38.63397216796875,-49.5,80));
#231=VERTEX_POINT('',#230);
#232=CARTESIAN_POINT('',(-38.63397216796875,-49.5,82));
#233=VERTEX_POINT('',#232);
#234=CARTESIAN_POINT('',(-38.79289245605469,-49.29289245605469,80));
#235=VERTEX_POINT('',#234);
#236=CARTESIAN_POINT('',(-38.79289245605469,-49.29289245605469,82));
#237=VERTEX_POINT('',#236);
#238=CARTESIAN_POINT('',(-39,-49.13397216796875,80));
#239=VERTEX_POINT('',#238);
#240=CARTESIAN_POINT('',(-39,-49.13397216796875,82));
#241=VERTEX_POINT('',#240);
#242=CARTESIAN_POINT('',(-39.241180419921875,-49.03407287597656,80));
#243=VERTEX_POINT('',#242);
#244=CARTESIAN_POINT('',(-39.241180419921875,-49.03407287597656,82));
#245=VERTEX_POINT('',#244);
#246=CARTESIAN_POINT('',(-39.5,-49,80));
#247=VERTEX_POINT('',#246);
#248=CARTESIAN_POINT('',(-39.5,-49,82));
#249=VERTEX_POINT('',#248);
#250=CARTESIAN_POINT('',(-39.758819580078125,-49.03407287597656,80));
#251=VERTEX_POINT('',#250);
#252=CARTESIAN_POINT('',(-39.758819580078125,-49.03407287597656,82));
#253=VERTEX_POINT('',#252);
#254=CARTESIAN_POINT('',(-40,-49.13397216796875,80));
#255=VERTEX_POINT('',#254);
#256=CARTESIAN_POINT('',(-40,-49.13397216796875,82));
#257=VERTEX_POINT('',#256);
#258=CARTESIAN_POINT('',(-40.20710754394531,-49.29289245605469,80));
#259=VERTEX_POINT('',#258);
#260=CARTESIAN_POINT('',(-40.20710754394531,-49.29289245605469,82));
#261=VERTEX_POINT('',#260);
#262=CARTESIAN_POINT('',(-40.366024017333984,-49.5,80));
#263=VERTEX_POINT('',#262);
#264=CARTESIAN_POINT('',(-40.366024017333984,-49.5,82));
#265=VERTEX_POINT('',#264);
#266=CARTESIAN_POINT('',(49.86732482910156,31.741230010986328,82));
#267=VERTEX_POINT('',#266);
#268=CARTESIAN_POINT('',(49.96736526489258,31.50013542175293,82));
#269=VERTEX_POINT('',#268);
#270=CARTESIAN_POINT('',(50.12638854980469,31.293142318725586,82));
#271=VERTEX_POINT('',#270);
#272=CARTESIAN_POINT('',(50.333560943603516,31.134355545043945,82));
#273=VERTEX_POINT('',#272);
#274=CARTESIAN_POINT('',(50.57476806640625,31.03459358215332,82));
#275=VERTEX_POINT('',#274);
#276=CARTESIAN_POINT('',(50.833580017089844,31.000652313232422,82));
#277=VERTEX_POINT('',#276);
#278=CARTESIAN_POINT('',(51.09235382080078,31.03484535217285,82));
#279=VERTEX_POINT('',#278);
#280=CARTESIAN_POINT('',(51.333465576171875,31.134843826293945,82));
#281=VERTEX_POINT('',#280);
#282=CARTESIAN_POINT('',(51.54048538208008,31.293834686279297,82));
#283=VERTEX_POINT('',#282);
#284=CARTESIAN_POINT('',(51.69930648803711,31.5009822845459,82));
#285=VERTEX_POINT('',#284);
#286=CARTESIAN_POINT('',(51.79910659790039,31.74217414855957,82));
#287=VERTEX_POINT('',#286);
#288=CARTESIAN_POINT('',(51.83308792114258,32.000980377197266,82));
#289=VERTEX_POINT('',#288);
#290=CARTESIAN_POINT('',(51.7989387512207,32.259761810302734,82));
#291=VERTEX_POINT('',#290);
#292=CARTESIAN_POINT('',(51.698978424072266,32.50088882446289,82));
#293=VERTEX_POINT('',#292);
#294=CARTESIAN_POINT('',(51.54002380371094,32.70793151855469,82));
#295=VERTEX_POINT('',#294);
#296=CARTESIAN_POINT('',(51.33290100097656,32.86678695678711,82));
#297=VERTEX_POINT('',#296);
#298=CARTESIAN_POINT('',(51.09172439575195,32.96662902832031,82));
#299=VERTEX_POINT('',#298);
#300=CARTESIAN_POINT('',(50.83292770385742,33.00065231323242,82));
#301=VERTEX_POINT('',#300);
#302=CARTESIAN_POINT('',(50.57413864135742,32.9665412902832,82));
#303=VERTEX_POINT('',#302);
#304=CARTESIAN_POINT('',(50.3329963684082,32.86662292480469,82));
#305=VERTEX_POINT('',#304);
#306=CARTESIAN_POINT('',(50.12592697143555,32.70770263671875,82));
#307=VERTEX_POINT('',#306);
#308=CARTESIAN_POINT('',(49.967037200927734,32.500606536865234,82));
#309=VERTEX_POINT('',#308);
#310=CARTESIAN_POINT('',(49.867156982421875,32.25944519042969,82));
#311=VERTEX_POINT('',#310);
#312=CARTESIAN_POINT('',(49.83308792114258,-50,82));
#313=VERTEX_POINT('',#312);
#314=CARTESIAN_POINT('',(49.867164611816406,-49.741180419921875,82));
#315=VERTEX_POINT('',#314);
#316=CARTESIAN_POINT('',(49.967063903808594,-49.5,82));
#317=VERTEX_POINT('',#316);
#318=CARTESIAN_POINT('',(50.12598419189453,-49.29289245605469,82));
#319=VERTEX_POINT('',#318);
#320=CARTESIAN_POINT('',(50.33308792114258,-49.133975982666016,82));
#321=VERTEX_POINT('',#320);
#322=CARTESIAN_POINT('',(50.57427215576172,-49.03407287597656,82));
#323=VERTEX_POINT('',#322);
#324=CARTESIAN_POINT('',(50.83308792114258,-49,82));
#325=VERTEX_POINT('',#324);
#326=CARTESIAN_POINT('',(51.0919075012207,-49.03407287597656,82));
#327=VERTEX_POINT('',#326);
#328=CARTESIAN_POINT('',(51.33308792114258,-49.133975982666016,82));
#329=VERTEX_POINT('',#328);
#330=CARTESIAN_POINT('',(51.54019546508789,-49.29289245605469,82));
#331=VERTEX_POINT('',#330);
#332=CARTESIAN_POINT('',(51.69911575317383,-49.5,82));
#333=VERTEX_POINT('',#332);
#334=CARTESIAN_POINT('',(51.799015045166016,-49.741180419921875,82));
#335=VERTEX_POINT('',#334);
#336=CARTESIAN_POINT('',(51.83308792114258,-50,82));
#337=VERTEX_POINT('',#336);
#338=CARTESIAN_POINT('',(51.799015045166016,-50.258819580078125,82));
#339=VERTEX_POINT('',#338);
#340=CARTESIAN_POINT('',(51.69911575317383,-50.5,82));
#341=VERTEX_POINT('',#340);
#342=CARTESIAN_POINT('',(51.54019546508789,-50.70710754394531,82));
#343=VERTEX_POINT('',#342);
#344=CARTESIAN_POINT('',(51.33308792114258,-50.866024017333984,82));
#345=VERTEX_POINT('',#344);
#346=CARTESIAN_POINT('',(51.0919075012207,-50.96592712402344,82));
#347=VERTEX_POINT('',#346);
#348=CARTESIAN_POINT('',(50.83308792114258,-51,82));
#349=VERTEX_POINT('',#348);
#350=CARTESIAN_POINT('',(50.57427215576172,-50.96592712402344,82));
#351=VERTEX_POINT('',#350);
#352=CARTESIAN_POINT('',(50.33308792114258,-50.866024017333984,82));
#353=VERTEX_POINT('',#352);
#354=CARTESIAN_POINT('',(50.12598419189453,-50.70710754394531,82));
#355=VERTEX_POINT('',#354);
#356=CARTESIAN_POINT('',(49.967063903808594,-50.5,82));
#357=VERTEX_POINT('',#356);
#358=CARTESIAN_POINT('',(49.867164611816406,-50.258819580078125,82));
#359=VERTEX_POINT('',#358);
#360=CARTESIAN_POINT('',(-38.5340690612793,31.741207122802734,82));
#361=VERTEX_POINT('',#360);
#362=CARTESIAN_POINT('',(-38.5340690612793,31.741207122802734,80));
#363=VERTEX_POINT('',#362);
#364=CARTESIAN_POINT('',(-38.633949279785156,31.50004768371582,82));
#365=VERTEX_POINT('',#364);
#366=CARTESIAN_POINT('',(-38.633949279785156,31.50004768371582,80));
#367=VERTEX_POINT('',#366);
#368=CARTESIAN_POINT('',(-38.79283905029297,31.292951583862305,82));
#369=VERTEX_POINT('',#368);
#370=CARTESIAN_POINT('',(-38.79283905029297,31.292951583862305,80));
#371=VERTEX_POINT('',#370);
#372=CARTESIAN_POINT('',(-38.999908447265625,31.134029388427734,82));
#373=VERTEX_POINT('',#372);
#374=CARTESIAN_POINT('',(-38.999908447265625,31.134029388427734,80));
#375=VERTEX_POINT('',#374);
#376=CARTESIAN_POINT('',(-39.24105453491211,31.03411102294922,82));
#377=VERTEX_POINT('',#376);
#378=CARTESIAN_POINT('',(-39.24105453491211,31.03411102294922,80));
#379=VERTEX_POINT('',#378);
#380=CARTESIAN_POINT('',(-39.499839782714844,31.000001907348633,82));
#381=VERTEX_POINT('',#380);
#382=CARTESIAN_POINT('',(-39.499839782714844,31.000001907348633,80));
#383=VERTEX_POINT('',#382);
#384=CARTESIAN_POINT('',(-39.75864028930664,31.034027099609375,82));
#385=VERTEX_POINT('',#384);
#386=CARTESIAN_POINT('',(-39.75864028930664,31.034027099609375,80));
#387=VERTEX_POINT('',#386);
#388=CARTESIAN_POINT('',(-39.999813079833984,31.133867263793945,82));
#389=VERTEX_POINT('',#388);
#390=CARTESIAN_POINT('',(-39.999813079833984,31.133867263793945,80));
#391=VERTEX_POINT('',#390);
#392=CARTESIAN_POINT('',(-40.20693588256836,31.292722702026367,82));
#393=VERTEX_POINT('',#392);
#394=CARTESIAN_POINT('',(-40.20693588256836,31.292722702026367,80));
#395=VERTEX_POINT('',#394);
#396=CARTESIAN_POINT('',(-40.36589050292969,31.499767303466797,82));
#397=VERTEX_POINT('',#396);
#398=CARTESIAN_POINT('',(-40.36589050292969,31.499767303466797,80));
#399=VERTEX_POINT('',#398);
#400=CARTESIAN_POINT('',(-40.465850830078125,31.740894317626953,82));
#401=VERTEX_POINT('',#400);
#402=CARTESIAN_POINT('',(-40.465850830078125,31.740894317626953,80));
#403=VERTEX_POINT('',#402);
#404=CARTESIAN_POINT('',(-40.5,31.999677658081055,82));
#405=VERTEX_POINT('',#404);
#406=CARTESIAN_POINT('',(-40.5,31.999677658081055,80));
#407=VERTEX_POINT('',#406);
#408=CARTESIAN_POINT('',(-40.46601867675781,32.258480072021484,80));
#409=VERTEX_POINT('',#408);
#410=CARTESIAN_POINT('',(-40.36621856689453,32.499671936035156,80));
#411=VERTEX_POINT('',#410);
#412=CARTESIAN_POINT('',(-40.36621856689453,32.499671936035156,82));
#413=VERTEX_POINT('',#412);
#414=CARTESIAN_POINT('',(-40.46601867675781,32.258480072021484,82));
#415=VERTEX_POINT('',#414);
#416=CARTESIAN_POINT('',(-40.2073974609375,32.70682144165039,82));
#417=VERTEX_POINT('',#416);
#418=CARTESIAN_POINT('',(-40.2073974609375,32.70682144165039,80));
#419=VERTEX_POINT('',#418);
#420=CARTESIAN_POINT('',(-40.0003776550293,32.86581039428711,82));
#421=VERTEX_POINT('',#420);
#422=CARTESIAN_POINT('',(-40.0003776550293,32.86581039428711,80));
#423=VERTEX_POINT('',#422);
#424=CARTESIAN_POINT('',(-39.7592658996582,32.9658088684082,82));
#425=VERTEX_POINT('',#424);
#426=CARTESIAN_POINT('',(-39.7592658996582,32.9658088684082,80));
#427=VERTEX_POINT('',#426);
#428=CARTESIAN_POINT('',(-39.50048828125,33,82));
#429=VERTEX_POINT('',#428);
#430=CARTESIAN_POINT('',(-39.50048828125,33,80));
#431=VERTEX_POINT('',#430);
#432=CARTESIAN_POINT('',(-39.24168014526367,32.966060638427734,82));
#433=VERTEX_POINT('',#432);
#434=CARTESIAN_POINT('',(-39.24168014526367,32.966060638427734,80));
#435=VERTEX_POINT('',#434);
#436=CARTESIAN_POINT('',(-39.00047302246094,32.86629867553711,82));
#437=VERTEX_POINT('',#436);
#438=CARTESIAN_POINT('',(-39.00047302246094,32.86629867553711,80));
#439=VERTEX_POINT('',#438);
#440=CARTESIAN_POINT('',(-38.793296813964844,32.70751190185547,82));
#441=VERTEX_POINT('',#440);
#442=CARTESIAN_POINT('',(-38.793296813964844,32.70751190185547,80));
#443=VERTEX_POINT('',#442);
#444=CARTESIAN_POINT('',(-38.634273529052734,32.500518798828125,82));
#445=VERTEX_POINT('',#444);
#446=CARTESIAN_POINT('',(-38.634273529052734,32.500518798828125,80));
#447=VERTEX_POINT('',#446);
#448=CARTESIAN_POINT('',(-38.534236907958984,32.259422302246094,82));
#449=VERTEX_POINT('',#448);
#450=CARTESIAN_POINT('',(-38.534236907958984,32.259422302246094,80));
#451=VERTEX_POINT('',#450);
#452=CARTESIAN_POINT('',(-41.5,-55,80));
#453=VERTEX_POINT('',#452);
#454=CARTESIAN_POINT('',(-41.5,37.2640380859375,80));
#455=VERTEX_POINT('',#454);
#456=CARTESIAN_POINT('',(40.400001525878906,-55,82));
#457=VERTEX_POINT('',#456);
#458=CARTESIAN_POINT('',(40.400001525878906,37.2640380859375,82));
#459=VERTEX_POINT('',#458);
#460=CARTESIAN_POINT('',(52.23350524902344,-55,82));
#461=VERTEX_POINT('',#460);
#462=CARTESIAN_POINT('',(52.23350524902344,37.2640380859375,82));
#463=VERTEX_POINT('',#462);
#464=CARTESIAN_POINT('',(-41.5,-55,82));
#465=VERTEX_POINT('',#464);
#466=CARTESIAN_POINT('',(-41.5,37.2640380859375,82));
#467=VERTEX_POINT('',#466);
#468=STYLED_ITEM('',(#25),#469);
#469=FACE_SURFACE('',(#474),#470,.T.);
#470=PLANE('',#471);
#471=AXIS2_PLACEMENT_3D('',#40,#472,#473);
#472=DIRECTION('',(0,0,-1));
#473=DIRECTION('',(0,1,0));
#474=FACE_BOUND('',#475,.T.);
#475=EDGE_LOOP('',(#476,#477,#478));
#476=ORIENTED_EDGE('',*,*,#479,.T.);
#477=ORIENTED_EDGE('',*,*,#480,.T.);
#478=ORIENTED_EDGE('',*,*,#481,.T.);
#479=EDGE_CURVE('',#41,#43,#482,.F.);
#480=EDGE_CURVE('',#43,#45,#483,.T.);
#481=EDGE_CURVE('',#45,#41,#484,.T.);
#482=LINE('',#40,#485);
#483=LINE('',#42,#486);
#484=LINE('',#44,#487);
#485=VECTOR('',#488,1.0);
#486=VECTOR('',#489,1.0);
#487=VECTOR('',#490,1.0);
#488=DIRECTION('',(0,1,0));
#489=DIRECTION('',(0.7432913264852958,-0.6689678646779151,0));
#490=DIRECTION('',(-1,0,0));
#491=FACE_SURFACE('',(#496),#492,.T.);
#492=PLANE('',#493);
#493=AXIS2_PLACEMENT_3D('',#44,#494,#495);
#494=DIRECTION('',(0,0,-1));
#495=DIRECTION('',(-0.7432913264852958,0.6689678646779151,0));
#496=FACE_BOUND('',#497,.T.);
#497=EDGE_LOOP('',(#498,#499,#500));
#498=ORIENTED_EDGE('',*,*,#501,.T.);
#499=ORIENTED_EDGE('',*,*,#502,.T.);
#500=ORIENTED_EDGE('',*,*,#503,.T.);
#501=EDGE_CURVE('',#45,#43,#504,.F.);
#502=EDGE_CURVE('',#43,#47,#505,.T.);
#503=EDGE_CURVE('',#47,#45,#506,.T.);
#504=LINE('',#44,#507);
#505=LINE('',#42,#508);
#506=LINE('',#46,#509);
#507=VECTOR('',#510,1.0);
#508=VECTOR('',#511,1.0);
#509=VECTOR('',#512,1.0);
#510=DIRECTION('',(-0.7432913264852958,0.6689678646779151,0));
#511=DIRECTION('',(0.8574958119412139,0.5144909450158265,0));
#512=DIRECTION('',(0,-1,0));
#513=FACE_SURFACE('',(#518),#514,.T.);
#514=PLANE('',#515);
#515=AXIS2_PLACEMENT_3D('',#46,#516,#517);
#516=DIRECTION('',(-0,0,-1));
#517=DIRECTION('',(-0.8574958119412139,-0.5144909450158265,0));
#518=FACE_BOUND('',#519,.T.);
#519=EDGE_LOOP('',(#520,#521,#522));
#520=ORIENTED_EDGE('',*,*,#523,.T.);
#521=ORIENTED_EDGE('',*,*,#524,.T.);
#522=ORIENTED_EDGE('',*,*,#525,.T.);
#523=EDGE_CURVE('',#47,#43,#526,.F.);
#524=EDGE_CURVE('',#43,#49,#527,.T.);
#525=EDGE_CURVE('',#49,#47,#528,.T.);
#526=LINE('',#46,#529);
#527=LINE('',#42,#530);
#528=LINE('',#48,#531);
#529=VECTOR('',#532,1.0);
#530=VECTOR('',#533,1.0);
#531=VECTOR('',#534,1.0);
#532=DIRECTION('',(-0.8574958119412139,-0.5144909450158265,0));
#533=DIRECTION('',(-0.0830323710245433,0.9965468505604955,0));
#534=DIRECTION('',(1,0,0));
#535=FACE_SURFACE('',(#540),#536,.T.);
#536=PLANE('',#537);
#537=AXIS2_PLACEMENT_3D('',#48,#538,#539);
#538=DIRECTION('',(0,0,-1));
#539=DIRECTION('',(0.0830323710245433,-0.9965468505604955,0));
#540=FACE_BOUND('',#541,.T.);
#541=EDGE_LOOP('',(#542,#543,#544));
#542=ORIENTED_EDGE('',*,*,#545,.T.);
#543=ORIENTED_EDGE('',*,*,#546,.T.);
#544=ORIENTED_EDGE('',*,*,#547,.T.);
#545=EDGE_CURVE('',#49,#43,#548,.F.);
#546=EDGE_CURVE('',#43,#51,#549,.T.);
#547=EDGE_CURVE('',#51,#49,#550,.T.);
#548=LINE('',#48,#551);
#549=LINE('',#42,#552);
#550=LINE('',#50,#553);
#551=VECTOR('',#554,1.0);
#552=VECTOR('',#555,1.0);
#553=VECTOR('',#556,1.0);
#554=DIRECTION('',(0.0830323710245433,-0.9965468505604955,0));
#555=DIRECTION('',(-1,0,0));
#556=DIRECTION('',(0,1,0));
#557=FACE_SURFACE('',(#562),#558,.T.);
#558=PLANE('',#559);
#559=AXIS2_PLACEMENT_3D('',#52,#560,#561);
#560=DIRECTION('',(0.9999829011601551,0.005847853223158801,-0));
#561=DIRECTION('',(0,0,1));
#562=FACE_BOUND('',#563,.T.);
#563=EDGE_LOOP('',(#564,#565,#566));
#564=ORIENTED_EDGE('',*,*,#567,.T.);
#565=ORIENTED_EDGE('',*,*,#568,.T.);
#566=ORIENTED_EDGE('',*,*,#569,.T.);
#567=EDGE_CURVE('',#53,#55,#570,.F.);
#568=EDGE_CURVE('',#55,#57,#571,.T.);
#569=EDGE_CURVE('',#57,#53,#572,.T.);
#570=LINE('',#52,#573);
#571=LINE('',#54,#574);
#572=LINE('',#56,#575);
#573=VECTOR('',#576,1.0);
#574=VECTOR('',#577,1.0);
#575=VECTOR('',#578,1.0);
#576=DIRECTION('',(0,0,1));
#577=DIRECTION('',(1.90734853135894E-06,-0.00032615659886237877,-0.999999946809116));
#578=DIRECTION('',(-0.005847853223158801,0.9999829011601551,0));
#579=FACE_SURFACE('',(#584),#580,.T.);
#580=PLANE('',#581);
#581=AXIS2_PLACEMENT_3D('',#56,#582,#583);
#582=DIRECTION('',(0.9999829011601551,0.005847853223158801,-0));
#583=DIRECTION('',(-1.90734853135894E-06,0.00032615659886237877,0.999999946809116));
#584=FACE_BOUND('',#585,.T.);
#585=EDGE_LOOP('',(#586,#587,#588));
#586=ORIENTED_EDGE('',*,*,#589,.T.);
#587=ORIENTED_EDGE('',*,*,#590,.T.);
#588=ORIENTED_EDGE('',*,*,#591,.T.);
#589=EDGE_CURVE('',#57,#55,#592,.F.);
#590=EDGE_CURVE('',#55,#59,#593,.T.);
#591=EDGE_CURVE('',#59,#57,#594,.T.);
#592=LINE('',#56,#595);
#593=LINE('',#54,#596);
#594=LINE('',#58,#597);
#595=VECTOR('',#598,1.0);
#596=VECTOR('',#599,1.0);
#597=VECTOR('',#600,1.0);
#598=DIRECTION('',(-1.90734853135894E-06,0.00032615659886237877,0.999999946809116));
#599=DIRECTION('',(0.005847853223158801,-0.9999829011601551,0));
#600=DIRECTION('',(0,0,-1));
#601=FACE_SURFACE('',(#606),#602,.T.);
#602=PLANE('',#603);
#603=AXIS2_PLACEMENT_3D('',#60,#604,#605);
#604=DIRECTION('',(-0.9999829011601551,-0.005847853223158801,-0));
#605=DIRECTION('',(0,0,-1));
#606=FACE_BOUND('',#607,.T.);
#607=EDGE_LOOP('',(#608,#609,#610));
#608=ORIENTED_EDGE('',*,*,#611,.T.);
#609=ORIENTED_EDGE('',*,*,#612,.T.);
#610=ORIENTED_EDGE('',*,*,#613,.T.);
#611=EDGE_CURVE('',#61,#63,#614,.F.);
#612=EDGE_CURVE('',#63,#65,#615,.T.);
#613=EDGE_CURVE('',#65,#61,#616,.T.);
#614=LINE('',#60,#617);
#615=LINE('',#62,#618);
#616=LINE('',#64,#619);
#617=VECTOR('',#620,1.0);
#618=VECTOR('',#621,1.0);
#619=VECTOR('',#622,1.0);
#620=DIRECTION('',(0,0,-1));
#621=DIRECTION('',(1.90734853135894E-06,-0.00032615659886237877,0.999999946809116));
#622=DIRECTION('',(-0.005847853223158801,0.9999829011601551,0));
#623=FACE_SURFACE('',(#628),#624,.T.);
#624=PLANE('',#625);
#625=AXIS2_PLACEMENT_3D('',#64,#626,#627);
#626=DIRECTION('',(-0.9999829011601551,-0.005847853223158801,-0));
#627=DIRECTION('',(-1.90734853135894E-06,0.00032615659886237877,-0.999999946809116));
#628=FACE_BOUND('',#629,.T.);
#629=EDGE_LOOP('',(#630,#631,#632));
#630=ORIENTED_EDGE('',*,*,#633,.T.);
#631=ORIENTED_EDGE('',*,*,#634,.T.);
#632=ORIENTED_EDGE('',*,*,#635,.T.);
#633=EDGE_CURVE('',#65,#63,#636,.F.);
#634=EDGE_CURVE('',#63,#67,#637,.T.);
#635=EDGE_CURVE('',#67,#65,#638,.T.);
#636=LINE('',#64,#639);
#637=LINE('',#62,#640);
#638=LINE('',#66,#641);
#639=VECTOR('',#642,1.0);
#640=VECTOR('',#643,1.0);
#641=VECTOR('',#644,1.0);
#642=DIRECTION('',(-1.90734853135894E-06,0.00032615659886237877,-0.999999946809116));
#643=DIRECTION('',(0.005847853223158801,-0.9999829011601551,0));
#644=DIRECTION('',(0,0,1));
#645=FACE_SURFACE('',(#650),#646,.T.);
#646=PLANE('',#647);
#647=AXIS2_PLACEMENT_3D('',#42,#648,#649);
#648=DIRECTION('',(-0,-0,-1));
#649=DIRECTION('',(0,-1,0));
#650=FACE_BOUND('',#651,.T.);
#651=EDGE_LOOP('',(#652,#653,#654));
#652=ORIENTED_EDGE('',*,*,#655,.T.);
#653=ORIENTED_EDGE('',*,*,#656,.T.);
#654=ORIENTED_EDGE('',*,*,#657,.T.);
#655=EDGE_CURVE('',#43,#41,#658,.F.);
#656=EDGE_CURVE('',#41,#51,#659,.T.);
#657=EDGE_CURVE('',#51,#43,#660,.T.);
#658=LINE('',#42,#661);
#659=LINE('',#40,#662);
#660=LINE('',#50,#663);
#661=VECTOR('',#664,1.0);
#662=VECTOR('',#665,1.0);
#663=VECTOR('',#666,1.0);
#664=DIRECTION('',(0,-1,0));
#665=DIRECTION('',(-0.05546005819704734,0.998460906568094,0));
#666=DIRECTION('',(1,0,0));
#667=FACE_SURFACE('',(#672),#668,.T.);
#668=PLANE('',#669);
#669=AXIS2_PLACEMENT_3D('',#50,#670,#671);
#670=DIRECTION('',(-0,-0,-1));
#671=DIRECTION('',(0.05546005819704734,-0.998460906568094,0));
#672=FACE_BOUND('',#673,.T.);
#673=EDGE_LOOP('',(#674,#675,#676));
#674=ORIENTED_EDGE('',*,*,#677,.T.);
#675=ORIENTED_EDGE('',*,*,#678,.T.);
#676=ORIENTED_EDGE('',*,*,#679,.T.);
#677=EDGE_CURVE('',#51,#41,#680,.F.);
#678=EDGE_CURVE('',#41,#69,#681,.T.);
#679=EDGE_CURVE('',#69,#51,#682,.T.);
#680=LINE('',#50,#683);
#681=LINE('',#40,#684);
#682=LINE('',#68,#685);
#683=VECTOR('',#686,1.0);
#684=VECTOR('',#687,1.0);
#685=VECTOR('',#688,1.0);
#686=DIRECTION('',(0.05546005819704734,-0.998460906568094,0));
#687=DIRECTION('',(-0.302115361885005,0.9532713717053988,0));
#688=DIRECTION('',(0.3099463361003148,-0.9507540527065823,0));
#689=FACE_SURFACE('',(#694),#690,.T.);
#690=PLANE('',#691);
#691=AXIS2_PLACEMENT_3D('',#50,#692,#693);
#692=DIRECTION('',(0,0,-1));
#693=DIRECTION('',(-0.3099463361003148,0.9507540527065823,0));
#694=FACE_BOUND('',#695,.T.);
#695=EDGE_LOOP('',(#696,#697,#698));
#696=ORIENTED_EDGE('',*,*,#699,.T.);
#697=ORIENTED_EDGE('',*,*,#700,.T.);
#698=ORIENTED_EDGE('',*,*,#701,.T.);
#699=EDGE_CURVE('',#51,#69,#702,.F.);
#700=EDGE_CURVE('',#69,#49,#703,.T.);
#701=EDGE_CURVE('',#49,#51,#704,.T.);
#702=LINE('',#50,#705);
#703=LINE('',#68,#706);
#704=LINE('',#48,#707);
#705=VECTOR('',#708,1.0);
#706=VECTOR('',#709,1.0);
#707=VECTOR('',#710,1.0);
#708=DIRECTION('',(-0.3099463361003148,0.9507540527065823,0));
#709=DIRECTION('',(0.31656258497911544,-0.9485716260732978,0));
#710=DIRECTION('',(0,-1,0));
#711=FACE_SURFACE('',(#716),#712,.T.);
#712=PLANE('',#713);
#713=AXIS2_PLACEMENT_3D('',#48,#714,#715);
#714=DIRECTION('',(0,0,-1));
#715=DIRECTION('',(-0.31656258497911544,0.9485716260732978,0));
#716=FACE_BOUND('',#717,.T.);
#717=EDGE_LOOP('',(#718,#719,#720));
#718=ORIENTED_EDGE('',*,*,#721,.T.);
#719=ORIENTED_EDGE('',*,*,#722,.T.);
#720=ORIENTED_EDGE('',*,*,#723,.T.);
#721=EDGE_CURVE('',#49,#69,#724,.F.);
#722=EDGE_CURVE('',#69,#47,#725,.T.);
#723=EDGE_CURVE('',#47,#49,#726,.T.);
#724=LINE('',#48,#727);
#725=LINE('',#68,#728);
#726=LINE('',#46,#729);
#727=VECTOR('',#730,1.0);
#728=VECTOR('',#731,1.0);
#729=VECTOR('',#732,1.0);
#730=DIRECTION('',(-0.31656258497911544,0.9485716260732978,0));
#731=DIRECTION('',(0.35128288863637724,-0.9362693694398436,0));
#732=DIRECTION('',(-1,0,0));
#733=FACE_SURFACE('',(#738),#734,.T.);
#734=PLANE('',#735);
#735=AXIS2_PLACEMENT_3D('',#46,#736,#737);
#736=DIRECTION('',(0,0,-1));
#737=DIRECTION('',(-0.35128288863637724,0.9362693694398436,0));
#738=FACE_BOUND('',#739,.T.);
#739=EDGE_LOOP('',(#740,#741,#742));
#740=ORIENTED_EDGE('',*,*,#743,.T.);
#741=ORIENTED_EDGE('',*,*,#744,.T.);
#742=ORIENTED_EDGE('',*,*,#745,.T.);
#743=EDGE_CURVE('',#47,#69,#746,.F.);
#744=EDGE_CURVE('',#69,#71,#747,.T.);
#745=EDGE_CURVE('',#71,#47,#748,.T.);
#746=LINE('',#46,#749);
#747=LINE('',#68,#750);
#748=LINE('',#70,#751);
#749=VECTOR('',#752,1.0);
#750=VECTOR('',#753,1.0);
#751=VECTOR('',#754,1.0);
#752=DIRECTION('',(-0.35128288863637724,0.9362693694398436,0));
#753=DIRECTION('',(0.8951777085864606,-0.44570940089916644,0));
#754=DIRECTION('',(-0.9992322690356535,-0.03917744909842217,0));
#755=FACE_SURFACE('',(#760),#756,.T.);
#756=PLANE('',#757);
#757=AXIS2_PLACEMENT_3D('',#46,#758,#759);
#758=DIRECTION('',(0,0,-1));
#759=DIRECTION('',(0.9992322690356535,0.03917744909842217,0));
#760=FACE_BOUND('',#761,.T.);
#761=EDGE_LOOP('',(#762,#763,#764));
#762=ORIENTED_EDGE('',*,*,#765,.T.);
#763=ORIENTED_EDGE('',*,*,#766,.T.);
#764=ORIENTED_EDGE('',*,*,#767,.T.);
#765=EDGE_CURVE('',#47,#71,#768,.F.);
#766=EDGE_CURVE('',#71,#73,#769,.T.);
#767=EDGE_CURVE('',#73,#47,#770,.T.);
#768=LINE('',#46,#771);
#769=LINE('',#70,#772);
#770=LINE('',#72,#773);
#771=VECTOR('',#774,1.0);
#772=VECTOR('',#775,1.0);
#773=VECTOR('',#776,1.0);
#774=DIRECTION('',(0.9992322690356535,0.03917744909842217,0));
#775=DIRECTION('',(-0.3826439243330663,-0.9238958962843112,0));
#776=DIRECTION('',(-0.9999691463444129,-0.007855339536007474,0));
#777=FACE_SURFACE('',(#782),#778,.T.);
#778=PLANE('',#779);
#779=AXIS2_PLACEMENT_3D('',#68,#780,#781);
#780=DIRECTION('',(0,0,-1));
#781=DIRECTION('',(0.302115361885005,-0.9532713717053988,0));
#782=FACE_BOUND('',#783,.T.);
#783=EDGE_LOOP('',(#784,#785,#786));
#784=ORIENTED_EDGE('',*,*,#787,.T.);
#785=ORIENTED_EDGE('',*,*,#788,.T.);
#786=ORIENTED_EDGE('',*,*,#789,.T.);
#787=EDGE_CURVE('',#69,#41,#790,.F.);
#788=EDGE_CURVE('',#41,#75,#791,.T.);
#789=EDGE_CURVE('',#75,#69,#792,.T.);
#790=LINE('',#68,#793);
#791=LINE('',#40,#794);
#792=LINE('',#74,#795);
#793=VECTOR('',#796,1.0);
#794=VECTOR('',#797,1.0);
#795=VECTOR('',#798,1.0);
#796=DIRECTION('',(0.302115361885005,-0.9532713717053988,0));
#797=DIRECTION('',(-0.019558938503090425,-0.999808705665555,0));
#798=DIRECTION('',(0,1,0));
#799=FACE_SURFACE('',(#804),#800,.T.);
#800=PLANE('',#801);
#801=AXIS2_PLACEMENT_3D('',#74,#802,#803);
#802=DIRECTION('',(0,0,-1));
#803=DIRECTION('',(0.019558938503090425,0.999808705665555,0));
#804=FACE_BOUND('',#805,.T.);
#805=EDGE_LOOP('',(#806,#807,#808));
#806=ORIENTED_EDGE('',*,*,#809,.T.);
#807=ORIENTED_EDGE('',*,*,#810,.T.);
#808=ORIENTED_EDGE('',*,*,#811,.T.);
#809=EDGE_CURVE('',#75,#41,#812,.F.);
#810=EDGE_CURVE('',#41,#45,#813,.T.);
#811=EDGE_CURVE('',#45,#75,#814,.T.);
#812=LINE('',#74,#815);
#813=LINE('',#40,#816);
#814=LINE('',#44,#817);
#815=VECTOR('',#818,1.0);
#816=VECTOR('',#819,1.0);
#817=VECTOR('',#820,1.0);
#818=DIRECTION('',(0.019558938503090425,0.999808705665555,0));
#819=DIRECTION('',(1,0,0));
#820=DIRECTION('',(-0.02185896136189982,-0.9997610643589692,0));
#821=FACE_SURFACE('',(#826),#822,.T.);
#822=PLANE('',#823);
#823=AXIS2_PLACEMENT_3D('',#74,#824,#825);
#824=DIRECTION('',(0,0,-1));
#825=DIRECTION('',(0.02185896136189982,0.9997610643589692,0));
#826=FACE_BOUND('',#827,.T.);
#827=EDGE_LOOP('',(#828,#829,#830));
#828=ORIENTED_EDGE('',*,*,#831,.T.);
#829=ORIENTED_EDGE('',*,*,#832,.T.);
#830=ORIENTED_EDGE('',*,*,#833,.T.);
#831=EDGE_CURVE('',#75,#45,#834,.F.);
#832=EDGE_CURVE('',#45,#77,#835,.T.);
#833=EDGE_CURVE('',#77,#75,#836,.T.);
#834=LINE('',#74,#837);
#835=LINE('',#44,#838);
#836=LINE('',#76,#839);
#837=VECTOR('',#840,1.0);
#838=VECTOR('',#841,1.0);
#839=VECTOR('',#842,1.0);
#840=DIRECTION('',(0.02185896136189982,0.9997610643589692,0));
#841=DIRECTION('',(0.09159247793297272,-0.9957965746005044,0));
#842=DIRECTION('',(-0.8835549083157039,-0.4683275819244773,0));
#843=FACE_SURFACE('',(#848),#844,.T.);
#844=PLANE('',#845);
#845=AXIS2_PLACEMENT_3D('',#76,#846,#847);
#846=DIRECTION('',(0,0,-1));
#847=DIRECTION('',(-0.09159247793297272,0.9957965746005044,0));
#848=FACE_BOUND('',#849,.T.);
#849=EDGE_LOOP('',(#850,#851,#852));
#850=ORIENTED_EDGE('',*,*,#853,.T.);
#851=ORIENTED_EDGE('',*,*,#854,.T.);
#852=ORIENTED_EDGE('',*,*,#855,.T.);
#853=EDGE_CURVE('',#77,#45,#856,.F.);
#854=EDGE_CURVE('',#45,#79,#857,.T.);
#855=EDGE_CURVE('',#79,#77,#858,.T.);
#856=LINE('',#76,#859);
#857=LINE('',#44,#860);
#858=LINE('',#78,#861);
#859=VECTOR('',#862,1.0);
#860=VECTOR('',#863,1.0);
#861=VECTOR('',#864,1.0);
#862=DIRECTION('',(-0.09159247793297272,0.9957965746005044,0));
#863=DIRECTION('',(0.09229249566465832,-0.995731939451572,0));
#864=DIRECTION('',(-0.13053540432077632,-0.9914436485342026,0));
#865=FACE_SURFACE('',(#870),#866,.T.);
#866=PLANE('',#867);
#867=AXIS2_PLACEMENT_3D('',#78,#868,#869);
#868=DIRECTION('',(0,0,-1));
#869=DIRECTION('',(-0.09229249566465832,0.995731939451572,0));
#870=FACE_BOUND('',#871,.T.);
#871=EDGE_LOOP('',(#872,#873,#874));
#872=ORIENTED_EDGE('',*,*,#875,.T.);
#873=ORIENTED_EDGE('',*,*,#876,.T.);
#874=ORIENTED_EDGE('',*,*,#877,.T.);
#875=EDGE_CURVE('',#79,#45,#878,.F.);
#876=EDGE_CURVE('',#45,#81,#879,.T.);
#877=EDGE_CURVE('',#81,#79,#880,.T.);
#878=LINE('',#78,#881);
#879=LINE('',#44,#882);
#880=LINE('',#80,#883);
#881=VECTOR('',#884,1.0);
#882=VECTOR('',#885,1.0);
#883=VECTOR('',#886,1.0);
#884=DIRECTION('',(-0.09229249566465832,0.995731939451572,0));
#885=DIRECTION('',(0.9997799727084299,-0.02097632406145759,0));
#886=DIRECTION('',(-1.966280628035595E-06,-0.9999999999980669,0));
#887=FACE_SURFACE('',(#892),#888,.T.);
#888=PLANE('',#889);
#889=AXIS2_PLACEMENT_3D('',#78,#890,#891);
#890=DIRECTION('',(0,0,-1));
#891=DIRECTION('',(1.966280628035595E-06,0.9999999999980669,0));
#892=FACE_BOUND('',#893,.T.);
#893=EDGE_LOOP('',(#894,#895,#896));
#894=ORIENTED_EDGE('',*,*,#897,.T.);
#895=ORIENTED_EDGE('',*,*,#898,.T.);
#896=ORIENTED_EDGE('',*,*,#899,.T.);
#897=EDGE_CURVE('',#79,#81,#900,.F.);
#898=EDGE_CURVE('',#81,#83,#901,.T.);
#899=EDGE_CURVE('',#83,#79,#902,.T.);
#900=LINE('',#78,#903);
#901=LINE('',#80,#904);
#902=LINE('',#82,#905);
#903=VECTOR('',#906,1.0);
#904=VECTOR('',#907,1.0);
#905=VECTOR('',#908,1.0);
#906=DIRECTION('',(1.966280628035595E-06,0.9999999999980669,0));
#907=DIRECTION('',(0.0012276894321895928,-0.999999246389045,0));
#908=DIRECTION('',(-0.3826804604958138,-0.9238807634942466,0));
#909=FACE_SURFACE('',(#914),#910,.T.);
#910=PLANE('',#911);
#911=AXIS2_PLACEMENT_3D('',#82,#912,#913);
#912=DIRECTION('',(0,0,-1));
#913=DIRECTION('',(-0.0012276894321895928,0.999999246389045,0));
#914=FACE_BOUND('',#915,.T.);
#915=EDGE_LOOP('',(#916,#917,#918));
#916=ORIENTED_EDGE('',*,*,#919,.T.);
#917=ORIENTED_EDGE('',*,*,#920,.T.);
#918=ORIENTED_EDGE('',*,*,#921,.T.);
#919=EDGE_CURVE('',#83,#81,#922,.F.);
#920=EDGE_CURVE('',#81,#85,#923,.T.);
#921=EDGE_CURVE('',#85,#83,#924,.T.);
#922=LINE('',#82,#925);
#923=LINE('',#80,#926);
#924=LINE('',#84,#927);
#925=VECTOR('',#928,1.0);
#926=VECTOR('',#929,1.0);
#927=VECTOR('',#930,1.0);
#928=DIRECTION('',(-0.0012276894321895928,0.999999246389045,0));
#929=DIRECTION('',(0.3832581805718321,-0.923641254505649,0));
#930=DIRECTION('',(-3.7205009894509073E-06,-0.999999999993079,0));
#931=FACE_SURFACE('',(#936),#932,.T.);
#932=PLANE('',#933);
#933=AXIS2_PLACEMENT_3D('',#82,#934,#935);
#934=DIRECTION('',(0,0,-1));
#935=DIRECTION('',(3.7205009894509073E-06,0.999999999993079,0));
#936=FACE_BOUND('',#937,.T.);
#937=EDGE_LOOP('',(#938,#939,#940));
#938=ORIENTED_EDGE('',*,*,#941,.T.);
#939=ORIENTED_EDGE('',*,*,#942,.T.);
#940=ORIENTED_EDGE('',*,*,#943,.T.);
#941=EDGE_CURVE('',#83,#85,#944,.F.);
#942=EDGE_CURVE('',#85,#87,#945,.T.);
#943=EDGE_CURVE('',#87,#83,#946,.T.);
#944=LINE('',#82,#947);
#945=LINE('',#84,#948);
#946=LINE('',#86,#949);
#947=VECTOR('',#950,1.0);
#948=VECTOR('',#951,1.0);
#949=VECTOR('',#952,1.0);
#950=DIRECTION('',(3.7205009894509073E-06,0.999999999993079,0));
#951=DIRECTION('',(0.0019632711568687783,-0.9999980727813251,0));
#952=DIRECTION('',(-0.6087640334084832,-0.7933513418582181,0));
#953=FACE_SURFACE('',(#958),#954,.T.);
#954=PLANE('',#955);
#955=AXIS2_PLACEMENT_3D('',#86,#956,#957);
#956=DIRECTION('',(0,0,-1));
#957=DIRECTION('',(-0.0019632711568687783,0.9999980727813251,0));
#958=FACE_BOUND('',#959,.T.);
#959=EDGE_LOOP('',(#960,#961,#962));
#960=ORIENTED_EDGE('',*,*,#963,.T.);
#961=ORIENTED_EDGE('',*,*,#964,.T.);
#962=ORIENTED_EDGE('',*,*,#965,.T.);
#963=EDGE_CURVE('',#87,#85,#966,.F.);
#964=EDGE_CURVE('',#85,#89,#967,.T.);
#965=EDGE_CURVE('',#89,#87,#968,.T.);
#966=LINE('',#86,#969);
#967=LINE('',#84,#970);
#968=LINE('',#88,#971);
#969=VECTOR('',#972,1.0);
#970=VECTOR('',#973,1.0);
#971=VECTOR('',#974,1.0);
#972=DIRECTION('',(-0.0019632711568687783,0.9999980727813251,0));
#973=DIRECTION('',(0.6092240296187931,-0.7929981599821276,0));
#974=DIRECTION('',(-5.017716919330359E-06,-0.9999999999874113,0));
#975=FACE_SURFACE('',(#980),#976,.T.);
#976=PLANE('',#977);
#977=AXIS2_PLACEMENT_3D('',#86,#978,#979);
#978=DIRECTION('',(0,0,-1));
#979=DIRECTION('',(5.017716919330359E-06,0.9999999999874113,0));
#980=FACE_BOUND('',#981,.T.);
#981=EDGE_LOOP('',(#982,#983,#984));
#982=ORIENTED_EDGE('',*,*,#985,.T.);
#983=ORIENTED_EDGE('',*,*,#986,.T.);
#984=ORIENTED_EDGE('',*,*,#987,.T.);
#985=EDGE_CURVE('',#87,#89,#988,.F.);
#986=EDGE_CURVE('',#89,#91,#989,.T.);
#987=EDGE_CURVE('',#91,#87,#990,.T.);
#988=LINE('',#86,#991);
#989=LINE('',#88,#992);
#990=LINE('',#90,#993);
#991=VECTOR('',#994,1.0);
#992=VECTOR('',#995,1.0);
#993=VECTOR('',#996,1.0);
#994=DIRECTION('',(5.017716919330359E-06,0.9999999999874113,0));
#995=DIRECTION('',(0.002570012367486233,-0.9999966975127623,0));
#996=DIRECTION('',(-0.793352983916918,-0.6087618934444915,0));
#997=FACE_SURFACE('',(#1002),#998,.T.);
#998=PLANE('',#999);
#999=AXIS2_PLACEMENT_3D('',#90,#1000,#1001);
#1000=DIRECTION('',(0,0,-1));
#1001=DIRECTION('',(-0.002570012367486233,0.9999966975127623,0));
#1002=FACE_BOUND('',#1003,.T.);
#1003=EDGE_LOOP('',(#1004,#1005,#1006));
#1004=ORIENTED_EDGE('',*,*,#1007,.T.);
#1005=ORIENTED_EDGE('',*,*,#1008,.T.);
#1006=ORIENTED_EDGE('',*,*,#1009,.T.);
#1007=EDGE_CURVE('',#91,#89,#1010,.F.);
#1008=EDGE_CURVE('',#89,#93,#1011,.T.);
#1009=EDGE_CURVE('',#93,#91,#1012,.T.);
#1010=LINE('',#90,#1013);
#1011=LINE('',#88,#1014);
#1012=LINE('',#92,#1015);
#1013=VECTOR('',#1016,1.0);
#1014=VECTOR('',#1017,1.0);
#1015=VECTOR('',#1018,1.0);
#1016=DIRECTION('',(-0.002570012367486233,0.9999966975127623,0));
#1017=DIRECTION('',(0.7936903273977238,-0.6083220069957144,0));
#1018=DIRECTION('',(-5.893014741012667E-06,-0.9999999999826362,0));
#1019=FACE_SURFACE('',(#1024),#1020,.T.);
#1020=PLANE('',#1021);
#1021=AXIS2_PLACEMENT_3D('',#90,#1022,#1023);
#1022=DIRECTION('',(0,0,-1));
#1023=DIRECTION('',(5.893014741012667E-06,0.9999999999826362,0));
#1024=FACE_BOUND('',#1025,.T.);
#1025=EDGE_LOOP('',(#1026,#1027,#1028));
#1026=ORIENTED_EDGE('',*,*,#1029,.T.);
#1027=ORIENTED_EDGE('',*,*,#1030,.T.);
#1028=ORIENTED_EDGE('',*,*,#1031,.T.);
#1029=EDGE_CURVE('',#91,#93,#1032,.F.);
#1030=EDGE_CURVE('',#93,#95,#1033,.T.);
#1031=EDGE_CURVE('',#95,#91,#1034,.T.);
#1032=LINE('',#90,#1035);
#1033=LINE('',#92,#1036);
#1034=LINE('',#94,#1037);
#1035=VECTOR('',#1038,1.0);
#1036=VECTOR('',#1039,1.0);
#1037=VECTOR('',#1040,1.0);
#1038=DIRECTION('',(5.893014741012667E-06,0.9999999999826362,0));
#1039=DIRECTION('',(0.0030025551435937433,-0.9999954923211453,0));
#1040=DIRECTION('',(-0.923877737109574,-0.382687766819496,0));
#1041=FACE_SURFACE('',(#1046),#1042,.T.);
#1042=PLANE('',#1043);
#1043=AXIS2_PLACEMENT_3D('',#94,#1044,#1045);
#1044=DIRECTION('',(0,0,-1));
#1045=DIRECTION('',(-0.0030025551435937433,0.9999954923211453,0));
#1046=FACE_BOUND('',#1047,.T.);
#1047=EDGE_LOOP('',(#1048,#1049,#1050));
#1048=ORIENTED_EDGE('',*,*,#1051,.T.);
#1049=ORIENTED_EDGE('',*,*,#1052,.T.);
#1050=ORIENTED_EDGE('',*,*,#1053,.T.);
#1051=EDGE_CURVE('',#95,#93,#1054,.F.);
#1052=EDGE_CURVE('',#93,#97,#1055,.T.);
#1053=EDGE_CURVE('',#97,#95,#1056,.T.);
#1054=LINE('',#94,#1057);
#1055=LINE('',#92,#1058);
#1056=LINE('',#96,#1059);
#1057=VECTOR('',#1060,1.0);
#1058=VECTOR('',#1061,1.0);
#1059=VECTOR('',#1062,1.0);
#1060=DIRECTION('',(-0.0030025551435937433,0.9999954923211453,0));
#1061=DIRECTION('',(0.9240816268599302,-0.3821951685983283,0));
#1062=DIRECTION('',(-6.193566927720268E-06,-0.9999999999808199,0));
#1063=FACE_SURFACE('',(#1068),#1064,.T.);
#1064=PLANE('',#1065);
#1065=AXIS2_PLACEMENT_3D('',#94,#1066,#1067);
#1066=DIRECTION('',(0,0,-1));
#1067=DIRECTION('',(6.193566927720268E-06,0.9999999999808199,0));
#1068=FACE_BOUND('',#1069,.T.);
#1069=EDGE_LOOP('',(#1070,#1071,#1072));
#1070=ORIENTED_EDGE('',*,*,#1073,.T.);
#1071=ORIENTED_EDGE('',*,*,#1074,.T.);
#1072=ORIENTED_EDGE('',*,*,#1075,.T.);
#1073=EDGE_CURVE('',#95,#97,#1076,.F.);
#1074=EDGE_CURVE('',#97,#99,#1077,.T.);
#1075=EDGE_CURVE('',#99,#95,#1078,.T.);
#1076=LINE('',#94,#1079);
#1077=LINE('',#96,#1080);
#1078=LINE('',#98,#1081);
#1079=VECTOR('',#1082,1.0);
#1080=VECTOR('',#1083,1.0);
#1081=VECTOR('',#1084,1.0);
#1082=DIRECTION('',(6.193566927720268E-06,0.9999999999808199,0));
#1083=DIRECTION('',(0.0032275856935381378,-0.9999947913317303,0));
#1084=DIRECTION('',(-0.99144529064532,-0.13052293153778352,0));
#1085=FACE_SURFACE('',(#1090),#1086,.T.);
#1086=PLANE('',#1087);
#1087=AXIS2_PLACEMENT_3D('',#98,#1088,#1089);
#1088=DIRECTION('',(0,0,-1));
#1089=DIRECTION('',(-0.0032275856935381378,0.9999947913317303,0));
#1090=FACE_BOUND('',#1091,.T.);
#1091=EDGE_LOOP('',(#1092,#1093,#1094));
#1092=ORIENTED_EDGE('',*,*,#1095,.T.);
#1093=ORIENTED_EDGE('',*,*,#1096,.T.);
#1094=ORIENTED_EDGE('',*,*,#1097,.T.);
#1095=EDGE_CURVE('',#99,#97,#1098,.F.);
#1096=EDGE_CURVE('',#97,#101,#1099,.T.);
#1097=EDGE_CURVE('',#101,#99,#1100,.T.);
#1098=LINE('',#98,#1101);
#1099=LINE('',#96,#1102);
#1100=LINE('',#100,#1103);
#1101=VECTOR('',#1104,1.0);
#1102=VECTOR('',#1105,1.0);
#1103=VECTOR('',#1106,1.0);
#1104=DIRECTION('',(-0.0032275856935381378,0.9999947913317303,0));
#1105=DIRECTION('',(0.9915101638042156,-0.13002920853768843,0));
#1106=DIRECTION('',(-6.151149184753844E-06,-0.9999999999810816,0));
#1107=FACE_SURFACE('',(#1112),#1108,.T.);
#1108=PLANE('',#1109);
#1109=AXIS2_PLACEMENT_3D('',#98,#1110,#1111);
#1110=DIRECTION('',(0,0,-1));
#1111=DIRECTION('',(6.151149184753844E-06,0.9999999999810816,0));
#1112=FACE_BOUND('',#1113,.T.);
#1113=EDGE_LOOP('',(#1114,#1115,#1116));
#1114=ORIENTED_EDGE('',*,*,#1117,.T.);
#1115=ORIENTED_EDGE('',*,*,#1118,.T.);
#1116=ORIENTED_EDGE('',*,*,#1119,.T.);
#1117=EDGE_CURVE('',#99,#101,#1120,.F.);
#1118=EDGE_CURVE('',#101,#103,#1121,.T.);
#1119=EDGE_CURVE('',#103,#99,#1122,.T.);
#1120=LINE('',#98,#1123);
#1121=LINE('',#100,#1124);
#1122=LINE('',#102,#1125);
#1123=VECTOR('',#1126,1.0);
#1124=VECTOR('',#1127,1.0);
#1125=VECTOR('',#1128,1.0);
#1126=DIRECTION('',(6.151149184753844E-06,0.9999999999810816,0));
#1127=DIRECTION('',(0.003227675710798392,-0.9999947910411863,0));
#1128=DIRECTION('',(-0.9914455395896884,0.13052104055558156,0));
#1129=FACE_SURFACE('',(#1134),#1130,.T.);
#1130=PLANE('',#1131);
#1131=AXIS2_PLACEMENT_3D('',#102,#1132,#1133);
#1132=DIRECTION('',(0,0,-1));
#1133=DIRECTION('',(-0.003227675710798392,0.9999947910411863,0));
#1134=FACE_BOUND('',#1135,.T.);
#1135=EDGE_LOOP('',(#1136,#1137,#1138));
#1136=ORIENTED_EDGE('',*,*,#1139,.T.);
#1137=ORIENTED_EDGE('',*,*,#1140,.T.);
#1138=ORIENTED_EDGE('',*,*,#1141,.T.);
#1139=EDGE_CURVE('',#103,#101,#1142,.F.);
#1140=EDGE_CURVE('',#101,#105,#1143,.T.);
#1141=EDGE_CURVE('',#105,#103,#1144,.T.);
#1142=LINE('',#102,#1145);
#1143=LINE('',#100,#1146);
#1144=LINE('',#104,#1147);
#1145=VECTOR('',#1148,1.0);
#1146=VECTOR('',#1149,1.0);
#1147=VECTOR('',#1150,1.0);
#1148=DIRECTION('',(-0.003227675710798392,0.9999947910411863,0));
#1149=DIRECTION('',(0.9913828662435797,0.1309962309330492,0));
#1150=DIRECTION('',(-5.574192707330481E-06,-0.9999999999844642,0));
#1151=FACE_SURFACE('',(#1156),#1152,.T.);
#1152=PLANE('',#1153);
#1153=AXIS2_PLACEMENT_3D('',#102,#1154,#1155);
#1154=DIRECTION('',(0,0,-1));
#1155=DIRECTION('',(5.574192707330481E-06,0.9999999999844642,0));
#1156=FACE_BOUND('',#1157,.T.);
#1157=EDGE_LOOP('',(#1158,#1159,#1160));
#1158=ORIENTED_EDGE('',*,*,#1161,.T.);
#1159=ORIENTED_EDGE('',*,*,#1162,.T.);
#1160=ORIENTED_EDGE('',*,*,#1163,.T.);
#1161=EDGE_CURVE('',#103,#105,#1164,.F.);
#1162=EDGE_CURVE('',#105,#107,#1165,.T.);
#1163=EDGE_CURVE('',#107,#103,#1166,.T.);
#1164=LINE('',#102,#1167);
#1165=LINE('',#104,#1168);
#1166=LINE('',#106,#1169);
#1167=VECTOR('',#1170,1.0);
#1168=VECTOR('',#1171,1.0);
#1169=VECTOR('',#1172,1.0);
#1170=DIRECTION('',(5.574192707330481E-06,0.9999999999844642,0));
#1171=DIRECTION('',(0.003002825923916056,-0.9999954915080721,0));
#1172=DIRECTION('',(-0.9238755970610649,0.38269293324421466,0));
#1173=FACE_SURFACE('',(#1178),#1174,.T.);
#1174=PLANE('',#1175);
#1175=AXIS2_PLACEMENT_3D('',#106,#1176,#1177);
#1176=DIRECTION('',(0,0,-1));
#1177=DIRECTION('',(-0.003002825923916056,0.9999954915080721,0));
#1178=FACE_BOUND('',#1179,.T.);
#1179=EDGE_LOOP('',(#1180,#1181,#1182));
#1180=ORIENTED_EDGE('',*,*,#1183,.T.);
#1181=ORIENTED_EDGE('',*,*,#1184,.T.);
#1182=ORIENTED_EDGE('',*,*,#1185,.T.);
#1183=EDGE_CURVE('',#107,#105,#1186,.F.);
#1184=EDGE_CURVE('',#105,#109,#1187,.T.);
#1185=EDGE_CURVE('',#109,#107,#1188,.T.);
#1186=LINE('',#106,#1189);
#1187=LINE('',#104,#1190);
#1188=LINE('',#108,#1191);
#1189=VECTOR('',#1192,1.0);
#1190=VECTOR('',#1193,1.0);
#1191=VECTOR('',#1194,1.0);
#1192=DIRECTION('',(-0.003002825923916056,0.9999954915080721,0));
#1193=DIRECTION('',(0.9237078071984693,0.3830977511296503,0));
#1194=DIRECTION('',(-4.704878310052587E-06,-0.9999999999889321,0));
#1195=FACE_SURFACE('',(#1200),#1196,.T.);
#1196=PLANE('',#1197);
#1197=AXIS2_PLACEMENT_3D('',#106,#1198,#1199);
#1198=DIRECTION('',(0,0,-1));
#1199=DIRECTION('',(4.704878310052587E-06,0.9999999999889321,0));
#1200=FACE_BOUND('',#1201,.T.);
#1201=EDGE_LOOP('',(#1202,#1203,#1204));
#1202=ORIENTED_EDGE('',*,*,#1205,.T.);
#1203=ORIENTED_EDGE('',*,*,#1206,.T.);
#1204=ORIENTED_EDGE('',*,*,#1207,.T.);
#1205=EDGE_CURVE('',#107,#109,#1208,.F.);
#1206=EDGE_CURVE('',#109,#111,#1209,.T.);
#1207=EDGE_CURVE('',#111,#107,#1210,.T.);
#1208=LINE('',#106,#1211);
#1209=LINE('',#108,#1212);
#1210=LINE('',#110,#1213);
#1211=VECTOR('',#1214,1.0);
#1212=VECTOR('',#1215,1.0);
#1213=VECTOR('',#1216,1.0);
#1214=DIRECTION('',(4.704878310052587E-06,0.9999999999889321,0));
#1215=DIRECTION('',(0.002570372057673462,-0.9999966965882863,0));
#1216=DIRECTION('',(-0.7933583992601054,0.6087548359754058,0));
#1217=FACE_SURFACE('',(#1222),#1218,.T.);
#1218=PLANE('',#1219);
#1219=AXIS2_PLACEMENT_3D('',#110,#1220,#1221);
#1220=DIRECTION('',(0,0,-1));
#1221=DIRECTION('',(-0.002570372057673462,0.9999966965882863,0));
#1222=FACE_BOUND('',#1223,.T.);
#1223=EDGE_LOOP('',(#1224,#1225,#1226));
#1224=ORIENTED_EDGE('',*,*,#1227,.T.);
#1225=ORIENTED_EDGE('',*,*,#1228,.T.);
#1226=ORIENTED_EDGE('',*,*,#1229,.T.);
#1227=EDGE_CURVE('',#111,#109,#1230,.F.);
#1228=EDGE_CURVE('',#109,#113,#1231,.T.);
#1229=EDGE_CURVE('',#113,#111,#1232,.T.);
#1230=LINE('',#110,#1233);
#1231=LINE('',#108,#1234);
#1232=LINE('',#112,#1235);
#1233=VECTOR('',#1236,1.0);
#1234=VECTOR('',#1237,1.0);
#1235=VECTOR('',#1238,1.0);
#1236=DIRECTION('',(-0.002570372057673462,0.9999966965882863,0));
#1237=DIRECTION('',(0.7930961310174479,0.609096484118202,0));
#1238=DIRECTION('',(-3.5975774481269893E-06,-0.9999999999935287,0));
#1239=FACE_SURFACE('',(#1244),#1240,.T.);
#1240=PLANE('',#1241);
#1241=AXIS2_PLACEMENT_3D('',#110,#1242,#1243);
#1242=DIRECTION('',(0,0,-1));
#1243=DIRECTION('',(3.5975774481269893E-06,0.9999999999935287,0));
#1244=FACE_BOUND('',#1245,.T.);
#1245=EDGE_LOOP('',(#1246,#1247,#1248));
#1246=ORIENTED_EDGE('',*,*,#1249,.T.);
#1247=ORIENTED_EDGE('',*,*,#1250,.T.);
#1248=ORIENTED_EDGE('',*,*,#1251,.T.);
#1249=EDGE_CURVE('',#111,#113,#1252,.F.);
#1250=EDGE_CURVE('',#113,#115,#1253,.T.);
#1251=EDGE_CURVE('',#115,#111,#1254,.T.);
#1252=LINE('',#110,#1255);
#1253=LINE('',#112,#1256);
#1254=LINE('',#114,#1257);
#1255=VECTOR('',#1258,1.0);
#1256=VECTOR('',#1259,1.0);
#1257=VECTOR('',#1260,1.0);
#1258=DIRECTION('',(3.5975774481269893E-06,0.9999999999935287,0));
#1259=DIRECTION('',(0.001963393196476995,-0.9999980725417204,0));
#1260=DIRECTION('',(-0.6087640334084832,0.7933513418582181,0));
#1261=FACE_SURFACE('',(#1266),#1262,.T.);
#1262=PLANE('',#1263);
#1263=AXIS2_PLACEMENT_3D('',#114,#1264,#1265);
#1264=DIRECTION('',(0,0,-1));
#1265=DIRECTION('',(-0.001963393196476995,0.9999980725417204,0));
#1266=FACE_BOUND('',#1267,.T.);
#1267=EDGE_LOOP('',(#1268,#1269,#1270));
#1268=ORIENTED_EDGE('',*,*,#1271,.T.);
#1269=ORIENTED_EDGE('',*,*,#1272,.T.);
#1270=ORIENTED_EDGE('',*,*,#1273,.T.);
#1271=EDGE_CURVE('',#115,#113,#1274,.F.);
#1272=EDGE_CURVE('',#113,#117,#1275,.T.);
#1273=EDGE_CURVE('',#117,#115,#1276,.T.);
#1274=LINE('',#114,#1277);
#1275=LINE('',#112,#1278);
#1276=LINE('',#116,#1279);
#1277=VECTOR('',#1280,1.0);
#1278=VECTOR('',#1281,1.0);
#1279=VECTOR('',#1282,1.0);
#1280=DIRECTION('',(-0.001963393196476995,0.9999980725417204,0));
#1281=DIRECTION('',(0.6084507189626183,0.7935916598565493,0));
#1282=DIRECTION('',(-2.3547228428748492E-06,-0.9999999999972277,0));
#1283=FACE_SURFACE('',(#1288),#1284,.T.);
#1284=PLANE('',#1285);
#1285=AXIS2_PLACEMENT_3D('',#114,#1286,#1287);
#1286=DIRECTION('',(0,0,-1));
#1287=DIRECTION('',(2.3547228428748492E-06,0.9999999999972277,0));
#1288=FACE_BOUND('',#1289,.T.);
#1289=EDGE_LOOP('',(#1290,#1291,#1292));
#1290=ORIENTED_EDGE('',*,*,#1293,.T.);
#1291=ORIENTED_EDGE('',*,*,#1294,.T.);
#1292=ORIENTED_EDGE('',*,*,#1295,.T.);
#1293=EDGE_CURVE('',#115,#117,#1296,.F.);
#1294=EDGE_CURVE('',#117,#119,#1297,.T.);
#1295=EDGE_CURVE('',#119,#115,#1298,.T.);
#1296=LINE('',#114,#1299);
#1297=LINE('',#116,#1300);
#1298=LINE('',#118,#1301);
#1299=VECTOR('',#1302,1.0);
#1300=VECTOR('',#1303,1.0);
#1301=VECTOR('',#1304,1.0);
#1302=DIRECTION('',(2.3547228428748492E-06,0.9999999999972277,0));
#1303=DIRECTION('',(0.001227299701484459,-0.9999992468674377,0));
#1304=DIRECTION('',(-0.3826804604958138,0.9238807634942466,0));
#1305=FACE_SURFACE('',(#1310),#1306,.T.);
#1306=PLANE('',#1307);
#1307=AXIS2_PLACEMENT_3D('',#118,#1308,#1309);
#1308=DIRECTION('',(0,0,-1));
#1309=DIRECTION('',(-0.001227299701484459,0.9999992468674377,0));
#1310=FACE_BOUND('',#1311,.T.);
#1311=EDGE_LOOP('',(#1312,#1313,#1314));
#1312=ORIENTED_EDGE('',*,*,#1315,.T.);
#1313=ORIENTED_EDGE('',*,*,#1316,.T.);
#1314=ORIENTED_EDGE('',*,*,#1317,.T.);
#1315=EDGE_CURVE('',#119,#117,#1318,.F.);
#1316=EDGE_CURVE('',#117,#121,#1319,.T.);
#1317=EDGE_CURVE('',#121,#119,#1320,.T.);
#1318=LINE('',#118,#1321);
#1319=LINE('',#116,#1322);
#1320=LINE('',#120,#1323);
#1321=VECTOR('',#1324,1.0);
#1322=VECTOR('',#1325,1.0);
#1323=VECTOR('',#1326,1.0);
#1324=DIRECTION('',(-0.001227299701484459,0.9999992468674377,0));
#1325=DIRECTION('',(0.382340605673555,0.9240214614678488,0));
#1326=DIRECTION('',(-1.1235759114212476E-06,-0.9999999999993688,0));
#1327=FACE_SURFACE('',(#1332),#1328,.T.);
#1328=PLANE('',#1329);
#1329=AXIS2_PLACEMENT_3D('',#118,#1330,#1331);
#1330=DIRECTION('',(0,0,-1));
#1331=DIRECTION('',(1.1235759114212476E-06,0.9999999999993688,0));
#1332=FACE_BOUND('',#1333,.T.);
#1333=EDGE_LOOP('',(#1334,#1335,#1336));
#1334=ORIENTED_EDGE('',*,*,#1337,.T.);
#1335=ORIENTED_EDGE('',*,*,#1338,.T.);
#1336=ORIENTED_EDGE('',*,*,#1339,.T.);
#1337=EDGE_CURVE('',#119,#121,#1340,.F.);
#1338=EDGE_CURVE('',#121,#123,#1341,.T.);
#1339=EDGE_CURVE('',#123,#119,#1342,.T.);
#1340=LINE('',#118,#1343);
#1341=LINE('',#120,#1344);
#1342=LINE('',#122,#1345);
#1343=VECTOR('',#1346,1.0);
#1344=VECTOR('',#1347,1.0);
#1345=VECTOR('',#1348,1.0);
#1346=DIRECTION('',(1.1235759114212476E-06,0.9999999999993688,0));
#1347=DIRECTION('',(0.000415713438746353,-0.9999999135911647,0));
#1348=DIRECTION('',(-0.13052104055558156,0.9914455395896884,0));
#1349=FACE_SURFACE('',(#1354),#1350,.T.);
#1350=PLANE('',#1351);
#1351=AXIS2_PLACEMENT_3D('',#122,#1352,#1353);
#1352=DIRECTION('',(0,0,-1));
#1353=DIRECTION('',(-0.000415713438746353,0.9999999135911647,0));
#1354=FACE_BOUND('',#1355,.T.);
#1355=EDGE_LOOP('',(#1356,#1357,#1358));
#1356=ORIENTED_EDGE('',*,*,#1359,.T.);
#1357=ORIENTED_EDGE('',*,*,#1360,.T.);
#1358=ORIENTED_EDGE('',*,*,#1361,.T.);
#1359=EDGE_CURVE('',#123,#121,#1362,.F.);
#1360=EDGE_CURVE('',#121,#125,#1363,.T.);
#1361=EDGE_CURVE('',#125,#123,#1364,.T.);
#1362=LINE('',#122,#1365);
#1363=LINE('',#120,#1366);
#1364=LINE('',#124,#1367);
#1365=VECTOR('',#1368,1.0);
#1366=VECTOR('',#1369,1.0);
#1367=VECTOR('',#1370,1.0);
#1368=DIRECTION('',(-0.000415713438746353,0.9999999135911647,0));
#1369=DIRECTION('',(0.13018288735074618,0.9914899978522339,0));
#1370=DIRECTION('',(0,-1,0));
#1371=FACE_SURFACE('',(#1376),#1372,.T.);
#1372=PLANE('',#1373);
#1373=AXIS2_PLACEMENT_3D('',#122,#1374,#1375);
#1374=DIRECTION('',(0,0,-1));
#1375=DIRECTION('',(0,1,0));
#1376=FACE_BOUND('',#1377,.T.);
#1377=EDGE_LOOP('',(#1378,#1379,#1380));
#1378=ORIENTED_EDGE('',*,*,#1381,.T.);
#1379=ORIENTED_EDGE('',*,*,#1382,.T.);
#1380=ORIENTED_EDGE('',*,*,#1383,.T.);
#1381=EDGE_CURVE('',#123,#125,#1384,.F.);
#1382=EDGE_CURVE('',#125,#127,#1385,.T.);
#1383=EDGE_CURVE('',#127,#123,#1386,.T.);
#1384=LINE('',#122,#1387);
#1385=LINE('',#124,#1388);
#1386=LINE('',#126,#1389);
#1387=VECTOR('',#1390,1.0);
#1388=VECTOR('',#1391,1.0);
#1389=VECTOR('',#1392,1.0);
#1390=DIRECTION('',(0,1,0));
#1391=DIRECTION('',(0.0046023974131103795,-0.9999894089129403,0));
#1392=DIRECTION('',(-0.07982789212913656,0.9968086614983935,0));
#1393=FACE_SURFACE('',(#1398),#1394,.T.);
#1394=PLANE('',#1395);
#1395=AXIS2_PLACEMENT_3D('',#126,#1396,#1397);
#1396=DIRECTION('',(0,0,-1));
#1397=DIRECTION('',(-0.0046023974131103795,0.9999894089129403,0));
#1398=FACE_BOUND('',#1399,.T.);
#1399=EDGE_LOOP('',(#1400,#1401,#1402));
#1400=ORIENTED_EDGE('',*,*,#1403,.T.);
#1401=ORIENTED_EDGE('',*,*,#1404,.T.);
#1402=ORIENTED_EDGE('',*,*,#1405,.T.);
#1403=EDGE_CURVE('',#127,#125,#1406,.F.);
#1404=EDGE_CURVE('',#125,#129,#1407,.T.);
#1405=EDGE_CURVE('',#129,#127,#1408,.T.);
#1406=LINE('',#126,#1409);
#1407=LINE('',#124,#1410);
#1408=LINE('',#128,#1411);
#1409=VECTOR('',#1412,1.0);
#1410=VECTOR('',#1413,1.0);
#1411=VECTOR('',#1414,1.0);
#1412=DIRECTION('',(-0.0046023974131103795,0.9999894089129403,0));
#1413=DIRECTION('',(0.07586150353665123,0.9971183642282188,0));
#1414=DIRECTION('',(0,-1,0));
#1415=FACE_SURFACE('',(#1420),#1416,.T.);
#1416=PLANE('',#1417);
#1417=AXIS2_PLACEMENT_3D('',#128,#1418,#1419);
#1418=DIRECTION('',(0,0,-1));
#1419=DIRECTION('',(-0.07586150353665123,-0.9971183642282188,0));
#1420=FACE_BOUND('',#1421,.T.);
#1421=EDGE_LOOP('',(#1422,#1423,#1424));
#1422=ORIENTED_EDGE('',*,*,#1425,.T.);
#1423=ORIENTED_EDGE('',*,*,#1426,.T.);
#1424=ORIENTED_EDGE('',*,*,#1427,.T.);
#1425=EDGE_CURVE('',#129,#125,#1428,.F.);
#1426=EDGE_CURVE('',#125,#131,#1429,.T.);
#1427=EDGE_CURVE('',#131,#129,#1430,.T.);
#1428=LINE('',#128,#1431);
#1429=LINE('',#124,#1432);
#1430=LINE('',#130,#1433);
#1431=VECTOR('',#1434,1.0);
#1432=VECTOR('',#1435,1.0);
#1433=VECTOR('',#1436,1.0);
#1434=DIRECTION('',(-0.07586150353665123,-0.9971183642282188,0));
#1435=DIRECTION('',(-0.1308272526749855,0.9914051795091227,0));
#1436=DIRECTION('',(0.08651344301814715,0.9962506834010936,0));
#1437=FACE_SURFACE('',(#1442),#1438,.T.);
#1438=PLANE('',#1439);
#1439=AXIS2_PLACEMENT_3D('',#128,#1440,#1441);
#1440=DIRECTION('',(0,0,-1));
#1441=DIRECTION('',(-0.08651344301814715,-0.9962506834010936,0));
#1442=FACE_BOUND('',#1443,.T.);
#1443=EDGE_LOOP('',(#1444,#1445,#1446));
#1444=ORIENTED_EDGE('',*,*,#1447,.T.);
#1445=ORIENTED_EDGE('',*,*,#1448,.T.);
#1446=ORIENTED_EDGE('',*,*,#1449,.T.);
#1447=EDGE_CURVE('',#129,#131,#1450,.F.);
#1448=EDGE_CURVE('',#131,#133,#1451,.T.);
#1449=EDGE_CURVE('',#133,#129,#1452,.T.);
#1450=LINE('',#128,#1453);
#1451=LINE('',#130,#1454);
#1452=LINE('',#132,#1455);
#1453=VECTOR('',#1456,1.0);
#1454=VECTOR('',#1457,1.0);
#1455=VECTOR('',#1458,1.0);
#1456=DIRECTION('',(-0.08651344301814715,-0.9962506834010936,0));
#1457=DIRECTION('',(-0.3829523659129473,0.9237680907249808,0));
#1458=DIRECTION('',(0.11152127351969626,0.9937620467458722,0));
#1459=FACE_SURFACE('',(#1464),#1460,.T.);
#1460=PLANE('',#1461);
#1461=AXIS2_PLACEMENT_3D('',#46,#1462,#1463);
#1462=DIRECTION('',(0,0,-1));
#1463=DIRECTION('',(0.9996500374742243,-0.026453781918318948,0));
#1464=FACE_BOUND('',#1465,.T.);
#1465=EDGE_LOOP('',(#1466,#1467,#1468));
#1466=ORIENTED_EDGE('',*,*,#1469,.T.);
#1467=ORIENTED_EDGE('',*,*,#1470,.T.);
#1468=ORIENTED_EDGE('',*,*,#1471,.T.);
#1469=EDGE_CURVE('',#47,#53,#1472,.F.);
#1470=EDGE_CURVE('',#53,#45,#1473,.T.);
#1471=EDGE_CURVE('',#45,#47,#1474,.T.);
#1472=LINE('',#46,#1475);
#1473=LINE('',#52,#1476);
#1474=LINE('',#44,#1477);
#1475=VECTOR('',#1478,1.0);
#1476=VECTOR('',#1479,1.0);
#1477=VECTOR('',#1480,1.0);
#1478=DIRECTION('',(0.9996500374742243,-0.026453781918318948,0));
#1479=DIRECTION('',(-0.9999107482970342,-0.01336021856352305,0));
#1480=DIRECTION('',(0,1,0));
#1481=FACE_SURFACE('',(#1486),#1482,.T.);
#1482=PLANE('',#1483);
#1483=AXIS2_PLACEMENT_3D('',#44,#1484,#1485);
#1484=DIRECTION('',(0,0,-1));
#1485=DIRECTION('',(0.9999107482970342,0.01336021856352305,0));
#1486=FACE_BOUND('',#1487,.T.);
#1487=EDGE_LOOP('',(#1488,#1489,#1490));
#1488=ORIENTED_EDGE('',*,*,#1491,.T.);
#1489=ORIENTED_EDGE('',*,*,#1492,.T.);
#1490=ORIENTED_EDGE('',*,*,#1493,.T.);
#1491=EDGE_CURVE('',#45,#53,#1494,.F.);
#1492=EDGE_CURVE('',#53,#57,#1495,.T.);
#1493=EDGE_CURVE('',#57,#45,#1496,.T.);
#1494=LINE('',#44,#1497);
#1495=LINE('',#52,#1498);
#1496=LINE('',#56,#1499);
#1497=VECTOR('',#1500,1.0);
#1498=VECTOR('',#1501,1.0);
#1499=VECTOR('',#1502,1.0);
#1500=DIRECTION('',(0.9999107482970342,0.01336021856352305,0));
#1501=DIRECTION('',(0.005847853223158801,-0.9999829011601551,0));
#1502=DIRECTION('',(-0.9999119013358286,-0.013273641812563117,0));
#1503=FACE_SURFACE('',(#1508),#1504,.T.);
#1504=PLANE('',#1505);
#1505=AXIS2_PLACEMENT_3D('',#44,#1506,#1507);
#1506=DIRECTION('',(0,0,-1));
#1507=DIRECTION('',(0.9999119013358286,0.013273641812563117,0));
#1508=FACE_BOUND('',#1509,.T.);
#1509=EDGE_LOOP('',(#1510,#1511,#1512));
#1510=ORIENTED_EDGE('',*,*,#1513,.T.);
#1511=ORIENTED_EDGE('',*,*,#1514,.T.);
#1512=ORIENTED_EDGE('',*,*,#1515,.T.);
#1513=EDGE_CURVE('',#45,#57,#1516,.F.);
#1514=EDGE_CURVE('',#57,#81,#1517,.T.);
#1515=EDGE_CURVE('',#81,#45,#1518,.T.);
#1516=LINE('',#44,#1519);
#1517=LINE('',#56,#1520);
#1518=LINE('',#80,#1521);
#1519=VECTOR('',#1522,1.0);
#1520=VECTOR('',#1523,1.0);
#1521=VECTOR('',#1524,1.0);
#1522=DIRECTION('',(0.9999119013358286,0.013273641812563117,0));
#1523=DIRECTION('',(0.13114894449562617,-0.991362675491509,0));
#1524=DIRECTION('',(-0.9997799727084299,0.02097632406145759,0));
#1525=FACE_SURFACE('',(#1530),#1526,.T.);
#1526=PLANE('',#1527);
#1527=AXIS2_PLACEMENT_3D('',#132,#1528,#1529);
#1528=DIRECTION('',(0,0,-1));
#1529=DIRECTION('',(-0.6089667887102354,0.7931957200136318,0));
#1530=FACE_BOUND('',#1531,.T.);
#1531=EDGE_LOOP('',(#1532,#1533,#1534));
#1532=ORIENTED_EDGE('',*,*,#1535,.T.);
#1533=ORIENTED_EDGE('',*,*,#1536,.T.);
#1534=ORIENTED_EDGE('',*,*,#1537,.T.);
#1535=EDGE_CURVE('',#133,#135,#1538,.F.);
#1536=EDGE_CURVE('',#135,#129,#1539,.T.);
#1537=EDGE_CURVE('',#129,#133,#1540,.T.);
#1538=LINE('',#132,#1541);
#1539=LINE('',#134,#1542);
#1540=LINE('',#128,#1543);
#1541=VECTOR('',#1544,1.0);
#1542=VECTOR('',#1545,1.0);
#1543=VECTOR('',#1546,1.0);
#1544=DIRECTION('',(-0.6089667887102354,0.7931957200136318,0));
#1545=DIRECTION('',(0.15047611575323466,0.9886136447509811,0));
#1546=DIRECTION('',(-0.11152127351969626,-0.9937620467458722,0));
#1547=FACE_SURFACE('',(#1552),#1548,.T.);
#1548=PLANE('',#1549);
#1549=AXIS2_PLACEMENT_3D('',#128,#1550,#1551);
#1550=DIRECTION('',(0,0,-1));
#1551=DIRECTION('',(-0.15047611575323466,-0.9886136447509811,0));
#1552=FACE_BOUND('',#1553,.T.);
#1553=EDGE_LOOP('',(#1554,#1555,#1556));
#1554=ORIENTED_EDGE('',*,*,#1557,.T.);
#1555=ORIENTED_EDGE('',*,*,#1558,.T.);
#1556=ORIENTED_EDGE('',*,*,#1559,.T.);
#1557=EDGE_CURVE('',#129,#135,#1560,.F.);
#1558=EDGE_CURVE('',#135,#137,#1561,.T.);
#1559=EDGE_CURVE('',#137,#129,#1562,.T.);
#1560=LINE('',#128,#1563);
#1561=LINE('',#134,#1564);
#1562=LINE('',#136,#1565);
#1563=VECTOR('',#1566,1.0);
#1564=VECTOR('',#1567,1.0);
#1565=VECTOR('',#1568,1.0);
#1566=DIRECTION('',(-0.15047611575323466,-0.9886136447509811,0));
#1567=DIRECTION('',(-0.7934929723588192,0.6085794137309988,0));
#1568=DIRECTION('',(0.20064568130449065,0.9796638763238424,0));
#1569=FACE_SURFACE('',(#1574),#1570,.T.);
#1570=PLANE('',#1571);
#1571=AXIS2_PLACEMENT_3D('',#128,#1572,#1573);
#1572=DIRECTION('',(0,0,-1));
#1573=DIRECTION('',(-0.20064568130449065,-0.9796638763238424,0));
#1574=FACE_BOUND('',#1575,.T.);
#1575=EDGE_LOOP('',(#1576,#1577,#1578));
#1576=ORIENTED_EDGE('',*,*,#1579,.T.);
#1577=ORIENTED_EDGE('',*,*,#1580,.T.);
#1578=ORIENTED_EDGE('',*,*,#1581,.T.);
#1579=EDGE_CURVE('',#129,#137,#1582,.F.);
#1580=EDGE_CURVE('',#137,#139,#1583,.T.);
#1581=EDGE_CURVE('',#139,#129,#1584,.T.);
#1582=LINE('',#128,#1585);
#1583=LINE('',#136,#1586);
#1584=LINE('',#138,#1587);
#1585=VECTOR('',#1588,1.0);
#1586=VECTOR('',#1589,1.0);
#1587=VECTOR('',#1590,1.0);
#1588=DIRECTION('',(-0.20064568130449065,-0.9796638763238424,0));
#1589=DIRECTION('',(-0.9239561086200333,0.38249850894313986,0));
#1590=DIRECTION('',(0.2567817623142749,0.9664694131439315,0));
#1591=FACE_SURFACE('',(#1596),#1592,.T.);
#1592=PLANE('',#1593);
#1593=AXIS2_PLACEMENT_3D('',#138,#1594,#1595);
#1594=DIRECTION('',(0,0,-1));
#1595=DIRECTION('',(-0.9914686154350323,0.13034563516796457,0));
#1596=FACE_BOUND('',#1597,.T.);
#1597=EDGE_LOOP('',(#1598,#1599,#1600));
#1598=ORIENTED_EDGE('',*,*,#1601,.T.);
#1599=ORIENTED_EDGE('',*,*,#1602,.T.);
#1600=ORIENTED_EDGE('',*,*,#1603,.T.);
#1601=EDGE_CURVE('',#139,#141,#1604,.F.);
#1602=EDGE_CURVE('',#141,#129,#1605,.T.);
#1603=EDGE_CURVE('',#129,#139,#1606,.T.);
#1604=LINE('',#138,#1607);
#1605=LINE('',#140,#1608);
#1606=LINE('',#128,#1609);
#1607=VECTOR('',#1610,1.0);
#1608=VECTOR('',#1611,1.0);
#1609=VECTOR('',#1612,1.0);
#1610=DIRECTION('',(-0.9914686154350323,0.13034563516796457,0));
#1611=DIRECTION('',(0.31210316629353413,0.9500482164551178,0));
#1612=DIRECTION('',(-0.2567817623142749,-0.9664694131439315,0));
#1613=FACE_SURFACE('',(#1618),#1614,.T.);
#1614=PLANE('',#1615);
#1615=AXIS2_PLACEMENT_3D('',#128,#1616,#1617);
#1616=DIRECTION('',(0,0,-1));
#1617=DIRECTION('',(-0.31210316629353413,-0.9500482164551178,0));
#1618=FACE_BOUND('',#1619,.T.);
#1619=EDGE_LOOP('',(#1620,#1621,#1622));
#1620=ORIENTED_EDGE('',*,*,#1623,.T.);
#1621=ORIENTED_EDGE('',*,*,#1624,.T.);
#1622=ORIENTED_EDGE('',*,*,#1625,.T.);
#1623=EDGE_CURVE('',#129,#141,#1626,.F.);
#1624=EDGE_CURVE('',#141,#143,#1627,.T.);
#1625=EDGE_CURVE('',#143,#129,#1628,.T.);
#1626=LINE('',#128,#1629);
#1627=LINE('',#140,#1630);
#1628=LINE('',#142,#1631);
#1629=VECTOR('',#1632,1.0);
#1630=VECTOR('',#1633,1.0);
#1631=VECTOR('',#1634,1.0);
#1632=DIRECTION('',(-0.31210316629353413,-0.9500482164551178,0));
#1633=DIRECTION('',(-0.991424623789346,-0.13067981995761102,0));
#1634=DIRECTION('',(0.36020474892530174,0.9328732705205249,0));
#1635=FACE_SURFACE('',(#1640),#1636,.T.);
#1636=PLANE('',#1637);
#1637=AXIS2_PLACEMENT_3D('',#128,#1638,#1639);
#1638=DIRECTION('',(0,0,-1));
#1639=DIRECTION('',(-0.36020474892530174,-0.9328732705205249,0));
#1640=FACE_BOUND('',#1641,.T.);
#1641=EDGE_LOOP('',(#1642,#1643,#1644));
#1642=ORIENTED_EDGE('',*,*,#1645,.T.);
#1643=ORIENTED_EDGE('',*,*,#1646,.T.);
#1644=ORIENTED_EDGE('',*,*,#1647,.T.);
#1645=EDGE_CURVE('',#129,#143,#1648,.F.);
#1646=EDGE_CURVE('',#143,#145,#1649,.T.);
#1647=EDGE_CURVE('',#145,#129,#1650,.T.);
#1648=LINE('',#128,#1651);
#1649=LINE('',#142,#1652);
#1650=LINE('',#144,#1653);
#1651=VECTOR('',#1654,1.0);
#1652=VECTOR('',#1655,1.0);
#1653=VECTOR('',#1656,1.0);
#1654=DIRECTION('',(-0.36020474892530174,-0.9328732705205249,0));
#1655=DIRECTION('',(-0.9238335198672833,-0.3827944978309196,0));
#1656=DIRECTION('',(0.39672190771346677,0.9179388476037974,0));
#1657=FACE_SURFACE('',(#1662),#1658,.T.);
#1658=PLANE('',#1659);
#1659=AXIS2_PLACEMENT_3D('',#144,#1660,#1661);
#1660=DIRECTION('',(-0,0,-1));
#1661=DIRECTION('',(-0.7932971787951643,-0.608834613105754,0));
#1662=FACE_BOUND('',#1663,.T.);
#1663=EDGE_LOOP('',(#1664,#1665,#1666));
#1664=ORIENTED_EDGE('',*,*,#1667,.T.);
#1665=ORIENTED_EDGE('',*,*,#1668,.T.);
#1666=ORIENTED_EDGE('',*,*,#1669,.T.);
#1667=EDGE_CURVE('',#145,#147,#1670,.F.);
#1668=EDGE_CURVE('',#147,#129,#1671,.T.);
#1669=EDGE_CURVE('',#129,#145,#1672,.T.);
#1670=LINE('',#144,#1673);
#1671=LINE('',#146,#1674);
#1672=LINE('',#128,#1675);
#1673=VECTOR('',#1676,1.0);
#1674=VECTOR('',#1677,1.0);
#1675=VECTOR('',#1678,1.0);
#1676=DIRECTION('',(-0.7932971787951643,-0.608834613105754,0));
#1677=DIRECTION('',(0.41982232563365507,0.9076063105221059,0));
#1678=DIRECTION('',(-0.39672190771346677,-0.9179388476037974,0));
#1679=FACE_SURFACE('',(#1684),#1680,.T.);
#1680=PLANE('',#1681);
#1681=AXIS2_PLACEMENT_3D('',#128,#1682,#1683);
#1682=DIRECTION('',(0,0,-1));
#1683=DIRECTION('',(-0.41982232563365507,-0.9076063105221059,0));
#1684=FACE_BOUND('',#1685,.T.);
#1685=EDGE_LOOP('',(#1686,#1687,#1688));
#1686=ORIENTED_EDGE('',*,*,#1689,.T.);
#1687=ORIENTED_EDGE('',*,*,#1690,.T.);
#1688=ORIENTED_EDGE('',*,*,#1691,.T.);
#1689=EDGE_CURVE('',#129,#147,#1692,.F.);
#1690=EDGE_CURVE('',#147,#71,#1693,.T.);
#1691=EDGE_CURVE('',#71,#129,#1694,.T.);
#1692=LINE('',#128,#1695);
#1693=LINE('',#146,#1696);
#1694=LINE('',#70,#1697);
#1695=VECTOR('',#1698,1.0);
#1696=VECTOR('',#1699,1.0);
#1697=VECTOR('',#1700,1.0);
#1698=DIRECTION('',(-0.41982232563365507,-0.9076063105221059,0));
#1699=DIRECTION('',(-0.6087116202218464,-0.7933915574335882,0));
#1700=DIRECTION('',(0.4296503575741585,0.9029953323447457,0));
#1701=FACE_SURFACE('',(#1706),#1702,.T.);
#1702=PLANE('',#1703);
#1703=AXIS2_PLACEMENT_3D('',#128,#1704,#1705);
#1704=DIRECTION('',(-0,0,-1));
#1705=DIRECTION('',(-0.4296503575741585,-0.9029953323447457,0));
#1706=FACE_BOUND('',#1707,.T.);
#1707=EDGE_LOOP('',(#1708,#1709,#1710));
#1708=ORIENTED_EDGE('',*,*,#1711,.T.);
#1709=ORIENTED_EDGE('',*,*,#1712,.T.);
#1710=ORIENTED_EDGE('',*,*,#1713,.T.);
#1711=EDGE_CURVE('',#129,#71,#1714,.F.);
#1712=EDGE_CURVE('',#71,#69,#1715,.T.);
#1713=EDGE_CURVE('',#69,#129,#1716,.T.);
#1714=LINE('',#128,#1717);
#1715=LINE('',#70,#1718);
#1716=LINE('',#68,#1719);
#1717=VECTOR('',#1720,1.0);
#1718=VECTOR('',#1721,1.0);
#1719=VECTOR('',#1722,1.0);
#1720=DIRECTION('',(-0.4296503575741585,-0.9029953323447457,0));
#1721=DIRECTION('',(-0.8951777085864606,0.44570940089916644,0));
#1722=DIRECTION('',(1,0,0));
#1723=FACE_SURFACE('',(#1728),#1724,.T.);
#1724=PLANE('',#1725);
#1725=AXIS2_PLACEMENT_3D('',#72,#1726,#1727);
#1726=DIRECTION('',(0,0,-1));
#1727=DIRECTION('',(-0.13051991331804294,-0.9914456879867148,0));
#1728=FACE_BOUND('',#1729,.T.);
#1729=EDGE_LOOP('',(#1730,#1731,#1732));
#1730=ORIENTED_EDGE('',*,*,#1733,.T.);
#1731=ORIENTED_EDGE('',*,*,#1734,.T.);
#1732=ORIENTED_EDGE('',*,*,#1735,.T.);
#1733=EDGE_CURVE('',#73,#53,#1736,.F.);
#1734=EDGE_CURVE('',#53,#47,#1737,.T.);
#1735=EDGE_CURVE('',#47,#73,#1738,.T.);
#1736=LINE('',#72,#1739);
#1737=LINE('',#52,#1740);
#1738=LINE('',#46,#1741);
#1739=VECTOR('',#1742,1.0);
#1740=VECTOR('',#1743,1.0);
#1741=VECTOR('',#1744,1.0);
#1742=DIRECTION('',(-0.13051991331804294,-0.9914456879867148,0));
#1743=DIRECTION('',(-0.9996500374742243,0.026453781918318948,0));
#1744=DIRECTION('',(0.9999691463444129,0.007855339536007474,0));
#1745=FACE_SURFACE('',(#1750),#1746,.T.);
#1746=PLANE('',#1747);
#1747=AXIS2_PLACEMENT_3D('',#76,#1748,#1749);
#1748=DIRECTION('',(0,-0,-1));
#1749=DIRECTION('',(0.13053540432077632,-0.9914436485342026,0));
#1750=FACE_BOUND('',#1751,.T.);
#1751=EDGE_LOOP('',(#1752,#1753,#1754));
#1752=ORIENTED_EDGE('',*,*,#1755,.T.);
#1753=ORIENTED_EDGE('',*,*,#1756,.T.);
#1754=ORIENTED_EDGE('',*,*,#1757,.T.);
#1755=EDGE_CURVE('',#77,#149,#1758,.F.);
#1756=EDGE_CURVE('',#149,#75,#1759,.T.);
#1757=EDGE_CURVE('',#75,#77,#1760,.T.);
#1758=LINE('',#76,#1761);
#1759=LINE('',#148,#1762);
#1760=LINE('',#74,#1763);
#1761=VECTOR('',#1764,1.0);
#1762=VECTOR('',#1765,1.0);
#1763=VECTOR('',#1766,1.0);
#1764=DIRECTION('',(0.13053540432077632,-0.9914436485342026,0));
#1765=DIRECTION('',(-0.894139931944545,-0.44778765291397254,0));
#1766=DIRECTION('',(0.8835549083157039,0.4683275819244773,0));
#1767=FACE_SURFACE('',(#1772),#1768,.T.);
#1768=PLANE('',#1769);
#1769=AXIS2_PLACEMENT_3D('',#74,#1770,#1771);
#1770=DIRECTION('',(0,0,-1));
#1771=DIRECTION('',(0.894139931944545,0.44778765291397254,0));
#1772=FACE_BOUND('',#1773,.T.);
#1773=EDGE_LOOP('',(#1774,#1775,#1776));
#1774=ORIENTED_EDGE('',*,*,#1777,.T.);
#1775=ORIENTED_EDGE('',*,*,#1778,.T.);
#1776=ORIENTED_EDGE('',*,*,#1779,.T.);
#1777=EDGE_CURVE('',#75,#149,#1780,.F.);
#1778=EDGE_CURVE('',#149,#151,#1781,.T.);
#1779=EDGE_CURVE('',#151,#75,#1782,.T.);
#1780=LINE('',#74,#1783);
#1781=LINE('',#148,#1784);
#1782=LINE('',#150,#1785);
#1783=VECTOR('',#1786,1.0);
#1784=VECTOR('',#1787,1.0);
#1785=VECTOR('',#1788,1.0);
#1786=DIRECTION('',(0.894139931944545,0.44778765291397254,0));
#1787=DIRECTION('',(0.3826804604958138,-0.9238807634942466,0));
#1788=DIRECTION('',(-0.9048969247993549,-0.42563077366265545,0));
#1789=FACE_SURFACE('',(#1794),#1790,.T.);
#1790=PLANE('',#1791);
#1791=AXIS2_PLACEMENT_3D('',#74,#1792,#1793);
#1792=DIRECTION('',(0,0,-1));
#1793=DIRECTION('',(0.9048969247993549,0.42563077366265545,0));
#1794=FACE_BOUND('',#1795,.T.);
#1795=EDGE_LOOP('',(#1796,#1797,#1798));
#1796=ORIENTED_EDGE('',*,*,#1799,.T.);
#1797=ORIENTED_EDGE('',*,*,#1800,.T.);
#1798=ORIENTED_EDGE('',*,*,#1801,.T.);
#1799=EDGE_CURVE('',#75,#151,#1802,.F.);
#1800=EDGE_CURVE('',#151,#127,#1803,.T.);
#1801=EDGE_CURVE('',#127,#75,#1804,.T.);
#1802=LINE('',#74,#1805);
#1803=LINE('',#150,#1806);
#1804=LINE('',#126,#1807);
#1805=VECTOR('',#1808,1.0);
#1806=VECTOR('',#1809,1.0);
#1807=VECTOR('',#1810,1.0);
#1808=DIRECTION('',(0.9048969247993549,0.42563077366265545,0));
#1809=DIRECTION('',(0.44982219090672615,-0.8931181313621803,0));
#1810=DIRECTION('',(-1,0,0));
#1811=FACE_SURFACE('',(#1816),#1812,.T.);
#1812=PLANE('',#1813);
#1813=AXIS2_PLACEMENT_3D('',#126,#1814,#1815);
#1814=DIRECTION('',(0,0,-1));
#1815=DIRECTION('',(-0.44982219090672615,0.8931181313621803,0));
#1816=FACE_BOUND('',#1817,.T.);
#1817=EDGE_LOOP('',(#1818,#1819,#1820));
#1818=ORIENTED_EDGE('',*,*,#1821,.T.);
#1819=ORIENTED_EDGE('',*,*,#1822,.T.);
#1820=ORIENTED_EDGE('',*,*,#1823,.T.);
#1821=EDGE_CURVE('',#127,#151,#1824,.F.);
#1822=EDGE_CURVE('',#151,#153,#1825,.T.);
#1823=EDGE_CURVE('',#153,#127,#1826,.T.);
#1824=LINE('',#126,#1827);
#1825=LINE('',#150,#1828);
#1826=LINE('',#152,#1829);
#1827=VECTOR('',#1830,1.0);
#1828=VECTOR('',#1831,1.0);
#1829=VECTOR('',#1832,1.0);
#1830=DIRECTION('',(-0.44982219090672615,0.8931181313621803,0));
#1831=DIRECTION('',(0.6087640334084832,-0.7933513418582181,0));
#1832=DIRECTION('',(0.440690229694203,-0.8976592457341875,0));
#1833=FACE_SURFACE('',(#1838),#1834,.T.);
#1834=PLANE('',#1835);
#1835=AXIS2_PLACEMENT_3D('',#126,#1836,#1837);
#1836=DIRECTION('',(0,0,-1));
#1837=DIRECTION('',(-0.440690229694203,0.8976592457341875,0));
#1838=FACE_BOUND('',#1839,.T.);
#1839=EDGE_LOOP('',(#1840,#1841,#1842));
#1840=ORIENTED_EDGE('',*,*,#1843,.T.);
#1841=ORIENTED_EDGE('',*,*,#1844,.T.);
#1842=ORIENTED_EDGE('',*,*,#1845,.T.);
#1843=EDGE_CURVE('',#127,#153,#1846,.F.);
#1844=EDGE_CURVE('',#153,#155,#1847,.T.);
#1845=EDGE_CURVE('',#155,#127,#1848,.T.);
#1846=LINE('',#126,#1849);
#1847=LINE('',#152,#1850);
#1848=LINE('',#154,#1851);
#1849=VECTOR('',#1852,1.0);
#1850=VECTOR('',#1853,1.0);
#1851=VECTOR('',#1854,1.0);
#1852=DIRECTION('',(-0.440690229694203,0.8976592457341875,0));
#1853=DIRECTION('',(0.793352983916918,-0.6087618934444915,0));
#1854=DIRECTION('',(0.41768580526301397,-0.908591529831633,0));
#1855=FACE_SURFACE('',(#1860),#1856,.T.);
#1856=PLANE('',#1857);
#1857=AXIS2_PLACEMENT_3D('',#154,#1858,#1859);
#1858=DIRECTION('',(0,0,-1));
#1859=DIRECTION('',(0.923877737109574,-0.382687766819496,0));
#1860=FACE_BOUND('',#1861,.T.);
#1861=EDGE_LOOP('',(#1862,#1863,#1864));
#1862=ORIENTED_EDGE('',*,*,#1865,.T.);
#1863=ORIENTED_EDGE('',*,*,#1866,.T.);
#1864=ORIENTED_EDGE('',*,*,#1867,.T.);
#1865=EDGE_CURVE('',#155,#157,#1868,.F.);
#1866=EDGE_CURVE('',#157,#127,#1869,.T.);
#1867=EDGE_CURVE('',#127,#155,#1870,.T.);
#1868=LINE('',#154,#1871);
#1869=LINE('',#156,#1872);
#1870=LINE('',#126,#1873);
#1871=VECTOR('',#1874,1.0);
#1872=VECTOR('',#1875,1.0);
#1873=VECTOR('',#1876,1.0);
#1874=DIRECTION('',(0.923877737109574,-0.382687766819496,0));
#1875=DIRECTION('',(0.3803860157850934,-0.9248278104572455,0));
#1876=DIRECTION('',(-0.41768580526301397,0.908591529831633,0));
#1877=FACE_SURFACE('',(#1882),#1878,.T.);
#1878=PLANE('',#1879);
#1879=AXIS2_PLACEMENT_3D('',#126,#1880,#1881);
#1880=DIRECTION('',(0,0,-1));
#1881=DIRECTION('',(-0.3803860157850934,0.9248278104572455,0));
#1882=FACE_BOUND('',#1883,.T.);
#1883=EDGE_LOOP('',(#1884,#1885,#1886));
#1884=ORIENTED_EDGE('',*,*,#1887,.T.);
#1885=ORIENTED_EDGE('',*,*,#1888,.T.);
#1886=ORIENTED_EDGE('',*,*,#1889,.T.);
#1887=EDGE_CURVE('',#127,#157,#1890,.F.);
#1888=EDGE_CURVE('',#157,#159,#1891,.T.);
#1889=EDGE_CURVE('',#159,#127,#1892,.T.);
#1890=LINE('',#126,#1893);
#1891=LINE('',#156,#1894);
#1892=LINE('',#158,#1895);
#1893=VECTOR('',#1896,1.0);
#1894=VECTOR('',#1897,1.0);
#1895=VECTOR('',#1898,1.0);
#1896=DIRECTION('',(-0.3803860157850934,0.9248278104572455,0));
#1897=DIRECTION('',(0.99144529064532,-0.13052293153778352,0));
#1898=DIRECTION('',(0.3304381483775243,-0.9438276485126049,0));
#1899=FACE_SURFACE('',(#1904),#1900,.T.);
#1900=PLANE('',#1901);
#1901=AXIS2_PLACEMENT_3D('',#126,#1902,#1903);
#1902=DIRECTION('',(0,0,-1));
#1903=DIRECTION('',(-0.3304381483775243,0.9438276485126049,0));
#1904=FACE_BOUND('',#1905,.T.);
#1905=EDGE_LOOP('',(#1906,#1907,#1908));
#1906=ORIENTED_EDGE('',*,*,#1909,.T.);
#1907=ORIENTED_EDGE('',*,*,#1910,.T.);
#1908=ORIENTED_EDGE('',*,*,#1911,.T.);
#1909=EDGE_CURVE('',#127,#159,#1912,.F.);
#1910=EDGE_CURVE('',#159,#161,#1913,.T.);
#1911=EDGE_CURVE('',#161,#127,#1914,.T.);
#1912=LINE('',#126,#1915);
#1913=LINE('',#158,#1916);
#1914=LINE('',#160,#1917);
#1915=VECTOR('',#1918,1.0);
#1916=VECTOR('',#1919,1.0);
#1917=VECTOR('',#1920,1.0);
#1918=DIRECTION('',(-0.3304381483775243,0.9438276485126049,0));
#1919=DIRECTION('',(0.9914455395896884,0.13052104055558156,0));
#1920=DIRECTION('',(0.2722957469626316,-0.9622136073586064,0));
#1921=FACE_SURFACE('',(#1926),#1922,.T.);
#1922=PLANE('',#1923);
#1923=AXIS2_PLACEMENT_3D('',#160,#1924,#1925);
#1924=DIRECTION('',(0,0,-1));
#1925=DIRECTION('',(0.9238755970610649,0.38269293324421466,0));
#1926=FACE_BOUND('',#1927,.T.);
#1927=EDGE_LOOP('',(#1928,#1929,#1930));
#1928=ORIENTED_EDGE('',*,*,#1931,.T.);
#1929=ORIENTED_EDGE('',*,*,#1932,.T.);
#1930=ORIENTED_EDGE('',*,*,#1933,.T.);
#1931=EDGE_CURVE('',#161,#163,#1934,.F.);
#1932=EDGE_CURVE('',#163,#127,#1935,.T.);
#1933=EDGE_CURVE('',#127,#161,#1936,.T.);
#1934=LINE('',#160,#1937);
#1935=LINE('',#162,#1938);
#1936=LINE('',#126,#1939);
#1937=VECTOR('',#1940,1.0);
#1938=VECTOR('',#1941,1.0);
#1939=VECTOR('',#1942,1.0);
#1940=DIRECTION('',(0.9238755970610649,0.38269293324421466,0));
#1941=DIRECTION('',(0.2128193715988021,-0.9770915592063474,0));
#1942=DIRECTION('',(-0.2722957469626316,0.9622136073586064,0));
#1943=FACE_SURFACE('',(#1948),#1944,.T.);
#1944=PLANE('',#1945);
#1945=AXIS2_PLACEMENT_3D('',#126,#1946,#1947);
#1946=DIRECTION('',(0,0,-1));
#1947=DIRECTION('',(-0.2128193715988021,0.9770915592063474,0));
#1948=FACE_BOUND('',#1949,.T.);
#1949=EDGE_LOOP('',(#1950,#1951,#1952));
#1950=ORIENTED_EDGE('',*,*,#1953,.T.);
#1951=ORIENTED_EDGE('',*,*,#1954,.T.);
#1952=ORIENTED_EDGE('',*,*,#1955,.T.);
#1953=EDGE_CURVE('',#127,#163,#1956,.F.);
#1954=EDGE_CURVE('',#163,#165,#1957,.T.);
#1955=EDGE_CURVE('',#165,#127,#1958,.T.);
#1956=LINE('',#126,#1959);
#1957=LINE('',#162,#1960);
#1958=LINE('',#164,#1961);
#1959=VECTOR('',#1962,1.0);
#1960=VECTOR('',#1963,1.0);
#1961=VECTOR('',#1964,1.0);
#1962=DIRECTION('',(-0.2128193715988021,0.9770915592063474,0));
#1963=DIRECTION('',(0.7933583992601054,0.6087548359754058,0));
#1964=DIRECTION('',(0.15943589749598117,-0.9872082832865873,0));
#1965=FACE_SURFACE('',(#1970),#1966,.T.);
#1966=PLANE('',#1967);
#1967=AXIS2_PLACEMENT_3D('',#126,#1968,#1969);
#1968=DIRECTION('',(0,0,-1));
#1969=DIRECTION('',(-0.15943589749598117,0.9872082832865873,0));
#1970=FACE_BOUND('',#1971,.T.);
#1971=EDGE_LOOP('',(#1972,#1973,#1974));
#1972=ORIENTED_EDGE('',*,*,#1975,.T.);
#1973=ORIENTED_EDGE('',*,*,#1976,.T.);
#1974=ORIENTED_EDGE('',*,*,#1977,.T.);
#1975=EDGE_CURVE('',#127,#165,#1978,.F.);
#1976=EDGE_CURVE('',#165,#167,#1979,.T.);
#1977=EDGE_CURVE('',#167,#127,#1980,.T.);
#1978=LINE('',#126,#1981);
#1979=LINE('',#164,#1982);
#1980=LINE('',#166,#1983);
#1981=VECTOR('',#1984,1.0);
#1982=VECTOR('',#1985,1.0);
#1983=VECTOR('',#1986,1.0);
#1984=DIRECTION('',(-0.15943589749598117,0.9872082832865873,0));
#1985=DIRECTION('',(0.6087640334084832,0.7933513418582181,0));
#1986=DIRECTION('',(0.11792462649587547,-0.9930225488204224,0));
#1987=FACE_SURFACE('',(#1992),#1988,.T.);
#1988=PLANE('',#1989);
#1989=AXIS2_PLACEMENT_3D('',#166,#1990,#1991);
#1990=DIRECTION('',(0,0,-1));
#1991=DIRECTION('',(0.3826804604958138,0.9238807634942466,0));
#1992=FACE_BOUND('',#1993,.T.);
#1993=EDGE_LOOP('',(#1994,#1995,#1996));
#1994=ORIENTED_EDGE('',*,*,#1997,.T.);
#1995=ORIENTED_EDGE('',*,*,#1998,.T.);
#1996=ORIENTED_EDGE('',*,*,#1999,.T.);
#1997=EDGE_CURVE('',#167,#169,#2000,.F.);
#1998=EDGE_CURVE('',#169,#127,#2001,.T.);
#1999=EDGE_CURVE('',#127,#167,#2002,.T.);
#2000=LINE('',#166,#2003);
#2001=LINE('',#168,#2004);
#2002=LINE('',#126,#2005);
#2003=VECTOR('',#2006,1.0);
#2004=VECTOR('',#2007,1.0);
#2005=VECTOR('',#2008,1.0);
#2006=DIRECTION('',(0.3826804604958138,0.9238807634942466,0));
#2007=DIRECTION('',(0.09125937134719442,-0.9958271572624011,0));
#2008=DIRECTION('',(-0.11792462649587547,0.9930225488204224,0));
#2009=FACE_SURFACE('',(#2014),#2010,.T.);
#2010=PLANE('',#2011);
#2011=AXIS2_PLACEMENT_3D('',#126,#2012,#2013);
#2012=DIRECTION('',(0,0,-1));
#2013=DIRECTION('',(-0.09125937134719442,0.9958271572624011,0));
#2014=FACE_BOUND('',#2015,.T.);
#2015=EDGE_LOOP('',(#2016,#2017,#2018));
#2016=ORIENTED_EDGE('',*,*,#2019,.T.);
#2017=ORIENTED_EDGE('',*,*,#2020,.T.);
#2018=ORIENTED_EDGE('',*,*,#2021,.T.);
#2019=EDGE_CURVE('',#127,#169,#2022,.F.);
#2020=EDGE_CURVE('',#169,#123,#2023,.T.);
#2021=EDGE_CURVE('',#123,#127,#2024,.T.);
#2022=LINE('',#126,#2025);
#2023=LINE('',#168,#2026);
#2024=LINE('',#122,#2027);
#2025=VECTOR('',#2028,1.0);
#2026=VECTOR('',#2029,1.0);
#2027=VECTOR('',#2030,1.0);
#2028=DIRECTION('',(-0.09125937134719442,0.9958271572624011,0));
#2029=DIRECTION('',(0.13052104055558156,0.9914455395896884,0));
#2030=DIRECTION('',(0.07982789212913656,-0.9968086614983935,0));
#2031=FACE_SURFACE('',(#2036),#2032,.T.);
#2032=PLANE('',#2033);
#2033=AXIS2_PLACEMENT_3D('',#170,#2034,#2035);
#2034=DIRECTION('',(0.9914436485342026,-0.13053540432077632,0));
#2035=DIRECTION('',(0,0,1));
#2036=FACE_BOUND('',#2037,.T.);
#2037=EDGE_LOOP('',(#2038,#2039,#2040));
#2038=ORIENTED_EDGE('',*,*,#2041,.T.);
#2039=ORIENTED_EDGE('',*,*,#2042,.T.);
#2040=ORIENTED_EDGE('',*,*,#2043,.T.);
#2041=EDGE_CURVE('',#171,#173,#2044,.F.);
#2042=EDGE_CURVE('',#173,#175,#2045,.T.);
#2043=EDGE_CURVE('',#175,#171,#2046,.T.);
#2044=LINE('',#170,#2047);
#2045=LINE('',#172,#2048);
#2046=LINE('',#174,#2049);
#2047=VECTOR('',#2050,1.0);
#2048=VECTOR('',#2051,1.0);
#2049=VECTOR('',#2052,1.0);
#2050=DIRECTION('',(0,0,1));
#2051=DIRECTION('',(-0.016895031173009667,-0.12832128904358667,-0.9915887275982191));
#2052=DIRECTION('',(0.13053540432077632,0.9914436485342026,0));
#2053=FACE_SURFACE('',(#2058),#2054,.T.);
#2054=PLANE('',#2055);
#2055=AXIS2_PLACEMENT_3D('',#174,#2056,#2057);
#2056=DIRECTION('',(0.9914436485342026,-0.13053540432077632,0));
#2057=DIRECTION('',(0.016895031173009667,0.12832128904358667,0.9915887275982191));
#2058=FACE_BOUND('',#2059,.T.);
#2059=EDGE_LOOP('',(#2060,#2061,#2062));
#2060=ORIENTED_EDGE('',*,*,#2063,.T.);
#2061=ORIENTED_EDGE('',*,*,#2064,.T.);
#2062=ORIENTED_EDGE('',*,*,#2065,.T.);
#2063=EDGE_CURVE('',#175,#173,#2066,.F.);
#2064=EDGE_CURVE('',#173,#177,#2067,.T.);
#2065=EDGE_CURVE('',#177,#175,#2068,.T.);
#2066=LINE('',#174,#2069);
#2067=LINE('',#172,#2070);
#2068=LINE('',#176,#2071);
#2069=VECTOR('',#2072,1.0);
#2070=VECTOR('',#2073,1.0);
#2071=VECTOR('',#2074,1.0);
#2072=DIRECTION('',(0.016895031173009667,0.12832128904358667,0.9915887275982191));
#2073=DIRECTION('',(-0.13053540432077632,-0.9914436485342026,0));
#2074=DIRECTION('',(0,0,-1));
#2075=FACE_SURFACE('',(#2080),#2076,.T.);
#2076=PLANE('',#2077);
#2077=AXIS2_PLACEMENT_3D('',#174,#2078,#2079);
#2078=DIRECTION('',(0.9914436485342026,0.13053540432077632,-0));
#2079=DIRECTION('',(0,0,1));
#2080=FACE_BOUND('',#2081,.T.);
#2081=EDGE_LOOP('',(#2082,#2083,#2084));
#2082=ORIENTED_EDGE('',*,*,#2085,.T.);
#2083=ORIENTED_EDGE('',*,*,#2086,.T.);
#2084=ORIENTED_EDGE('',*,*,#2087,.T.);
#2085=EDGE_CURVE('',#175,#177,#2088,.F.);
#2086=EDGE_CURVE('',#177,#179,#2089,.T.);
#2087=EDGE_CURVE('',#179,#175,#2090,.T.);
#2088=LINE('',#174,#2091);
#2089=LINE('',#176,#2092);
#2090=LINE('',#178,#2093);
#2091=VECTOR('',#2094,1.0);
#2092=VECTOR('',#2095,1.0);
#2093=VECTOR('',#2096,1.0);
#2094=DIRECTION('',(0,0,1));
#2095=DIRECTION('',(0.016895031173009667,-0.12832128904358667,-0.9915887275982191));
#2096=DIRECTION('',(-0.13053540432077632,0.9914436485342026,0));
#2097=FACE_SURFACE('',(#2102),#2098,.T.);
#2098=PLANE('',#2099);
#2099=AXIS2_PLACEMENT_3D('',#178,#2100,#2101);
#2100=DIRECTION('',(0.9914436485342026,0.13053540432077632,-0));
#2101=DIRECTION('',(-0.016895031173009667,0.12832128904358667,0.9915887275982191));
#2102=FACE_BOUND('',#2103,.T.);
#2103=EDGE_LOOP('',(#2104,#2105,#2106));
#2104=ORIENTED_EDGE('',*,*,#2107,.T.);
#2105=ORIENTED_EDGE('',*,*,#2108,.T.);
#2106=ORIENTED_EDGE('',*,*,#2109,.T.);
#2107=EDGE_CURVE('',#179,#177,#2110,.F.);
#2108=EDGE_CURVE('',#177,#181,#2111,.T.);
#2109=EDGE_CURVE('',#181,#179,#2112,.T.);
#2110=LINE('',#178,#2113);
#2111=LINE('',#176,#2114);
#2112=LINE('',#180,#2115);
#2113=VECTOR('',#2116,1.0);
#2114=VECTOR('',#2117,1.0);
#2115=VECTOR('',#2118,1.0);
#2116=DIRECTION('',(-0.016895031173009667,0.12832128904358667,0.9915887275982191));
#2117=DIRECTION('',(0.13053540432077632,-0.9914436485342026,0));
#2118=DIRECTION('',(0,0,-1));
#2119=FACE_SURFACE('',(#2124),#2120,.T.);
#2120=PLANE('',#2121);
#2121=AXIS2_PLACEMENT_3D('',#178,#2122,#2123);
#2122=DIRECTION('',(0.9238807634942466,0.3826804604958138,-0));
#2123=DIRECTION('',(0,0,1));
#2124=FACE_BOUND('',#2125,.T.);
#2125=EDGE_LOOP('',(#2126,#2127,#2128));
#2126=ORIENTED_EDGE('',*,*,#2129,.T.);
#2127=ORIENTED_EDGE('',*,*,#2130,.T.);
#2128=ORIENTED_EDGE('',*,*,#2131,.T.);
#2129=EDGE_CURVE('',#179,#181,#2132,.F.);
#2130=EDGE_CURVE('',#181,#183,#2133,.T.);
#2131=EDGE_CURVE('',#183,#179,#2134,.T.);
#2132=LINE('',#178,#2135);
#2133=LINE('',#180,#2136);
#2134=LINE('',#182,#2137);
#2135=VECTOR('',#2138,1.0);
#2136=VECTOR('',#2139,1.0);
#2137=VECTOR('',#2140,1.0);
#2138=DIRECTION('',(0,0,1));
#2139=DIRECTION('',(0.04952951159311836,-0.11957590655885576,-0.991588841230061));
#2140=DIRECTION('',(-0.3826804604958138,0.9238807634942466,0));
#2141=FACE_SURFACE('',(#2146),#2142,.T.);
#2142=PLANE('',#2143);
#2143=AXIS2_PLACEMENT_3D('',#182,#2144,#2145);
#2144=DIRECTION('',(0.9238807634942466,0.3826804604958138,-0));
#2145=DIRECTION('',(-0.04952951159311836,0.11957590655885576,0.991588841230061));
#2146=FACE_BOUND('',#2147,.T.);
#2147=EDGE_LOOP('',(#2148,#2149,#2150));
#2148=ORIENTED_EDGE('',*,*,#2151,.T.);
#2149=ORIENTED_EDGE('',*,*,#2152,.T.);
#2150=ORIENTED_EDGE('',*,*,#2153,.T.);
#2151=EDGE_CURVE('',#183,#181,#2154,.F.);
#2152=EDGE_CURVE('',#181,#185,#2155,.T.);
#2153=EDGE_CURVE('',#185,#183,#2156,.T.);
#2154=LINE('',#182,#2157);
#2155=LINE('',#180,#2158);
#2156=LINE('',#184,#2159);
#2157=VECTOR('',#2160,1.0);
#2158=VECTOR('',#2161,1.0);
#2159=VECTOR('',#2162,1.0);
#2160=DIRECTION('',(-0.04952951159311836,0.11957590655885576,0.991588841230061));
#2161=DIRECTION('',(0.3826804604958138,-0.9238807634942466,0));
#2162=DIRECTION('',(0,0,-1));
#2163=FACE_SURFACE('',(#2168),#2164,.T.);
#2164=PLANE('',#2165);
#2165=AXIS2_PLACEMENT_3D('',#182,#2166,#2167);
#2166=DIRECTION('',(0.7933583992601054,0.6087548359754058,-0));
#2167=DIRECTION('',(0,0,1));
#2168=FACE_BOUND('',#2169,.T.);
#2169=EDGE_LOOP('',(#2170,#2171,#2172));
#2170=ORIENTED_EDGE('',*,*,#2173,.T.);
#2171=ORIENTED_EDGE('',*,*,#2174,.T.);
#2172=ORIENTED_EDGE('',*,*,#2175,.T.);
#2173=EDGE_CURVE('',#183,#185,#2176,.F.);
#2174=EDGE_CURVE('',#185,#187,#2177,.T.);
#2175=EDGE_CURVE('',#187,#183,#2178,.T.);
#2176=LINE('',#182,#2179);
#2177=LINE('',#184,#2180);
#2178=LINE('',#186,#2181);
#2179=VECTOR('',#2182,1.0);
#2180=VECTOR('',#2183,1.0);
#2181=VECTOR('',#2184,1.0);
#2182=DIRECTION('',(0,0,1));
#2183=DIRECTION('',(0.07878989971906003,-0.10268276328157679,-0.9915888269979247));
#2184=DIRECTION('',(-0.6087548359754058,0.7933583992601054,0));
#2185=FACE_SURFACE('',(#2190),#2186,.T.);
#2186=PLANE('',#2187);
#2187=AXIS2_PLACEMENT_3D('',#186,#2188,#2189);
#2188=DIRECTION('',(0.7933583992601054,0.6087548359754058,-0));
#2189=DIRECTION('',(-0.07878989971906003,0.10268276328157679,0.9915888269979247));
#2190=FACE_BOUND('',#2191,.T.);
#2191=EDGE_LOOP('',(#2192,#2193,#2194));
#2192=ORIENTED_EDGE('',*,*,#2195,.T.);
#2193=ORIENTED_EDGE('',*,*,#2196,.T.);
#2194=ORIENTED_EDGE('',*,*,#2197,.T.);
#2195=EDGE_CURVE('',#187,#185,#2198,.F.);
#2196=EDGE_CURVE('',#185,#189,#2199,.T.);
#2197=EDGE_CURVE('',#189,#187,#2200,.T.);
#2198=LINE('',#186,#2201);
#2199=LINE('',#184,#2202);
#2200=LINE('',#188,#2203);
#2201=VECTOR('',#2204,1.0);
#2202=VECTOR('',#2205,1.0);
#2203=VECTOR('',#2206,1.0);
#2204=DIRECTION('',(-0.07878989971906003,0.10268276328157679,0.9915888269979247));
#2205=DIRECTION('',(0.6087548359754058,-0.7933583992601054,0));
#2206=DIRECTION('',(0,0,-1));
#2207=FACE_SURFACE('',(#2212),#2208,.T.);
#2208=PLANE('',#2209);
#2209=AXIS2_PLACEMENT_3D('',#186,#2210,#2211);
#2210=DIRECTION('',(0.6087548359754058,0.7933583992601054,-0));
#2211=DIRECTION('',(0,0,1));
#2212=FACE_BOUND('',#2213,.T.);
#2213=EDGE_LOOP('',(#2214,#2215,#2216));
#2214=ORIENTED_EDGE('',*,*,#2217,.T.);
#2215=ORIENTED_EDGE('',*,*,#2218,.T.);
#2216=ORIENTED_EDGE('',*,*,#2219,.T.);
#2217=EDGE_CURVE('',#187,#189,#2220,.F.);
#2218=EDGE_CURVE('',#189,#191,#2221,.T.);
#2219=EDGE_CURVE('',#191,#187,#2222,.T.);
#2220=LINE('',#186,#2223);
#2221=LINE('',#188,#2224);
#2222=LINE('',#190,#2225);
#2223=VECTOR('',#2226,1.0);
#2224=VECTOR('',#2227,1.0);
#2225=VECTOR('',#2228,1.0);
#2226=DIRECTION('',(0,0,1));
#2227=DIRECTION('',(0.10268276328157679,-0.07878989971906003,-0.9915888269979247));
#2228=DIRECTION('',(-0.7933583992601054,0.6087548359754058,0));
#2229=FACE_SURFACE('',(#2234),#2230,.T.);
#2230=PLANE('',#2231);
#2231=AXIS2_PLACEMENT_3D('',#190,#2232,#2233);
#2232=DIRECTION('',(0.6087548359754058,0.7933583992601054,-0));
#2233=DIRECTION('',(-0.10268276328157679,0.07878989971906003,0.9915888269979247));
#2234=FACE_BOUND('',#2235,.T.);
#2235=EDGE_LOOP('',(#2236,#2237,#2238));
#2236=ORIENTED_EDGE('',*,*,#2239,.T.);
#2237=ORIENTED_EDGE('',*,*,#2240,.T.);
#2238=ORIENTED_EDGE('',*,*,#2241,.T.);
#2239=EDGE_CURVE('',#191,#189,#2242,.F.);
#2240=EDGE_CURVE('',#189,#193,#2243,.T.);
#2241=EDGE_CURVE('',#193,#191,#2244,.T.);
#2242=LINE('',#190,#2245);
#2243=LINE('',#188,#2246);
#2244=LINE('',#192,#2247);
#2245=VECTOR('',#2248,1.0);
#2246=VECTOR('',#2249,1.0);
#2247=VECTOR('',#2250,1.0);
#2248=DIRECTION('',(-0.10268276328157679,0.07878989971906003,0.9915888269979247));
#2249=DIRECTION('',(0.7933583992601054,-0.6087548359754058,0));
#2250=DIRECTION('',(0,0,-1));
#2251=FACE_SURFACE('',(#2256),#2252,.T.);
#2252=PLANE('',#2253);
#2253=AXIS2_PLACEMENT_3D('',#190,#2254,#2255);
#2254=DIRECTION('',(0.3826804604958138,0.9238807634942466,-0));
#2255=DIRECTION('',(0,0,1));
#2256=FACE_BOUND('',#2257,.T.);
#2257=EDGE_LOOP('',(#2258,#2259,#2260));
#2258=ORIENTED_EDGE('',*,*,#2261,.T.);
#2259=ORIENTED_EDGE('',*,*,#2262,.T.);
#2260=ORIENTED_EDGE('',*,*,#2263,.T.);
#2261=EDGE_CURVE('',#191,#193,#2264,.F.);
#2262=EDGE_CURVE('',#193,#195,#2265,.T.);
#2263=EDGE_CURVE('',#195,#191,#2266,.T.);
#2264=LINE('',#190,#2267);
#2265=LINE('',#192,#2268);
#2266=LINE('',#194,#2269);
#2267=VECTOR('',#2270,1.0);
#2268=VECTOR('',#2271,1.0);
#2269=VECTOR('',#2272,1.0);
#2270=DIRECTION('',(0,0,1));
#2271=DIRECTION('',(0.11957590655885576,-0.04952951159311836,-0.991588841230061));
#2272=DIRECTION('',(-0.9238807634942466,0.3826804604958138,0));
#2273=FACE_SURFACE('',(#2278),#2274,.T.);
#2274=PLANE('',#2275);
#2275=AXIS2_PLACEMENT_3D('',#194,#2276,#2277);
#2276=DIRECTION('',(0.3826804604958138,0.9238807634942466,-0));
#2277=DIRECTION('',(-0.11957590655885576,0.04952951159311836,0.991588841230061));
#2278=FACE_BOUND('',#2279,.T.);
#2279=EDGE_LOOP('',(#2280,#2281,#2282));
#2280=ORIENTED_EDGE('',*,*,#2283,.T.);
#2281=ORIENTED_EDGE('',*,*,#2284,.T.);
#2282=ORIENTED_EDGE('',*,*,#2285,.T.);
#2283=EDGE_CURVE('',#195,#193,#2286,.F.);
#2284=EDGE_CURVE('',#193,#197,#2287,.T.);
#2285=EDGE_CURVE('',#197,#195,#2288,.T.);
#2286=LINE('',#194,#2289);
#2287=LINE('',#192,#2290);
#2288=LINE('',#196,#2291);
#2289=VECTOR('',#2292,1.0);
#2290=VECTOR('',#2293,1.0);
#2291=VECTOR('',#2294,1.0);
#2292=DIRECTION('',(-0.11957590655885576,0.04952951159311836,0.991588841230061));
#2293=DIRECTION('',(0.9238807634942466,-0.3826804604958138,0));
#2294=DIRECTION('',(0,0,-1));
#2295=FACE_SURFACE('',(#2300),#2296,.T.);
#2296=PLANE('',#2297);
#2297=AXIS2_PLACEMENT_3D('',#194,#2298,#2299);
#2298=DIRECTION('',(0.13053540432077632,0.9914436485342026,-0));
#2299=DIRECTION('',(0,0,1));
#2300=FACE_BOUND('',#2301,.T.);
#2301=EDGE_LOOP('',(#2302,#2303,#2304));
#2302=ORIENTED_EDGE('',*,*,#2305,.T.);
#2303=ORIENTED_EDGE('',*,*,#2306,.T.);
#2304=ORIENTED_EDGE('',*,*,#2307,.T.);
#2305=EDGE_CURVE('',#195,#197,#2308,.F.);
#2306=EDGE_CURVE('',#197,#199,#2309,.T.);
#2307=EDGE_CURVE('',#199,#195,#2310,.T.);
#2308=LINE('',#194,#2311);
#2309=LINE('',#196,#2312);
#2310=LINE('',#198,#2313);
#2311=VECTOR('',#2314,1.0);
#2312=VECTOR('',#2315,1.0);
#2313=VECTOR('',#2316,1.0);
#2314=DIRECTION('',(0,0,1));
#2315=DIRECTION('',(0.12832128904358667,-0.016895031173009667,-0.9915887275982191));
#2316=DIRECTION('',(-0.9914436485342026,0.13053540432077632,0));
#2317=FACE_SURFACE('',(#2322),#2318,.T.);
#2318=PLANE('',#2319);
#2319=AXIS2_PLACEMENT_3D('',#198,#2320,#2321);
#2320=DIRECTION('',(0.13053540432077632,0.9914436485342026,-0));
#2321=DIRECTION('',(-0.12832128904358667,0.016895031173009667,0.9915887275982191));
#2322=FACE_BOUND('',#2323,.T.);
#2323=EDGE_LOOP('',(#2324,#2325,#2326));
#2324=ORIENTED_EDGE('',*,*,#2327,.T.);
#2325=ORIENTED_EDGE('',*,*,#2328,.T.);
#2326=ORIENTED_EDGE('',*,*,#2329,.T.);
#2327=EDGE_CURVE('',#199,#197,#2330,.F.);
#2328=EDGE_CURVE('',#197,#201,#2331,.T.);
#2329=EDGE_CURVE('',#201,#199,#2332,.T.);
#2330=LINE('',#198,#2333);
#2331=LINE('',#196,#2334);
#2332=LINE('',#200,#2335);
#2333=VECTOR('',#2336,1.0);
#2334=VECTOR('',#2337,1.0);
#2335=VECTOR('',#2338,1.0);
#2336=DIRECTION('',(-0.12832128904358667,0.016895031173009667,0.9915887275982191));
#2337=DIRECTION('',(0.9914436485342026,-0.13053540432077632,0));
#2338=DIRECTION('',(0,0,-1));
#2339=FACE_SURFACE('',(#2344),#2340,.T.);
#2340=PLANE('',#2341);
#2341=AXIS2_PLACEMENT_3D('',#198,#2342,#2343);
#2342=DIRECTION('',(-0.13053540432077632,0.9914436485342026,0));
#2343=DIRECTION('',(0,0,1));
#2344=FACE_BOUND('',#2345,.T.);
#2345=EDGE_LOOP('',(#2346,#2347,#2348));
#2346=ORIENTED_EDGE('',*,*,#2349,.T.);
#2347=ORIENTED_EDGE('',*,*,#2350,.T.);
#2348=ORIENTED_EDGE('',*,*,#2351,.T.);
#2349=EDGE_CURVE('',#199,#201,#2352,.F.);
#2350=EDGE_CURVE('',#201,#203,#2353,.T.);
#2351=EDGE_CURVE('',#203,#199,#2354,.T.);
#2352=LINE('',#198,#2355);
#2353=LINE('',#200,#2356);
#2354=LINE('',#202,#2357);
#2355=VECTOR('',#2358,1.0);
#2356=VECTOR('',#2359,1.0);
#2357=VECTOR('',#2360,1.0);
#2358=DIRECTION('',(0,0,1));
#2359=DIRECTION('',(0.12832128904358667,0.016895031173009667,-0.9915887275982191));
#2360=DIRECTION('',(-0.9914436485342026,-0.13053540432077632,0));
#2361=FACE_SURFACE('',(#2366),#2362,.T.);
#2362=PLANE('',#2363);
#2363=AXIS2_PLACEMENT_3D('',#202,#2364,#2365);
#2364=DIRECTION('',(-0.13053540432077632,0.9914436485342026,0));
#2365=DIRECTION('',(-0.12832128904358667,-0.016895031173009667,0.9915887275982191));
#2366=FACE_BOUND('',#2367,.T.);
#2367=EDGE_LOOP('',(#2368,#2369,#2370));
#2368=ORIENTED_EDGE('',*,*,#2371,.T.);
#2369=ORIENTED_EDGE('',*,*,#2372,.T.);
#2370=ORIENTED_EDGE('',*,*,#2373,.T.);
#2371=EDGE_CURVE('',#203,#201,#2374,.F.);
#2372=EDGE_CURVE('',#201,#205,#2375,.T.);
#2373=EDGE_CURVE('',#205,#203,#2376,.T.);
#2374=LINE('',#202,#2377);
#2375=LINE('',#200,#2378);
#2376=LINE('',#204,#2379);
#2377=VECTOR('',#2380,1.0);
#2378=VECTOR('',#2381,1.0);
#2379=VECTOR('',#2382,1.0);
#2380=DIRECTION('',(-0.12832128904358667,-0.016895031173009667,0.9915887275982191));
#2381=DIRECTION('',(0.9914436485342026,0.13053540432077632,0));
#2382=DIRECTION('',(0,0,-1));
#2383=FACE_SURFACE('',(#2388),#2384,.T.);
#2384=PLANE('',#2385);
#2385=AXIS2_PLACEMENT_3D('',#202,#2386,#2387);
#2386=DIRECTION('',(-0.3826804604958138,0.9238807634942466,0));
#2387=DIRECTION('',(0,0,1));
#2388=FACE_BOUND('',#2389,.T.);
#2389=EDGE_LOOP('',(#2390,#2391,#2392));
#2390=ORIENTED_EDGE('',*,*,#2393,.T.);
#2391=ORIENTED_EDGE('',*,*,#2394,.T.);
#2392=ORIENTED_EDGE('',*,*,#2395,.T.);
#2393=EDGE_CURVE('',#203,#205,#2396,.F.);
#2394=EDGE_CURVE('',#205,#207,#2397,.T.);
#2395=EDGE_CURVE('',#207,#203,#2398,.T.);
#2396=LINE('',#202,#2399);
#2397=LINE('',#204,#2400);
#2398=LINE('',#206,#2401);
#2399=VECTOR('',#2402,1.0);
#2400=VECTOR('',#2403,1.0);
#2401=VECTOR('',#2404,1.0);
#2402=DIRECTION('',(0,0,1));
#2403=DIRECTION('',(0.11957590655885576,0.04952951159311836,-0.991588841230061));
#2404=DIRECTION('',(-0.9238807634942466,-0.3826804604958138,0));
#2405=FACE_SURFACE('',(#2410),#2406,.T.);
#2406=PLANE('',#2407);
#2407=AXIS2_PLACEMENT_3D('',#206,#2408,#2409);
#2408=DIRECTION('',(-0.3826804604958138,0.9238807634942466,0));
#2409=DIRECTION('',(-0.11957590655885576,-0.04952951159311836,0.991588841230061));
#2410=FACE_BOUND('',#2411,.T.);
#2411=EDGE_LOOP('',(#2412,#2413,#2414));
#2412=ORIENTED_EDGE('',*,*,#2415,.T.);
#2413=ORIENTED_EDGE('',*,*,#2416,.T.);
#2414=ORIENTED_EDGE('',*,*,#2417,.T.);
#2415=EDGE_CURVE('',#207,#205,#2418,.F.);
#2416=EDGE_CURVE('',#205,#209,#2419,.T.);
#2417=EDGE_CURVE('',#209,#207,#2420,.T.);
#2418=LINE('',#206,#2421);
#2419=LINE('',#204,#2422);
#2420=LINE('',#208,#2423);
#2421=VECTOR('',#2424,1.0);
#2422=VECTOR('',#2425,1.0);
#2423=VECTOR('',#2426,1.0);
#2424=DIRECTION('',(-0.11957590655885576,-0.04952951159311836,0.991588841230061));
#2425=DIRECTION('',(0.9238807634942466,0.3826804604958138,0));
#2426=DIRECTION('',(0,0,-1));
#2427=FACE_SURFACE('',(#2432),#2428,.T.);
#2428=PLANE('',#2429);
#2429=AXIS2_PLACEMENT_3D('',#206,#2430,#2431);
#2430=DIRECTION('',(-0.6087548359754058,0.7933583992601054,0));
#2431=DIRECTION('',(0,0,1));
#2432=FACE_BOUND('',#2433,.T.);
#2433=EDGE_LOOP('',(#2434,#2435,#2436));
#2434=ORIENTED_EDGE('',*,*,#2437,.T.);
#2435=ORIENTED_EDGE('',*,*,#2438,.T.);
#2436=ORIENTED_EDGE('',*,*,#2439,.T.);
#2437=EDGE_CURVE('',#207,#209,#2440,.F.);
#2438=EDGE_CURVE('',#209,#211,#2441,.T.);
#2439=EDGE_CURVE('',#211,#207,#2442,.T.);
#2440=LINE('',#206,#2443);
#2441=LINE('',#208,#2444);
#2442=LINE('',#210,#2445);
#2443=VECTOR('',#2446,1.0);
#2444=VECTOR('',#2447,1.0);
#2445=VECTOR('',#2448,1.0);
#2446=DIRECTION('',(0,0,1));
#2447=DIRECTION('',(0.10268276328157679,0.07878989971906003,-0.9915888269979247));
#2448=DIRECTION('',(-0.7933583992601054,-0.6087548359754058,0));
#2449=FACE_SURFACE('',(#2454),#2450,.T.);
#2450=PLANE('',#2451);
#2451=AXIS2_PLACEMENT_3D('',#210,#2452,#2453);
#2452=DIRECTION('',(-0.6087548359754058,0.7933583992601054,0));
#2453=DIRECTION('',(-0.10268276328157679,-0.07878989971906003,0.9915888269979247));
#2454=FACE_BOUND('',#2455,.T.);
#2455=EDGE_LOOP('',(#2456,#2457,#2458));
#2456=ORIENTED_EDGE('',*,*,#2459,.T.);
#2457=ORIENTED_EDGE('',*,*,#2460,.T.);
#2458=ORIENTED_EDGE('',*,*,#2461,.T.);
#2459=EDGE_CURVE('',#211,#209,#2462,.F.);
#2460=EDGE_CURVE('',#209,#213,#2463,.T.);
#2461=EDGE_CURVE('',#213,#211,#2464,.T.);
#2462=LINE('',#210,#2465);
#2463=LINE('',#208,#2466);
#2464=LINE('',#212,#2467);
#2465=VECTOR('',#2468,1.0);
#2466=VECTOR('',#2469,1.0);
#2467=VECTOR('',#2470,1.0);
#2468=DIRECTION('',(-0.10268276328157679,-0.07878989971906003,0.9915888269979247));
#2469=DIRECTION('',(0.7933583992601054,0.6087548359754058,0));
#2470=DIRECTION('',(0,0,-1));
#2471=FACE_SURFACE('',(#2476),#2472,.T.);
#2472=PLANE('',#2473);
#2473=AXIS2_PLACEMENT_3D('',#210,#2474,#2475);
#2474=DIRECTION('',(-0.7933513418582181,0.6087640334084832,0));
#2475=DIRECTION('',(0,0,1));
#2476=FACE_BOUND('',#2477,.T.);
#2477=EDGE_LOOP('',(#2478,#2479,#2480));
#2478=ORIENTED_EDGE('',*,*,#2481,.T.);
#2479=ORIENTED_EDGE('',*,*,#2482,.T.);
#2480=ORIENTED_EDGE('',*,*,#2483,.T.);
#2481=EDGE_CURVE('',#211,#213,#2484,.F.);
#2482=EDGE_CURVE('',#213,#215,#2485,.T.);
#2483=EDGE_CURVE('',#215,#211,#2486,.T.);
#2484=LINE('',#210,#2487);
#2485=LINE('',#212,#2488);
#2486=LINE('',#214,#2489);
#2487=VECTOR('',#2490,1.0);
#2488=VECTOR('',#2491,1.0);
#2489=VECTOR('',#2492,1.0);
#2490=DIRECTION('',(0,0,1));
#2491=DIRECTION('',(0.07879177928329517,0.10268274798004469,-0.9915886792338037));
#2492=DIRECTION('',(-0.6087640334084832,-0.7933513418582181,0));
#2493=FACE_SURFACE('',(#2498),#2494,.T.);
#2494=PLANE('',#2495);
#2495=AXIS2_PLACEMENT_3D('',#214,#2496,#2497);
#2496=DIRECTION('',(-0.7933513418582181,0.6087640334084832,0));
#2497=DIRECTION('',(-0.07879177928329517,-0.10268274798004469,0.9915886792338037));
#2498=FACE_BOUND('',#2499,.T.);
#2499=EDGE_LOOP('',(#2500,#2501,#2502));
#2500=ORIENTED_EDGE('',*,*,#2503,.T.);
#2501=ORIENTED_EDGE('',*,*,#2504,.T.);
#2502=ORIENTED_EDGE('',*,*,#2505,.T.);
#2503=EDGE_CURVE('',#215,#213,#2506,.F.);
#2504=EDGE_CURVE('',#213,#217,#2507,.T.);
#2505=EDGE_CURVE('',#217,#215,#2508,.T.);
#2506=LINE('',#214,#2509);
#2507=LINE('',#212,#2510);
#2508=LINE('',#216,#2511);
#2509=VECTOR('',#2512,1.0);
#2510=VECTOR('',#2513,1.0);
#2511=VECTOR('',#2514,1.0);
#2512=DIRECTION('',(-0.07879177928329517,-0.10268274798004469,0.9915886792338037));
#2513=DIRECTION('',(0.6087640334084832,0.7933513418582181,0));
#2514=DIRECTION('',(0,0,-1));
#2515=FACE_SURFACE('',(#2520),#2516,.T.);
#2516=PLANE('',#2517);
#2517=AXIS2_PLACEMENT_3D('',#214,#2518,#2519);
#2518=DIRECTION('',(-0.9238807634942466,0.3826804604958138,0));
#2519=DIRECTION('',(0,0,1));
#2520=FACE_BOUND('',#2521,.T.);
#2521=EDGE_LOOP('',(#2522,#2523,#2524));
#2522=ORIENTED_EDGE('',*,*,#2525,.T.);
#2523=ORIENTED_EDGE('',*,*,#2526,.T.);
#2524=ORIENTED_EDGE('',*,*,#2527,.T.);
#2525=EDGE_CURVE('',#215,#217,#2528,.F.);
#2526=EDGE_CURVE('',#217,#219,#2529,.T.);
#2527=EDGE_CURVE('',#219,#215,#2530,.T.);
#2528=LINE('',#214,#2531);
#2529=LINE('',#216,#2532);
#2530=LINE('',#218,#2533);
#2531=VECTOR('',#2534,1.0);
#2532=VECTOR('',#2535,1.0);
#2533=VECTOR('',#2536,1.0);
#2534=DIRECTION('',(0,0,1));
#2535=DIRECTION('',(0.04952951159311836,0.11957590655885576,-0.991588841230061));
#2536=DIRECTION('',(-0.3826804604958138,-0.9238807634942466,0));
#2537=FACE_SURFACE('',(#2542),#2538,.T.);
#2538=PLANE('',#2539);
#2539=AXIS2_PLACEMENT_3D('',#218,#2540,#2541);
#2540=DIRECTION('',(-0.9238807634942466,0.3826804604958138,0));
#2541=DIRECTION('',(-0.04952951159311836,-0.11957590655885576,0.991588841230061));
#2542=FACE_BOUND('',#2543,.T.);
#2543=EDGE_LOOP('',(#2544,#2545,#2546));
#2544=ORIENTED_EDGE('',*,*,#2547,.T.);
#2545=ORIENTED_EDGE('',*,*,#2548,.T.);
#2546=ORIENTED_EDGE('',*,*,#2549,.T.);
#2547=EDGE_CURVE('',#219,#217,#2550,.F.);
#2548=EDGE_CURVE('',#217,#221,#2551,.T.);
#2549=EDGE_CURVE('',#221,#219,#2552,.T.);
#2550=LINE('',#218,#2553);
#2551=LINE('',#216,#2554);
#2552=LINE('',#220,#2555);
#2553=VECTOR('',#2556,1.0);
#2554=VECTOR('',#2557,1.0);
#2555=VECTOR('',#2558,1.0);
#2556=DIRECTION('',(-0.04952951159311836,-0.11957590655885576,0.991588841230061));
#2557=DIRECTION('',(0.3826804604958138,0.9238807634942466,0));
#2558=DIRECTION('',(0,0,-1));
#2559=FACE_SURFACE('',(#2564),#2560,.T.);
#2560=PLANE('',#2561);
#2561=AXIS2_PLACEMENT_3D('',#218,#2562,#2563);
#2562=DIRECTION('',(-0.9914455395896884,0.13052104055558156,0));
#2563=DIRECTION('',(0,0,1));
#2564=FACE_BOUND('',#2565,.T.);
#2565=EDGE_LOOP('',(#2566,#2567,#2568));
#2566=ORIENTED_EDGE('',*,*,#2569,.T.);
#2567=ORIENTED_EDGE('',*,*,#2570,.T.);
#2568=ORIENTED_EDGE('',*,*,#2571,.T.);
#2569=EDGE_CURVE('',#219,#221,#2572,.F.);
#2570=EDGE_CURVE('',#221,#223,#2573,.T.);
#2571=EDGE_CURVE('',#223,#219,#2574,.T.);
#2572=LINE('',#218,#2575);
#2573=LINE('',#220,#2576);
#2574=LINE('',#222,#2577);
#2575=VECTOR('',#2578,1.0);
#2576=VECTOR('',#2579,1.0);
#2577=VECTOR('',#2580,1.0);
#2578=DIRECTION('',(0,0,1));
#2579=DIRECTION('',(0.016893140407373292,0.1283212931436927,-0.9915887592813399));
#2580=DIRECTION('',(-0.13052104055558156,-0.9914455395896884,0));
#2581=FACE_SURFACE('',(#2586),#2582,.T.);
#2582=PLANE('',#2583);
#2583=AXIS2_PLACEMENT_3D('',#222,#2584,#2585);
#2584=DIRECTION('',(-0.9914455395896884,0.13052104055558156,0));
#2585=DIRECTION('',(-0.016893140407373292,-0.1283212931436927,0.9915887592813399));
#2586=FACE_BOUND('',#2587,.T.);
#2587=EDGE_LOOP('',(#2588,#2589,#2590));
#2588=ORIENTED_EDGE('',*,*,#2591,.T.);
#2589=ORIENTED_EDGE('',*,*,#2592,.T.);
#2590=ORIENTED_EDGE('',*,*,#2593,.T.);
#2591=EDGE_CURVE('',#223,#221,#2594,.F.);
#2592=EDGE_CURVE('',#221,#225,#2595,.T.);
#2593=EDGE_CURVE('',#225,#223,#2596,.T.);
#2594=LINE('',#222,#2597);
#2595=LINE('',#220,#2598);
#2596=LINE('',#224,#2599);
#2597=VECTOR('',#2600,1.0);
#2598=VECTOR('',#2601,1.0);
#2599=VECTOR('',#2602,1.0);
#2600=DIRECTION('',(-0.016893140407373292,-0.1283212931436927,0.9915887592813399));
#2601=DIRECTION('',(0.13052104055558156,0.9914455395896884,0));
#2602=DIRECTION('',(0,0,-1));
#2603=FACE_SURFACE('',(#2608),#2604,.T.);
#2604=PLANE('',#2605);
#2605=AXIS2_PLACEMENT_3D('',#222,#2606,#2607);
#2606=DIRECTION('',(-0.9914455395896884,-0.13052104055558156,0));
#2607=DIRECTION('',(0,0,1));
#2608=FACE_BOUND('',#2609,.T.);
#2609=EDGE_LOOP('',(#2610,#2611,#2612));
#2610=ORIENTED_EDGE('',*,*,#2613,.T.);
#2611=ORIENTED_EDGE('',*,*,#2614,.T.);
#2612=ORIENTED_EDGE('',*,*,#2615,.T.);
#2613=EDGE_CURVE('',#223,#225,#2616,.F.);
#2614=EDGE_CURVE('',#225,#227,#2617,.T.);
#2615=EDGE_CURVE('',#227,#223,#2618,.T.);
#2616=LINE('',#222,#2619);
#2617=LINE('',#224,#2620);
#2618=LINE('',#226,#2621);
#2619=VECTOR('',#2622,1.0);
#2620=VECTOR('',#2623,1.0);
#2621=VECTOR('',#2624,1.0);
#2622=DIRECTION('',(0,0,1));
#2623=DIRECTION('',(-0.016893140407373292,0.1283212931436927,-0.9915887592813399));
#2624=DIRECTION('',(0.13052104055558156,-0.9914455395896884,0));
#2625=FACE_SURFACE('',(#2630),#2626,.T.);
#2626=PLANE('',#2627);
#2627=AXIS2_PLACEMENT_3D('',#226,#2628,#2629);
#2628=DIRECTION('',(-0.9914455395896884,-0.13052104055558156,0));
#2629=DIRECTION('',(0.016893140407373292,-0.1283212931436927,0.9915887592813399));
#2630=FACE_BOUND('',#2631,.T.);
#2631=EDGE_LOOP('',(#2632,#2633,#2634));
#2632=ORIENTED_EDGE('',*,*,#2635,.T.);
#2633=ORIENTED_EDGE('',*,*,#2636,.T.);
#2634=ORIENTED_EDGE('',*,*,#2637,.T.);
#2635=EDGE_CURVE('',#227,#225,#2638,.F.);
#2636=EDGE_CURVE('',#225,#229,#2639,.T.);
#2637=EDGE_CURVE('',#229,#227,#2640,.T.);
#2638=LINE('',#226,#2641);
#2639=LINE('',#224,#2642);
#2640=LINE('',#228,#2643);
#2641=VECTOR('',#2644,1.0);
#2642=VECTOR('',#2645,1.0);
#2643=VECTOR('',#2646,1.0);
#2644=DIRECTION('',(0.016893140407373292,-0.1283212931436927,0.9915887592813399));
#2645=DIRECTION('',(-0.13052104055558156,0.9914455395896884,0));
#2646=DIRECTION('',(0,0,-1));
#2647=FACE_SURFACE('',(#2652),#2648,.T.);
#2648=PLANE('',#2649);
#2649=AXIS2_PLACEMENT_3D('',#226,#2650,#2651);
#2650=DIRECTION('',(-0.9238807634942466,-0.3826804604958138,0));
#2651=DIRECTION('',(0,0,1));
#2652=FACE_BOUND('',#2653,.T.);
#2653=EDGE_LOOP('',(#2654,#2655,#2656));
#2654=ORIENTED_EDGE('',*,*,#2657,.T.);
#2655=ORIENTED_EDGE('',*,*,#2658,.T.);
#2656=ORIENTED_EDGE('',*,*,#2659,.T.);
#2657=EDGE_CURVE('',#227,#229,#2660,.F.);
#2658=EDGE_CURVE('',#229,#231,#2661,.T.);
#2659=EDGE_CURVE('',#231,#227,#2662,.T.);
#2660=LINE('',#226,#2663);
#2661=LINE('',#228,#2664);
#2662=LINE('',#230,#2665);
#2663=VECTOR('',#2666,1.0);
#2664=VECTOR('',#2667,1.0);
#2665=VECTOR('',#2668,1.0);
#2666=DIRECTION('',(0,0,1));
#2667=DIRECTION('',(-0.04952951159311836,0.11957590655885576,-0.991588841230061));
#2668=DIRECTION('',(0.3826804604958138,-0.9238807634942466,0));
#2669=FACE_SURFACE('',(#2674),#2670,.T.);
#2670=PLANE('',#2671);
#2671=AXIS2_PLACEMENT_3D('',#230,#2672,#2673);
#2672=DIRECTION('',(-0.9238807634942466,-0.3826804604958138,0));
#2673=DIRECTION('',(0.04952951159311836,-0.11957590655885576,0.991588841230061));
#2674=FACE_BOUND('',#2675,.T.);
#2675=EDGE_LOOP('',(#2676,#2677,#2678));
#2676=ORIENTED_EDGE('',*,*,#2679,.T.);
#2677=ORIENTED_EDGE('',*,*,#2680,.T.);
#2678=ORIENTED_EDGE('',*,*,#2681,.T.);
#2679=EDGE_CURVE('',#231,#229,#2682,.F.);
#2680=EDGE_CURVE('',#229,#233,#2683,.T.);
#2681=EDGE_CURVE('',#233,#231,#2684,.T.);
#2682=LINE('',#230,#2685);
#2683=LINE('',#228,#2686);
#2684=LINE('',#232,#2687);
#2685=VECTOR('',#2688,1.0);
#2686=VECTOR('',#2689,1.0);
#2687=VECTOR('',#2690,1.0);
#2688=DIRECTION('',(0.04952951159311836,-0.11957590655885576,0.991588841230061));
#2689=DIRECTION('',(-0.3826804604958138,0.9238807634942466,0));
#2690=DIRECTION('',(0,0,-1));
#2691=FACE_SURFACE('',(#2696),#2692,.T.);
#2692=PLANE('',#2693);
#2693=AXIS2_PLACEMENT_3D('',#230,#2694,#2695);
#2694=DIRECTION('',(-0.7933513418582181,-0.6087640334084832,0));
#2695=DIRECTION('',(0,0,1));
#2696=FACE_BOUND('',#2697,.T.);
#2697=EDGE_LOOP('',(#2698,#2699,#2700));
#2698=ORIENTED_EDGE('',*,*,#2701,.T.);
#2699=ORIENTED_EDGE('',*,*,#2702,.T.);
#2700=ORIENTED_EDGE('',*,*,#2703,.T.);
#2701=EDGE_CURVE('',#231,#233,#2704,.F.);
#2702=EDGE_CURVE('',#233,#235,#2705,.T.);
#2703=EDGE_CURVE('',#235,#231,#2706,.T.);
#2704=LINE('',#230,#2707);
#2705=LINE('',#232,#2708);
#2706=LINE('',#234,#2709);
#2707=VECTOR('',#2710,1.0);
#2708=VECTOR('',#2711,1.0);
#2709=VECTOR('',#2712,1.0);
#2710=DIRECTION('',(0,0,1));
#2711=DIRECTION('',(-0.07879177928329517,0.10268274798004469,-0.9915886792338037));
#2712=DIRECTION('',(0.6087640334084832,-0.7933513418582181,0));
#2713=FACE_SURFACE('',(#2718),#2714,.T.);
#2714=PLANE('',#2715);
#2715=AXIS2_PLACEMENT_3D('',#234,#2716,#2717);
#2716=DIRECTION('',(-0.7933513418582181,-0.6087640334084832,0));
#2717=DIRECTION('',(0.07879177928329517,-0.10268274798004469,0.9915886792338037));
#2718=FACE_BOUND('',#2719,.T.);
#2719=EDGE_LOOP('',(#2720,#2721,#2722));
#2720=ORIENTED_EDGE('',*,*,#2723,.T.);
#2721=ORIENTED_EDGE('',*,*,#2724,.T.);
#2722=ORIENTED_EDGE('',*,*,#2725,.T.);
#2723=EDGE_CURVE('',#235,#233,#2726,.F.);
#2724=EDGE_CURVE('',#233,#237,#2727,.T.);
#2725=EDGE_CURVE('',#237,#235,#2728,.T.);
#2726=LINE('',#234,#2729);
#2727=LINE('',#232,#2730);
#2728=LINE('',#236,#2731);
#2729=VECTOR('',#2732,1.0);
#2730=VECTOR('',#2733,1.0);
#2731=VECTOR('',#2734,1.0);
#2732=DIRECTION('',(0.07879177928329517,-0.10268274798004469,0.9915886792338037));
#2733=DIRECTION('',(-0.6087640334084832,0.7933513418582181,0));
#2734=DIRECTION('',(0,0,-1));
#2735=FACE_SURFACE('',(#2740),#2736,.T.);
#2736=PLANE('',#2737);
#2737=AXIS2_PLACEMENT_3D('',#234,#2738,#2739);
#2738=DIRECTION('',(-0.6087640334084832,-0.7933513418582181,0));
#2739=DIRECTION('',(0,0,1));
#2740=FACE_BOUND('',#2741,.T.);
#2741=EDGE_LOOP('',(#2742,#2743,#2744));
#2742=ORIENTED_EDGE('',*,*,#2745,.T.);
#2743=ORIENTED_EDGE('',*,*,#2746,.T.);
#2744=ORIENTED_EDGE('',*,*,#2747,.T.);
#2745=EDGE_CURVE('',#235,#237,#2748,.F.);
#2746=EDGE_CURVE('',#237,#239,#2749,.T.);
#2747=EDGE_CURVE('',#239,#235,#2750,.T.);
#2748=LINE('',#234,#2751);
#2749=LINE('',#236,#2752);
#2750=LINE('',#238,#2753);
#2751=VECTOR('',#2754,1.0);
#2752=VECTOR('',#2755,1.0);
#2753=VECTOR('',#2756,1.0);
#2754=DIRECTION('',(0,0,1));
#2755=DIRECTION('',(-0.10268274798004469,0.07879177928329517,-0.9915886792338037));
#2756=DIRECTION('',(0.7933513418582181,-0.6087640334084832,0));
#2757=FACE_SURFACE('',(#2762),#2758,.T.);
#2758=PLANE('',#2759);
#2759=AXIS2_PLACEMENT_3D('',#238,#2760,#2761);
#2760=DIRECTION('',(-0.6087640334084832,-0.7933513418582181,0));
#2761=DIRECTION('',(0.10268274798004469,-0.07879177928329517,0.9915886792338037));
#2762=FACE_BOUND('',#2763,.T.);
#2763=EDGE_LOOP('',(#2764,#2765,#2766));
#2764=ORIENTED_EDGE('',*,*,#2767,.T.);
#2765=ORIENTED_EDGE('',*,*,#2768,.T.);
#2766=ORIENTED_EDGE('',*,*,#2769,.T.);
#2767=EDGE_CURVE('',#239,#237,#2770,.F.);
#2768=EDGE_CURVE('',#237,#241,#2771,.T.);
#2769=EDGE_CURVE('',#241,#239,#2772,.T.);
#2770=LINE('',#238,#2773);
#2771=LINE('',#236,#2774);
#2772=LINE('',#240,#2775);
#2773=VECTOR('',#2776,1.0);
#2774=VECTOR('',#2777,1.0);
#2775=VECTOR('',#2778,1.0);
#2776=DIRECTION('',(0.10268274798004469,-0.07879177928329517,0.9915886792338037));
#2777=DIRECTION('',(-0.7933513418582181,0.6087640334084832,0));
#2778=DIRECTION('',(0,0,-1));
#2779=FACE_SURFACE('',(#2784),#2780,.T.);
#2780=PLANE('',#2781);
#2781=AXIS2_PLACEMENT_3D('',#238,#2782,#2783);
#2782=DIRECTION('',(-0.3826804604958138,-0.9238807634942466,0));
#2783=DIRECTION('',(0,0,1));
#2784=FACE_BOUND('',#2785,.T.);
#2785=EDGE_LOOP('',(#2786,#2787,#2788));
#2786=ORIENTED_EDGE('',*,*,#2789,.T.);
#2787=ORIENTED_EDGE('',*,*,#2790,.T.);
#2788=ORIENTED_EDGE('',*,*,#2791,.T.);
#2789=EDGE_CURVE('',#239,#241,#2792,.F.);
#2790=EDGE_CURVE('',#241,#243,#2793,.T.);
#2791=EDGE_CURVE('',#243,#239,#2794,.T.);
#2792=LINE('',#238,#2795);
#2793=LINE('',#240,#2796);
#2794=LINE('',#242,#2797);
#2795=VECTOR('',#2798,1.0);
#2796=VECTOR('',#2799,1.0);
#2797=VECTOR('',#2800,1.0);
#2798=DIRECTION('',(0,0,1));
#2799=DIRECTION('',(-0.11957590655885576,0.04952951159311836,-0.991588841230061));
#2800=DIRECTION('',(0.9238807634942466,-0.3826804604958138,0));
#2801=FACE_SURFACE('',(#2806),#2802,.T.);
#2802=PLANE('',#2803);
#2803=AXIS2_PLACEMENT_3D('',#242,#2804,#2805);
#2804=DIRECTION('',(-0.3826804604958138,-0.9238807634942466,0));
#2805=DIRECTION('',(0.11957590655885576,-0.04952951159311836,0.991588841230061));
#2806=FACE_BOUND('',#2807,.T.);
#2807=EDGE_LOOP('',(#2808,#2809,#2810));
#2808=ORIENTED_EDGE('',*,*,#2811,.T.);
#2809=ORIENTED_EDGE('',*,*,#2812,.T.);
#2810=ORIENTED_EDGE('',*,*,#2813,.T.);
#2811=EDGE_CURVE('',#243,#241,#2814,.F.);
#2812=EDGE_CURVE('',#241,#245,#2815,.T.);
#2813=EDGE_CURVE('',#245,#243,#2816,.T.);
#2814=LINE('',#242,#2817);
#2815=LINE('',#240,#2818);
#2816=LINE('',#244,#2819);
#2817=VECTOR('',#2820,1.0);
#2818=VECTOR('',#2821,1.0);
#2819=VECTOR('',#2822,1.0);
#2820=DIRECTION('',(0.11957590655885576,-0.04952951159311836,0.991588841230061));
#2821=DIRECTION('',(-0.9238807634942466,0.3826804604958138,0));
#2822=DIRECTION('',(0,0,-1));
#2823=FACE_SURFACE('',(#2828),#2824,.T.);
#2824=PLANE('',#2825);
#2825=AXIS2_PLACEMENT_3D('',#242,#2826,#2827);
#2826=DIRECTION('',(-0.13052104055558156,-0.9914455395896884,0));
#2827=DIRECTION('',(0,0,1));
#2828=FACE_BOUND('',#2829,.T.);
#2829=EDGE_LOOP('',(#2830,#2831,#2832));
#2830=ORIENTED_EDGE('',*,*,#2833,.T.);
#2831=ORIENTED_EDGE('',*,*,#2834,.T.);
#2832=ORIENTED_EDGE('',*,*,#2835,.T.);
#2833=EDGE_CURVE('',#243,#245,#2836,.F.);
#2834=EDGE_CURVE('',#245,#247,#2837,.T.);
#2835=EDGE_CURVE('',#247,#243,#2838,.T.);
#2836=LINE('',#242,#2839);
#2837=LINE('',#244,#2840);
#2838=LINE('',#246,#2841);
#2839=VECTOR('',#2842,1.0);
#2840=VECTOR('',#2843,1.0);
#2841=VECTOR('',#2844,1.0);
#2842=DIRECTION('',(0,0,1));
#2843=DIRECTION('',(-0.1283212931436927,0.016893140407373292,-0.9915887592813399));
#2844=DIRECTION('',(0.9914455395896884,-0.13052104055558156,0));
#2845=FACE_SURFACE('',(#2850),#2846,.T.);
#2846=PLANE('',#2847);
#2847=AXIS2_PLACEMENT_3D('',#246,#2848,#2849);
#2848=DIRECTION('',(-0.13052104055558156,-0.9914455395896884,0));
#2849=DIRECTION('',(0.1283212931436927,-0.016893140407373292,0.9915887592813399));
#2850=FACE_BOUND('',#2851,.T.);
#2851=EDGE_LOOP('',(#2852,#2853,#2854));
#2852=ORIENTED_EDGE('',*,*,#2855,.T.);
#2853=ORIENTED_EDGE('',*,*,#2856,.T.);
#2854=ORIENTED_EDGE('',*,*,#2857,.T.);
#2855=EDGE_CURVE('',#247,#245,#2858,.F.);
#2856=EDGE_CURVE('',#245,#249,#2859,.T.);
#2857=EDGE_CURVE('',#249,#247,#2860,.T.);
#2858=LINE('',#246,#2861);
#2859=LINE('',#244,#2862);
#2860=LINE('',#248,#2863);
#2861=VECTOR('',#2864,1.0);
#2862=VECTOR('',#2865,1.0);
#2863=VECTOR('',#2866,1.0);
#2864=DIRECTION('',(0.1283212931436927,-0.016893140407373292,0.9915887592813399));
#2865=DIRECTION('',(-0.9914455395896884,0.13052104055558156,0));
#2866=DIRECTION('',(0,0,-1));
#2867=FACE_SURFACE('',(#2872),#2868,.T.);
#2868=PLANE('',#2869);
#2869=AXIS2_PLACEMENT_3D('',#246,#2870,#2871);
#2870=DIRECTION('',(0.13052104055558156,-0.9914455395896884,0));
#2871=DIRECTION('',(0,0,1));
#2872=FACE_BOUND('',#2873,.T.);
#2873=EDGE_LOOP('',(#2874,#2875,#2876));
#2874=ORIENTED_EDGE('',*,*,#2877,.T.);
#2875=ORIENTED_EDGE('',*,*,#2878,.T.);
#2876=ORIENTED_EDGE('',*,*,#2879,.T.);
#2877=EDGE_CURVE('',#247,#249,#2880,.F.);
#2878=EDGE_CURVE('',#249,#251,#2881,.T.);
#2879=EDGE_CURVE('',#251,#247,#2882,.T.);
#2880=LINE('',#246,#2883);
#2881=LINE('',#248,#2884);
#2882=LINE('',#250,#2885);
#2883=VECTOR('',#2886,1.0);
#2884=VECTOR('',#2887,1.0);
#2885=VECTOR('',#2888,1.0);
#2886=DIRECTION('',(0,0,1));
#2887=DIRECTION('',(-0.1283212931436927,-0.016893140407373292,-0.9915887592813399));
#2888=DIRECTION('',(0.9914455395896884,0.13052104055558156,0));
#2889=FACE_SURFACE('',(#2894),#2890,.T.);
#2890=PLANE('',#2891);
#2891=AXIS2_PLACEMENT_3D('',#250,#2892,#2893);
#2892=DIRECTION('',(0.13052104055558156,-0.9914455395896884,0));
#2893=DIRECTION('',(0.1283212931436927,0.016893140407373292,0.9915887592813399));
#2894=FACE_BOUND('',#2895,.T.);
#2895=EDGE_LOOP('',(#2896,#2897,#2898));
#2896=ORIENTED_EDGE('',*,*,#2899,.T.);
#2897=ORIENTED_EDGE('',*,*,#2900,.T.);
#2898=ORIENTED_EDGE('',*,*,#2901,.T.);
#2899=EDGE_CURVE('',#251,#249,#2902,.F.);
#2900=EDGE_CURVE('',#249,#253,#2903,.T.);
#2901=EDGE_CURVE('',#253,#251,#2904,.T.);
#2902=LINE('',#250,#2905);
#2903=LINE('',#248,#2906);
#2904=LINE('',#252,#2907);
#2905=VECTOR('',#2908,1.0);
#2906=VECTOR('',#2909,1.0);
#2907=VECTOR('',#2910,1.0);
#2908=DIRECTION('',(0.1283212931436927,0.016893140407373292,0.9915887592813399));
#2909=DIRECTION('',(-0.9914455395896884,-0.13052104055558156,0));
#2910=DIRECTION('',(0,0,-1));
#2911=FACE_SURFACE('',(#2916),#2912,.T.);
#2912=PLANE('',#2913);
#2913=AXIS2_PLACEMENT_3D('',#250,#2914,#2915);
#2914=DIRECTION('',(0.3826804604958138,-0.9238807634942466,0));
#2915=DIRECTION('',(0,0,1));
#2916=FACE_BOUND('',#2917,.T.);
#2917=EDGE_LOOP('',(#2918,#2919,#2920));
#2918=ORIENTED_EDGE('',*,*,#2921,.T.);
#2919=ORIENTED_EDGE('',*,*,#2922,.T.);
#2920=ORIENTED_EDGE('',*,*,#2923,.T.);
#2921=EDGE_CURVE('',#251,#253,#2924,.F.);
#2922=EDGE_CURVE('',#253,#255,#2925,.T.);
#2923=EDGE_CURVE('',#255,#251,#2926,.T.);
#2924=LINE('',#250,#2927);
#2925=LINE('',#252,#2928);
#2926=LINE('',#254,#2929);
#2927=VECTOR('',#2930,1.0);
#2928=VECTOR('',#2931,1.0);
#2929=VECTOR('',#2932,1.0);
#2930=DIRECTION('',(0,0,1));
#2931=DIRECTION('',(-0.11957590655885576,-0.04952951159311836,-0.991588841230061));
#2932=DIRECTION('',(0.9238807634942466,0.3826804604958138,0));
#2933=FACE_SURFACE('',(#2938),#2934,.T.);
#2934=PLANE('',#2935);
#2935=AXIS2_PLACEMENT_3D('',#254,#2936,#2937);
#2936=DIRECTION('',(0.3826804604958138,-0.9238807634942466,0));
#2937=DIRECTION('',(0.11957590655885576,0.04952951159311836,0.991588841230061));
#2938=FACE_BOUND('',#2939,.T.);
#2939=EDGE_LOOP('',(#2940,#2941,#2942));
#2940=ORIENTED_EDGE('',*,*,#2943,.T.);
#2941=ORIENTED_EDGE('',*,*,#2944,.T.);
#2942=ORIENTED_EDGE('',*,*,#2945,.T.);
#2943=EDGE_CURVE('',#255,#253,#2946,.F.);
#2944=EDGE_CURVE('',#253,#257,#2947,.T.);
#2945=EDGE_CURVE('',#257,#255,#2948,.T.);
#2946=LINE('',#254,#2949);
#2947=LINE('',#252,#2950);
#2948=LINE('',#256,#2951);
#2949=VECTOR('',#2952,1.0);
#2950=VECTOR('',#2953,1.0);
#2951=VECTOR('',#2954,1.0);
#2952=DIRECTION('',(0.11957590655885576,0.04952951159311836,0.991588841230061));
#2953=DIRECTION('',(-0.9238807634942466,-0.3826804604958138,0));
#2954=DIRECTION('',(0,0,-1));
#2955=FACE_SURFACE('',(#2960),#2956,.T.);
#2956=PLANE('',#2957);
#2957=AXIS2_PLACEMENT_3D('',#254,#2958,#2959);
#2958=DIRECTION('',(0.6087640334084832,-0.7933513418582181,0));
#2959=DIRECTION('',(0,0,1));
#2960=FACE_BOUND('',#2961,.T.);
#2961=EDGE_LOOP('',(#2962,#2963,#2964));
#2962=ORIENTED_EDGE('',*,*,#2965,.T.);
#2963=ORIENTED_EDGE('',*,*,#2966,.T.);
#2964=ORIENTED_EDGE('',*,*,#2967,.T.);
#2965=EDGE_CURVE('',#255,#257,#2968,.F.);
#2966=EDGE_CURVE('',#257,#259,#2969,.T.);
#2967=EDGE_CURVE('',#259,#255,#2970,.T.);
#2968=LINE('',#254,#2971);
#2969=LINE('',#256,#2972);
#2970=LINE('',#258,#2973);
#2971=VECTOR('',#2974,1.0);
#2972=VECTOR('',#2975,1.0);
#2973=VECTOR('',#2976,1.0);
#2974=DIRECTION('',(0,0,1));
#2975=DIRECTION('',(-0.10268274798004469,-0.07879177928329517,-0.9915886792338037));
#2976=DIRECTION('',(0.7933513418582181,0.6087640334084832,0));
#2977=FACE_SURFACE('',(#2982),#2978,.T.);
#2978=PLANE('',#2979);
#2979=AXIS2_PLACEMENT_3D('',#258,#2980,#2981);
#2980=DIRECTION('',(0.6087640334084832,-0.7933513418582181,0));
#2981=DIRECTION('',(0.10268274798004469,0.07879177928329517,0.9915886792338037));
#2982=FACE_BOUND('',#2983,.T.);
#2983=EDGE_LOOP('',(#2984,#2985,#2986));
#2984=ORIENTED_EDGE('',*,*,#2987,.T.);
#2985=ORIENTED_EDGE('',*,*,#2988,.T.);
#2986=ORIENTED_EDGE('',*,*,#2989,.T.);
#2987=EDGE_CURVE('',#259,#257,#2990,.F.);
#2988=EDGE_CURVE('',#257,#261,#2991,.T.);
#2989=EDGE_CURVE('',#261,#259,#2992,.T.);
#2990=LINE('',#258,#2993);
#2991=LINE('',#256,#2994);
#2992=LINE('',#260,#2995);
#2993=VECTOR('',#2996,1.0);
#2994=VECTOR('',#2997,1.0);
#2995=VECTOR('',#2998,1.0);
#2996=DIRECTION('',(0.10268274798004469,0.07879177928329517,0.9915886792338037));
#2997=DIRECTION('',(-0.7933513418582181,-0.6087640334084832,0));
#2998=DIRECTION('',(0,0,-1));
#2999=FACE_SURFACE('',(#3004),#3000,.T.);
#3000=PLANE('',#3001);
#3001=AXIS2_PLACEMENT_3D('',#258,#3002,#3003);
#3002=DIRECTION('',(0.7933583992601054,-0.6087548359754058,0));
#3003=DIRECTION('',(0,0,1));
#3004=FACE_BOUND('',#3005,.T.);
#3005=EDGE_LOOP('',(#3006,#3007,#3008));
#3006=ORIENTED_EDGE('',*,*,#3009,.T.);
#3007=ORIENTED_EDGE('',*,*,#3010,.T.);
#3008=ORIENTED_EDGE('',*,*,#3011,.T.);
#3009=EDGE_CURVE('',#259,#261,#3012,.F.);
#3010=EDGE_CURVE('',#261,#263,#3013,.T.);
#3011=EDGE_CURVE('',#263,#259,#3014,.T.);
#3012=LINE('',#258,#3015);
#3013=LINE('',#260,#3016);
#3014=LINE('',#262,#3017);
#3015=VECTOR('',#3018,1.0);
#3016=VECTOR('',#3019,1.0);
#3017=VECTOR('',#3020,1.0);
#3018=DIRECTION('',(0,0,1));
#3019=DIRECTION('',(-0.07878989971906003,-0.10268276328157679,-0.9915888269979247));
#3020=DIRECTION('',(0.6087548359754058,0.7933583992601054,0));
#3021=FACE_SURFACE('',(#3026),#3022,.T.);
#3022=PLANE('',#3023);
#3023=AXIS2_PLACEMENT_3D('',#262,#3024,#3025);
#3024=DIRECTION('',(0.7933583992601054,-0.6087548359754058,0));
#3025=DIRECTION('',(0.07878989971906003,0.10268276328157679,0.9915888269979247));
#3026=FACE_BOUND('',#3027,.T.);
#3027=EDGE_LOOP('',(#3028,#3029,#3030));
#3028=ORIENTED_EDGE('',*,*,#3031,.T.);
#3029=ORIENTED_EDGE('',*,*,#3032,.T.);
#3030=ORIENTED_EDGE('',*,*,#3033,.T.);
#3031=EDGE_CURVE('',#263,#261,#3034,.F.);
#3032=EDGE_CURVE('',#261,#265,#3035,.T.);
#3033=EDGE_CURVE('',#265,#263,#3036,.T.);
#3034=LINE('',#262,#3037);
#3035=LINE('',#260,#3038);
#3036=LINE('',#264,#3039);
#3037=VECTOR('',#3040,1.0);
#3038=VECTOR('',#3041,1.0);
#3039=VECTOR('',#3042,1.0);
#3040=DIRECTION('',(0.07878989971906003,0.10268276328157679,0.9915888269979247));
#3041=DIRECTION('',(-0.6087548359754058,-0.7933583992601054,0));
#3042=DIRECTION('',(0,0,-1));
#3043=FACE_SURFACE('',(#3048),#3044,.T.);
#3044=PLANE('',#3045);
#3045=AXIS2_PLACEMENT_3D('',#262,#3046,#3047);
#3046=DIRECTION('',(0.9238807634942466,-0.3826804604958138,0));
#3047=DIRECTION('',(0,0,1));
#3048=FACE_BOUND('',#3049,.T.);
#3049=EDGE_LOOP('',(#3050,#3051,#3052));
#3050=ORIENTED_EDGE('',*,*,#3053,.T.);
#3051=ORIENTED_EDGE('',*,*,#3054,.T.);
#3052=ORIENTED_EDGE('',*,*,#3055,.T.);
#3053=EDGE_CURVE('',#263,#265,#3056,.F.);
#3054=EDGE_CURVE('',#265,#171,#3057,.T.);
#3055=EDGE_CURVE('',#171,#263,#3058,.T.);
#3056=LINE('',#262,#3059);
#3057=LINE('',#264,#3060);
#3058=LINE('',#170,#3061);
#3059=VECTOR('',#3062,1.0);
#3060=VECTOR('',#3063,1.0);
#3061=VECTOR('',#3064,1.0);
#3062=DIRECTION('',(0,0,1));
#3063=DIRECTION('',(-0.04952951159311836,-0.11957590655885576,-0.991588841230061));
#3064=DIRECTION('',(0.3826804604958138,0.9238807634942466,0));
#3065=FACE_SURFACE('',(#3070),#3066,.T.);
#3066=PLANE('',#3067);
#3067=AXIS2_PLACEMENT_3D('',#170,#3068,#3069);
#3068=DIRECTION('',(0.9238807634942466,-0.3826804604958138,0));
#3069=DIRECTION('',(0.04952951159311836,0.11957590655885576,0.991588841230061));
#3070=FACE_BOUND('',#3071,.T.);
#3071=EDGE_LOOP('',(#3072,#3073,#3074));
#3072=ORIENTED_EDGE('',*,*,#3075,.T.);
#3073=ORIENTED_EDGE('',*,*,#3076,.T.);
#3074=ORIENTED_EDGE('',*,*,#3077,.T.);
#3075=EDGE_CURVE('',#171,#265,#3078,.F.);
#3076=EDGE_CURVE('',#265,#173,#3079,.T.);
#3077=EDGE_CURVE('',#173,#171,#3080,.T.);
#3078=LINE('',#170,#3081);
#3079=LINE('',#264,#3082);
#3080=LINE('',#172,#3083);
#3081=VECTOR('',#3084,1.0);
#3082=VECTOR('',#3085,1.0);
#3083=VECTOR('',#3086,1.0);
#3084=DIRECTION('',(0.04952951159311836,0.11957590655885576,0.991588841230061));
#3085=DIRECTION('',(-0.3826804604958138,-0.9238807634942466,0));
#3086=DIRECTION('',(0,0,-1));
#3087=FACE_SURFACE('',(#3092),#3088,.T.);
#3088=PLANE('',#3089);
#3089=AXIS2_PLACEMENT_3D('',#56,#3090,#3091);
#3090=DIRECTION('',(0.991362675491509,0.13114894449562617,-0));
#3091=DIRECTION('',(0,0,1));
#3092=FACE_BOUND('',#3093,.T.);
#3093=EDGE_LOOP('',(#3094,#3095,#3096));
#3094=ORIENTED_EDGE('',*,*,#3097,.T.);
#3095=ORIENTED_EDGE('',*,*,#3098,.T.);
#3096=ORIENTED_EDGE('',*,*,#3099,.T.);
#3097=EDGE_CURVE('',#57,#59,#3100,.F.);
#3098=EDGE_CURVE('',#59,#81,#3101,.T.);
#3099=EDGE_CURVE('',#81,#57,#3102,.T.);
#3100=LINE('',#56,#3103);
#3101=LINE('',#58,#3104);
#3102=LINE('',#80,#3105);
#3103=VECTOR('',#3106,1.0);
#3104=VECTOR('',#3107,1.0);
#3105=VECTOR('',#3108,1.0);
#3106=DIRECTION('',(0,0,1));
#3107=DIRECTION('',(0.016972605951735355,-0.1282969383481132,-0.991590553735617));
#3108=DIRECTION('',(-0.13114894449562617,0.991362675491509,0));
#3109=FACE_SURFACE('',(#3114),#3110,.T.);
#3110=PLANE('',#3111);
#3111=AXIS2_PLACEMENT_3D('',#80,#3112,#3113);
#3112=DIRECTION('',(0.991362675491509,0.13114894449562617,-0));
#3113=DIRECTION('',(-0.016972605951735355,0.1282969383481132,0.991590553735617));
#3114=FACE_BOUND('',#3115,.T.);
#3115=EDGE_LOOP('',(#3116,#3117,#3118));
#3116=ORIENTED_EDGE('',*,*,#3119,.T.);
#3117=ORIENTED_EDGE('',*,*,#3120,.T.);
#3118=ORIENTED_EDGE('',*,*,#3121,.T.);
#3119=EDGE_CURVE('',#81,#59,#3122,.F.);
#3120=EDGE_CURVE('',#59,#267,#3123,.T.);
#3121=EDGE_CURVE('',#267,#81,#3124,.T.);
#3122=LINE('',#80,#3125);
#3123=LINE('',#58,#3126);
#3124=LINE('',#266,#3127);
#3125=VECTOR('',#3128,1.0);
#3126=VECTOR('',#3129,1.0);
#3127=VECTOR('',#3130,1.0);
#3128=DIRECTION('',(-0.016972605951735355,0.1282969383481132,0.991590553735617));
#3129=DIRECTION('',(0.13114894449562617,-0.991362675491509,0));
#3130=DIRECTION('',(0,0,-1));
#3131=FACE_SURFACE('',(#3136),#3132,.T.);
#3132=PLANE('',#3133);
#3133=AXIS2_PLACEMENT_3D('',#80,#3134,#3135);
#3134=DIRECTION('',(0.923641254505649,0.3832581805718321,-0));
#3135=DIRECTION('',(0,0,1));
#3136=FACE_BOUND('',#3137,.T.);
#3137=EDGE_LOOP('',(#3138,#3139,#3140));
#3138=ORIENTED_EDGE('',*,*,#3141,.T.);
#3139=ORIENTED_EDGE('',*,*,#3142,.T.);
#3140=ORIENTED_EDGE('',*,*,#3143,.T.);
#3141=EDGE_CURVE('',#81,#267,#3144,.F.);
#3142=EDGE_CURVE('',#267,#85,#3145,.T.);
#3143=EDGE_CURVE('',#85,#81,#3146,.T.);
#3144=LINE('',#80,#3147);
#3145=LINE('',#266,#3148);
#3146=LINE('',#84,#3149);
#3147=VECTOR('',#3150,1.0);
#3148=VECTOR('',#3151,1.0);
#3149=VECTOR('',#3152,1.0);
#3150=DIRECTION('',(0,0,1));
#3151=DIRECTION('',(0.0495995702094382,-0.11953354572323387,-0.991590446747986));
#3152=DIRECTION('',(-0.3832581805718321,0.923641254505649,0));
#3153=FACE_SURFACE('',(#3158),#3154,.T.);
#3154=PLANE('',#3155);
#3155=AXIS2_PLACEMENT_3D('',#84,#3156,#3157);
#3156=DIRECTION('',(0.923641254505649,0.3832581805718321,-0));
#3157=DIRECTION('',(-0.0495995702094382,0.11953354572323387,0.991590446747986));
#3158=FACE_BOUND('',#3159,.T.);
#3159=EDGE_LOOP('',(#3160,#3161,#3162));
#3160=ORIENTED_EDGE('',*,*,#3163,.T.);
#3161=ORIENTED_EDGE('',*,*,#3164,.T.);
#3162=ORIENTED_EDGE('',*,*,#3165,.T.);
#3163=EDGE_CURVE('',#85,#267,#3166,.F.);
#3164=EDGE_CURVE('',#267,#269,#3167,.T.);
#3165=EDGE_CURVE('',#269,#85,#3168,.T.);
#3166=LINE('',#84,#3169);
#3167=LINE('',#266,#3170);
#3168=LINE('',#268,#3171);
#3169=VECTOR('',#3172,1.0);
#3170=VECTOR('',#3173,1.0);
#3171=VECTOR('',#3174,1.0);
#3172=DIRECTION('',(-0.0495995702094382,0.11953354572323387,0.991590446747986));
#3173=DIRECTION('',(0.3832581805718321,-0.923641254505649,0));
#3174=DIRECTION('',(0,0,-1));
#3175=FACE_SURFACE('',(#3180),#3176,.T.);
#3176=PLANE('',#3177);
#3177=AXIS2_PLACEMENT_3D('',#84,#3178,#3179);
#3178=DIRECTION('',(0.7929981599821276,0.6092240296187931,-0));
#3179=DIRECTION('',(0,0,1));
#3180=FACE_BOUND('',#3181,.T.);
#3181=EDGE_LOOP('',(#3182,#3183,#3184));
#3182=ORIENTED_EDGE('',*,*,#3185,.T.);
#3183=ORIENTED_EDGE('',*,*,#3186,.T.);
#3184=ORIENTED_EDGE('',*,*,#3187,.T.);
#3185=EDGE_CURVE('',#85,#269,#3188,.F.);
#3186=EDGE_CURVE('',#269,#89,#3189,.T.);
#3187=EDGE_CURVE('',#89,#85,#3190,.T.);
#3188=LINE('',#84,#3191);
#3189=LINE('',#268,#3192);
#3190=LINE('',#88,#3193);
#3191=VECTOR('',#3194,1.0);
#3192=VECTOR('',#3195,1.0);
#3193=VECTOR('',#3196,1.0);
#3194=DIRECTION('',(0,0,1));
#3195=DIRECTION('',(0.07884298642039575,-0.10262619351700805,-0.991590463798701));
#3196=DIRECTION('',(-0.6092240296187931,0.7929981599821276,0));
#3197=FACE_SURFACE('',(#3202),#3198,.T.);
#3198=PLANE('',#3199);
#3199=AXIS2_PLACEMENT_3D('',#88,#3200,#3201);
#3200=DIRECTION('',(0.7929981599821276,0.6092240296187931,-0));
#3201=DIRECTION('',(-0.07884298642039575,0.10262619351700805,0.991590463798701));
#3202=FACE_BOUND('',#3203,.T.);
#3203=EDGE_LOOP('',(#3204,#3205,#3206));
#3204=ORIENTED_EDGE('',*,*,#3207,.T.);
#3205=ORIENTED_EDGE('',*,*,#3208,.T.);
#3206=ORIENTED_EDGE('',*,*,#3209,.T.);
#3207=EDGE_CURVE('',#89,#269,#3210,.F.);
#3208=EDGE_CURVE('',#269,#271,#3211,.T.);
#3209=EDGE_CURVE('',#271,#89,#3212,.T.);
#3210=LINE('',#88,#3213);
#3211=LINE('',#268,#3214);
#3212=LINE('',#270,#3215);
#3213=VECTOR('',#3216,1.0);
#3214=VECTOR('',#3217,1.0);
#3215=VECTOR('',#3218,1.0);
#3216=DIRECTION('',(-0.07884298642039575,0.10262619351700805,0.991590463798701));
#3217=DIRECTION('',(0.6092240296187931,-0.7929981599821276,0));
#3218=DIRECTION('',(0,0,-1));
#3219=FACE_SURFACE('',(#3224),#3220,.T.);
#3220=PLANE('',#3221);
#3221=AXIS2_PLACEMENT_3D('',#88,#3222,#3223);
#3222=DIRECTION('',(0.6083220069957144,0.7936903273977238,-0));
#3223=DIRECTION('',(0,0,1));
#3224=FACE_BOUND('',#3225,.T.);
#3225=EDGE_LOOP('',(#3226,#3227,#3228));
#3226=ORIENTED_EDGE('',*,*,#3229,.T.);
#3227=ORIENTED_EDGE('',*,*,#3230,.T.);
#3228=ORIENTED_EDGE('',*,*,#3231,.T.);
#3229=EDGE_CURVE('',#89,#271,#3232,.F.);
#3230=EDGE_CURVE('',#271,#93,#3233,.T.);
#3231=EDGE_CURVE('',#93,#89,#3234,.T.);
#3232=LINE('',#88,#3235);
#3233=LINE('',#270,#3236);
#3234=LINE('',#92,#3237);
#3235=VECTOR('',#3238,1.0);
#3236=VECTOR('',#3239,1.0);
#3237=VECTOR('',#3240,1.0);
#3238=DIRECTION('',(0,0,1));
#3239=DIRECTION('',(0.1027150965096982,-0.07872573408120546,-0.9915905746538631));
#3240=DIRECTION('',(-0.7936903273977238,0.6083220069957144,0));
#3241=FACE_SURFACE('',(#3246),#3242,.T.);
#3242=PLANE('',#3243);
#3243=AXIS2_PLACEMENT_3D('',#92,#3244,#3245);
#3244=DIRECTION('',(0.6083220069957144,0.7936903273977238,-0));
#3245=DIRECTION('',(-0.1027150965096982,0.07872573408120546,0.9915905746538631));
#3246=FACE_BOUND('',#3247,.T.);
#3247=EDGE_LOOP('',(#3248,#3249,#3250));
#3248=ORIENTED_EDGE('',*,*,#3251,.T.);
#3249=ORIENTED_EDGE('',*,*,#3252,.T.);
#3250=ORIENTED_EDGE('',*,*,#3253,.T.);
#3251=EDGE_CURVE('',#93,#271,#3254,.F.);
#3252=EDGE_CURVE('',#271,#273,#3255,.T.);
#3253=EDGE_CURVE('',#273,#93,#3256,.T.);
#3254=LINE('',#92,#3257);
#3255=LINE('',#270,#3258);
#3256=LINE('',#272,#3259);
#3257=VECTOR('',#3260,1.0);
#3258=VECTOR('',#3261,1.0);
#3259=VECTOR('',#3262,1.0);
#3260=DIRECTION('',(-0.1027150965096982,0.07872573408120546,0.9915905746538631));
#3261=DIRECTION('',(0.7936903273977238,-0.6083220069957144,0));
#3262=DIRECTION('',(0,0,-1));
#3263=FACE_SURFACE('',(#3268),#3264,.T.);
#3264=PLANE('',#3265);
#3265=AXIS2_PLACEMENT_3D('',#92,#3266,#3267);
#3266=DIRECTION('',(0.3821951685983283,0.9240816268599302,-0));
#3267=DIRECTION('',(0,0,1));
#3268=FACE_BOUND('',#3269,.T.);
#3269=EDGE_LOOP('',(#3270,#3271,#3272));
#3270=ORIENTED_EDGE('',*,*,#3273,.T.);
#3271=ORIENTED_EDGE('',*,*,#3274,.T.);
#3272=ORIENTED_EDGE('',*,*,#3275,.T.);
#3273=EDGE_CURVE('',#93,#273,#3276,.F.);
#3274=EDGE_CURVE('',#273,#97,#3277,.T.);
#3275=EDGE_CURVE('',#97,#93,#3278,.T.);
#3276=LINE('',#92,#3279);
#3277=LINE('',#272,#3280);
#3278=LINE('',#96,#3281);
#3279=VECTOR('',#3282,1.0);
#3280=VECTOR('',#3283,1.0);
#3281=VECTOR('',#3284,1.0);
#3282=DIRECTION('',(0,0,1));
#3283=DIRECTION('',(0.11958935938404586,-0.04946151297008694,-0.9915906130338383));
#3284=DIRECTION('',(-0.9240816268599302,0.3821951685983283,0));
#3285=FACE_SURFACE('',(#3290),#3286,.T.);
#3286=PLANE('',#3287);
#3287=AXIS2_PLACEMENT_3D('',#96,#3288,#3289);
#3288=DIRECTION('',(0.3821951685983283,0.9240816268599302,-0));
#3289=DIRECTION('',(-0.11958935938404586,0.04946151297008694,0.9915906130338383));
#3290=FACE_BOUND('',#3291,.T.);
#3291=EDGE_LOOP('',(#3292,#3293,#3294));
#3292=ORIENTED_EDGE('',*,*,#3295,.T.);
#3293=ORIENTED_EDGE('',*,*,#3296,.T.);
#3294=ORIENTED_EDGE('',*,*,#3297,.T.);
#3295=EDGE_CURVE('',#97,#273,#3298,.F.);
#3296=EDGE_CURVE('',#273,#275,#3299,.T.);
#3297=EDGE_CURVE('',#275,#97,#3300,.T.);
#3298=LINE('',#96,#3301);
#3299=LINE('',#272,#3302);
#3300=LINE('',#274,#3303);
#3301=VECTOR('',#3304,1.0);
#3302=VECTOR('',#3305,1.0);
#3303=VECTOR('',#3306,1.0);
#3304=DIRECTION('',(-0.11958935938404586,0.04946151297008694,0.9915906130338383));
#3305=DIRECTION('',(0.9240816268599302,-0.3821951685983283,0));
#3306=DIRECTION('',(0,0,-1));
#3307=FACE_SURFACE('',(#3312),#3308,.T.);
#3308=PLANE('',#3309);
#3309=AXIS2_PLACEMENT_3D('',#96,#3310,#3311);
#3310=DIRECTION('',(0.13002920853768843,0.9915101638042156,-0));
#3311=DIRECTION('',(0,0,1));
#3312=FACE_BOUND('',#3313,.T.);
#3313=EDGE_LOOP('',(#3314,#3315,#3316));
#3314=ORIENTED_EDGE('',*,*,#3317,.T.);
#3315=ORIENTED_EDGE('',*,*,#3318,.T.);
#3316=ORIENTED_EDGE('',*,*,#3319,.T.);
#3317=EDGE_CURVE('',#97,#275,#3320,.F.);
#3318=EDGE_CURVE('',#275,#101,#3321,.T.);
#3319=EDGE_CURVE('',#101,#97,#3322,.T.);
#3320=LINE('',#96,#3323);
#3321=LINE('',#274,#3324);
#3322=LINE('',#100,#3325);
#3323=VECTOR('',#3326,1.0);
#3324=VECTOR('',#3327,1.0);
#3325=VECTOR('',#3328,1.0);
#3326=DIRECTION('',(0,0,1));
#3327=DIRECTION('',(0.12831771398472214,-0.016827917050070237,-0.9915903314804411));
#3328=DIRECTION('',(-0.9915101638042156,0.13002920853768843,0));
#3329=FACE_SURFACE('',(#3334),#3330,.T.);
#3330=PLANE('',#3331);
#3331=AXIS2_PLACEMENT_3D('',#100,#3332,#3333);
#3332=DIRECTION('',(0.13002920853768843,0.9915101638042156,-0));
#3333=DIRECTION('',(-0.12831771398472214,0.016827917050070237,0.9915903314804411));
#3334=FACE_BOUND('',#3335,.T.);
#3335=EDGE_LOOP('',(#3336,#3337,#3338));
#3336=ORIENTED_EDGE('',*,*,#3339,.T.);
#3337=ORIENTED_EDGE('',*,*,#3340,.T.);
#3338=ORIENTED_EDGE('',*,*,#3341,.T.);
#3339=EDGE_CURVE('',#101,#275,#3342,.F.);
#3340=EDGE_CURVE('',#275,#277,#3343,.T.);
#3341=EDGE_CURVE('',#277,#101,#3344,.T.);
#3342=LINE('',#100,#3345);
#3343=LINE('',#274,#3346);
#3344=LINE('',#276,#3347);
#3345=VECTOR('',#3348,1.0);
#3346=VECTOR('',#3349,1.0);
#3347=VECTOR('',#3350,1.0);
#3348=DIRECTION('',(-0.12831771398472214,0.016827917050070237,0.9915903314804411));
#3349=DIRECTION('',(0.9915101638042156,-0.13002920853768843,0));
#3350=DIRECTION('',(0,0,-1));
#3351=FACE_SURFACE('',(#3356),#3352,.T.);
#3352=PLANE('',#3353);
#3353=AXIS2_PLACEMENT_3D('',#100,#3354,#3355);
#3354=DIRECTION('',(-0.1309962309330492,0.9913828662435797,0));
#3355=DIRECTION('',(0,0,1));
#3356=FACE_BOUND('',#3357,.T.);
#3357=EDGE_LOOP('',(#3358,#3359,#3360));
#3358=ORIENTED_EDGE('',*,*,#3361,.T.);
#3359=ORIENTED_EDGE('',*,*,#3362,.T.);
#3360=ORIENTED_EDGE('',*,*,#3363,.T.);
#3361=EDGE_CURVE('',#101,#277,#3364,.F.);
#3362=EDGE_CURVE('',#277,#105,#3365,.T.);
#3363=EDGE_CURVE('',#105,#101,#3366,.T.);
#3364=LINE('',#100,#3367);
#3365=LINE('',#276,#3368);
#3366=LINE('',#104,#3369);
#3367=VECTOR('',#3370,1.0);
#3368=VECTOR('',#3371,1.0);
#3369=VECTOR('',#3372,1.0);
#3370=DIRECTION('',(0,0,1));
#3371=DIRECTION('',(0.12829884174358713,0.0169527488054815,-0.9915906471499175));
#3372=DIRECTION('',(-0.9913828662435797,-0.1309962309330492,0));
#3373=FACE_SURFACE('',(#3378),#3374,.T.);
#3374=PLANE('',#3375);
#3375=AXIS2_PLACEMENT_3D('',#104,#3376,#3377);
#3376=DIRECTION('',(-0.1309962309330492,0.9913828662435797,0));
#3377=DIRECTION('',(-0.12829884174358713,-0.0169527488054815,0.9915906471499175));
#3378=FACE_BOUND('',#3379,.T.);
#3379=EDGE_LOOP('',(#3380,#3381,#3382));
#3380=ORIENTED_EDGE('',*,*,#3383,.T.);
#3381=ORIENTED_EDGE('',*,*,#3384,.T.);
#3382=ORIENTED_EDGE('',*,*,#3385,.T.);
#3383=EDGE_CURVE('',#105,#277,#3386,.F.);
#3384=EDGE_CURVE('',#277,#279,#3387,.T.);
#3385=EDGE_CURVE('',#279,#105,#3388,.T.);
#3386=LINE('',#104,#3389);
#3387=LINE('',#276,#3390);
#3388=LINE('',#278,#3391);
#3389=VECTOR('',#3392,1.0);
#3390=VECTOR('',#3393,1.0);
#3391=VECTOR('',#3394,1.0);
#3392=DIRECTION('',(-0.12829884174358713,-0.0169527488054815,0.9915906471499175));
#3393=DIRECTION('',(0.9913828662435797,0.1309962309330492,0));
#3394=DIRECTION('',(0,0,-1));
#3395=FACE_SURFACE('',(#3400),#3396,.T.);
#3396=PLANE('',#3397);
#3397=AXIS2_PLACEMENT_3D('',#104,#3398,#3399);
#3398=DIRECTION('',(-0.3830977511296503,0.9237078071984693,0));
#3399=DIRECTION('',(0,0,1));
#3400=FACE_BOUND('',#3401,.T.);
#3401=EDGE_LOOP('',(#3402,#3403,#3404));
#3402=ORIENTED_EDGE('',*,*,#3405,.T.);
#3403=ORIENTED_EDGE('',*,*,#3406,.T.);
#3404=ORIENTED_EDGE('',*,*,#3407,.T.);
#3405=EDGE_CURVE('',#105,#279,#3408,.F.);
#3406=EDGE_CURVE('',#279,#109,#3409,.T.);
#3407=EDGE_CURVE('',#109,#105,#3410,.T.);
#3408=LINE('',#104,#3411);
#3409=LINE('',#278,#3412);
#3410=LINE('',#108,#3413);
#3411=VECTOR('',#3414,1.0);
#3412=VECTOR('',#3415,1.0);
#3413=VECTOR('',#3416,1.0);
#3414=DIRECTION('',(0,0,1));
#3415=DIRECTION('',(0.1195420583217224,0.04957876652288756,-0.9915904609274309));
#3416=DIRECTION('',(-0.9237078071984693,-0.3830977511296503,0));
#3417=FACE_SURFACE('',(#3422),#3418,.T.);
#3418=PLANE('',#3419);
#3419=AXIS2_PLACEMENT_3D('',#108,#3420,#3421);
#3420=DIRECTION('',(-0.3830977511296503,0.9237078071984693,0));
#3421=DIRECTION('',(-0.1195420583217224,-0.04957876652288756,0.9915904609274309));
#3422=FACE_BOUND('',#3423,.T.);
#3423=EDGE_LOOP('',(#3424,#3425,#3426));
#3424=ORIENTED_EDGE('',*,*,#3427,.T.);
#3425=ORIENTED_EDGE('',*,*,#3428,.T.);
#3426=ORIENTED_EDGE('',*,*,#3429,.T.);
#3427=EDGE_CURVE('',#109,#279,#3430,.F.);
#3428=EDGE_CURVE('',#279,#281,#3431,.T.);
#3429=EDGE_CURVE('',#281,#109,#3432,.T.);
#3430=LINE('',#108,#3433);
#3431=LINE('',#278,#3434);
#3432=LINE('',#280,#3435);
#3433=VECTOR('',#3436,1.0);
#3434=VECTOR('',#3437,1.0);
#3435=VECTOR('',#3438,1.0);
#3436=DIRECTION('',(-0.1195420583217224,-0.04957876652288756,0.9915904609274309));
#3437=DIRECTION('',(0.9237078071984693,0.3830977511296503,0));
#3438=DIRECTION('',(0,0,-1));
#3439=FACE_SURFACE('',(#3444),#3440,.T.);
#3440=PLANE('',#3441);
#3441=AXIS2_PLACEMENT_3D('',#108,#3442,#3443);
#3442=DIRECTION('',(-0.609096484118202,0.7930961310174479,0));
#3443=DIRECTION('',(0,0,1));
#3444=FACE_BOUND('',#3445,.T.);
#3445=EDGE_LOOP('',(#3446,#3447,#3448));
#3446=ORIENTED_EDGE('',*,*,#3449,.T.);
#3447=ORIENTED_EDGE('',*,*,#3450,.T.);
#3448=ORIENTED_EDGE('',*,*,#3451,.T.);
#3449=EDGE_CURVE('',#109,#281,#3452,.F.);
#3450=EDGE_CURVE('',#281,#113,#3453,.T.);
#3451=EDGE_CURVE('',#113,#109,#3454,.T.);
#3452=LINE('',#108,#3455);
#3453=LINE('',#280,#3456);
#3454=LINE('',#112,#3457);
#3455=VECTOR('',#3458,1.0);
#3456=VECTOR('',#3459,1.0);
#3457=VECTOR('',#3460,1.0);
#3458=DIRECTION('',(0,0,1));
#3459=DIRECTION('',(0.1026394232955492,0.07882690309059587,-0.9915903731555198));
#3460=DIRECTION('',(-0.7930961310174479,-0.609096484118202,0));
#3461=FACE_SURFACE('',(#3466),#3462,.T.);
#3462=PLANE('',#3463);
#3463=AXIS2_PLACEMENT_3D('',#112,#3464,#3465);
#3464=DIRECTION('',(-0.609096484118202,0.7930961310174479,0));
#3465=DIRECTION('',(-0.1026394232955492,-0.07882690309059587,0.9915903731555198));
#3466=FACE_BOUND('',#3467,.T.);
#3467=EDGE_LOOP('',(#3468,#3469,#3470));
#3468=ORIENTED_EDGE('',*,*,#3471,.T.);
#3469=ORIENTED_EDGE('',*,*,#3472,.T.);
#3470=ORIENTED_EDGE('',*,*,#3473,.T.);
#3471=EDGE_CURVE('',#113,#281,#3474,.F.);
#3472=EDGE_CURVE('',#281,#283,#3475,.T.);
#3473=EDGE_CURVE('',#283,#113,#3476,.T.);
#3474=LINE('',#112,#3477);
#3475=LINE('',#280,#3478);
#3476=LINE('',#282,#3479);
#3477=VECTOR('',#3480,1.0);
#3478=VECTOR('',#3481,1.0);
#3479=VECTOR('',#3482,1.0);
#3480=DIRECTION('',(-0.1026394232955492,-0.07882690309059587,0.9915903731555198));
#3481=DIRECTION('',(0.7930961310174479,0.609096484118202,0));
#3482=DIRECTION('',(0,0,-1));
#3483=FACE_SURFACE('',(#3488),#3484,.T.);
#3484=PLANE('',#3485);
#3485=AXIS2_PLACEMENT_3D('',#112,#3486,#3487);
#3486=DIRECTION('',(-0.7935916598565493,0.6084507189626183,0));
#3487=DIRECTION('',(0,0,1));
#3488=FACE_BOUND('',#3489,.T.);
#3489=EDGE_LOOP('',(#3490,#3491,#3492));
#3490=ORIENTED_EDGE('',*,*,#3493,.T.);
#3491=ORIENTED_EDGE('',*,*,#3494,.T.);
#3492=ORIENTED_EDGE('',*,*,#3495,.T.);
#3493=EDGE_CURVE('',#113,#283,#3496,.F.);
#3494=EDGE_CURVE('',#283,#117,#3497,.T.);
#3495=EDGE_CURVE('',#117,#113,#3498,.T.);
#3496=LINE('',#112,#3499);
#3497=LINE('',#282,#3500);
#3498=LINE('',#116,#3501);
#3499=VECTOR('',#3502,1.0);
#3500=VECTOR('',#3503,1.0);
#3501=VECTOR('',#3504,1.0);
#3502=DIRECTION('',(0,0,1));
#3503=DIRECTION('',(0.07874274975554145,0.10270279503771651,-0.9915904977622452));
#3504=DIRECTION('',(-0.6084507189626183,-0.7935916598565493,0));
#3505=FACE_SURFACE('',(#3510),#3506,.T.);
#3506=PLANE('',#3507);
#3507=AXIS2_PLACEMENT_3D('',#116,#3508,#3509);
#3508=DIRECTION('',(-0.7935916598565493,0.6084507189626183,0));
#3509=DIRECTION('',(-0.07874274975554145,-0.10270279503771651,0.9915904977622452));
#3510=FACE_BOUND('',#3511,.T.);
#3511=EDGE_LOOP('',(#3512,#3513,#3514));
#3512=ORIENTED_EDGE('',*,*,#3515,.T.);
#3513=ORIENTED_EDGE('',*,*,#3516,.T.);
#3514=ORIENTED_EDGE('',*,*,#3517,.T.);
#3515=EDGE_CURVE('',#117,#283,#3518,.F.);
#3516=EDGE_CURVE('',#283,#285,#3519,.T.);
#3517=EDGE_CURVE('',#285,#117,#3520,.T.);
#3518=LINE('',#116,#3521);
#3519=LINE('',#282,#3522);
#3520=LINE('',#284,#3523);
#3521=VECTOR('',#3524,1.0);
#3522=VECTOR('',#3525,1.0);
#3523=VECTOR('',#3526,1.0);
#3524=DIRECTION('',(-0.07874274975554145,-0.10270279503771651,0.9915904977622452));
#3525=DIRECTION('',(0.6084507189626183,0.7935916598565493,0));
#3526=DIRECTION('',(0,0,-1));
#3527=FACE_SURFACE('',(#3532),#3528,.T.);
#3528=PLANE('',#3529);
#3529=AXIS2_PLACEMENT_3D('',#116,#3530,#3531);
#3530=DIRECTION('',(-0.9240214614678488,0.382340605673555,0));
#3531=DIRECTION('',(0,0,1));
#3532=FACE_BOUND('',#3533,.T.);
#3533=EDGE_LOOP('',(#3534,#3535,#3536));
#3534=ORIENTED_EDGE('',*,*,#3537,.T.);
#3535=ORIENTED_EDGE('',*,*,#3538,.T.);
#3536=ORIENTED_EDGE('',*,*,#3539,.T.);
#3537=EDGE_CURVE('',#117,#285,#3540,.F.);
#3538=EDGE_CURVE('',#285,#121,#3541,.T.);
#3539=EDGE_CURVE('',#121,#117,#3542,.T.);
#3540=LINE('',#116,#3543);
#3541=LINE('',#284,#3544);
#3542=LINE('',#120,#3545);
#3543=VECTOR('',#3546,1.0);
#3544=VECTOR('',#3547,1.0);
#3545=VECTOR('',#3548,1.0);
#3546=DIRECTION('',(0,0,1));
#3547=DIRECTION('',(0.04948042452838221,0.11958179044629699,-0.9915905823383706));
#3548=DIRECTION('',(-0.382340605673555,-0.9240214614678488,0));
#3549=FACE_SURFACE('',(#3554),#3550,.T.);
#3550=PLANE('',#3551);
#3551=AXIS2_PLACEMENT_3D('',#120,#3552,#3553);
#3552=DIRECTION('',(-0.9240214614678488,0.382340605673555,0));
#3553=DIRECTION('',(-0.04948042452838221,-0.11958179044629699,0.9915905823383706));
#3554=FACE_BOUND('',#3555,.T.);
#3555=EDGE_LOOP('',(#3556,#3557,#3558));
#3556=ORIENTED_EDGE('',*,*,#3559,.T.);
#3557=ORIENTED_EDGE('',*,*,#3560,.T.);
#3558=ORIENTED_EDGE('',*,*,#3561,.T.);
#3559=EDGE_CURVE('',#121,#285,#3562,.F.);
#3560=EDGE_CURVE('',#285,#287,#3563,.T.);
#3561=EDGE_CURVE('',#287,#121,#3564,.T.);
#3562=LINE('',#120,#3565);
#3563=LINE('',#284,#3566);
#3564=LINE('',#286,#3567);
#3565=VECTOR('',#3568,1.0);
#3566=VECTOR('',#3569,1.0);
#3567=VECTOR('',#3570,1.0);
#3568=DIRECTION('',(-0.04948042452838221,-0.11958179044629699,0.9915905823383706));
#3569=DIRECTION('',(0.382340605673555,0.9240214614678488,0));
#3570=DIRECTION('',(0,0,-1));
#3571=FACE_SURFACE('',(#3576),#3572,.T.);
#3572=PLANE('',#3573);
#3573=AXIS2_PLACEMENT_3D('',#120,#3574,#3575);
#3574=DIRECTION('',(-0.9914899978522339,0.13018288735074618,0));
#3575=DIRECTION('',(0,0,1));
#3576=FACE_BOUND('',#3577,.T.);
#3577=EDGE_LOOP('',(#3578,#3579,#3580));
#3578=ORIENTED_EDGE('',*,*,#3581,.T.);
#3579=ORIENTED_EDGE('',*,*,#3582,.T.);
#3580=ORIENTED_EDGE('',*,*,#3583,.T.);
#3581=EDGE_CURVE('',#121,#287,#3584,.F.);
#3582=EDGE_CURVE('',#287,#125,#3585,.T.);
#3583=EDGE_CURVE('',#125,#121,#3586,.T.);
#3584=LINE('',#120,#3587);
#3585=LINE('',#286,#3588);
#3586=LINE('',#124,#3589);
#3587=VECTOR('',#3590,1.0);
#3588=VECTOR('',#3591,1.0);
#3589=VECTOR('',#3592,1.0);
#3590=DIRECTION('',(0,0,1));
#3591=DIRECTION('',(0.016847776288471436,0.12831488082658288,-0.991590360881243));
#3592=DIRECTION('',(-0.13018288735074618,-0.9914899978522339,0));
#3593=FACE_SURFACE('',(#3598),#3594,.T.);
#3594=PLANE('',#3595);
#3595=AXIS2_PLACEMENT_3D('',#124,#3596,#3597);
#3596=DIRECTION('',(-0.9914899978522339,0.13018288735074618,0));
#3597=DIRECTION('',(-0.016847776288471436,-0.12831488082658288,0.991590360881243));
#3598=FACE_BOUND('',#3599,.T.);
#3599=EDGE_LOOP('',(#3600,#3601,#3602));
#3600=ORIENTED_EDGE('',*,*,#3603,.T.);
#3601=ORIENTED_EDGE('',*,*,#3604,.T.);
#3602=ORIENTED_EDGE('',*,*,#3605,.T.);
#3603=EDGE_CURVE('',#125,#287,#3606,.F.);
#3604=EDGE_CURVE('',#287,#289,#3607,.T.);
#3605=EDGE_CURVE('',#289,#125,#3608,.T.);
#3606=LINE('',#124,#3609);
#3607=LINE('',#286,#3610);
#3608=LINE('',#288,#3611);
#3609=VECTOR('',#3612,1.0);
#3610=VECTOR('',#3613,1.0);
#3611=VECTOR('',#3614,1.0);
#3612=DIRECTION('',(-0.016847776288471436,-0.12831488082658288,0.991590360881243));
#3613=DIRECTION('',(0.13018288735074618,0.9914899978522339,0));
#3614=DIRECTION('',(0,0,-1));
#3615=FACE_SURFACE('',(#3620),#3616,.T.);
#3616=PLANE('',#3617);
#3617=AXIS2_PLACEMENT_3D('',#124,#3618,#3619);
#3618=DIRECTION('',(-0.9914051795091227,-0.1308272526749855,0));
#3619=DIRECTION('',(0,0,1));
#3620=FACE_BOUND('',#3621,.T.);
#3621=EDGE_LOOP('',(#3622,#3623,#3624));
#3622=ORIENTED_EDGE('',*,*,#3625,.T.);
#3623=ORIENTED_EDGE('',*,*,#3626,.T.);
#3624=ORIENTED_EDGE('',*,*,#3627,.T.);
#3625=EDGE_CURVE('',#125,#289,#3628,.F.);
#3626=EDGE_CURVE('',#289,#291,#3629,.T.);
#3627=EDGE_CURVE('',#291,#125,#3630,.T.);
#3628=LINE('',#124,#3631);
#3629=LINE('',#288,#3632);
#3630=LINE('',#290,#3633);
#3631=VECTOR('',#3634,1.0);
#3632=VECTOR('',#3635,1.0);
#3633=VECTOR('',#3636,1.0);
#3634=DIRECTION('',(0,0,1));
#3635=DIRECTION('',(-0.1308272526749855,0.9914051795091227,0));
#3636=DIRECTION('',(0.01693099677325166,-0.12830260937263696,-0.9915905313063637));
#3637=FACE_SURFACE('',(#3642),#3638,.T.);
#3638=PLANE('',#3639);
#3639=AXIS2_PLACEMENT_3D('',#124,#3640,#3641);
#3640=DIRECTION('',(-0.9914051795091227,-0.1308272526749855,0));
#3641=DIRECTION('',(-0.01693099677325166,0.12830260937263696,0.9915905313063637));
#3642=FACE_BOUND('',#3643,.T.);
#3643=EDGE_LOOP('',(#3644,#3645,#3646));
#3644=ORIENTED_EDGE('',*,*,#3647,.T.);
#3645=ORIENTED_EDGE('',*,*,#3648,.T.);
#3646=ORIENTED_EDGE('',*,*,#3649,.T.);
#3647=EDGE_CURVE('',#125,#291,#3650,.F.);
#3648=EDGE_CURVE('',#291,#131,#3651,.T.);
#3649=EDGE_CURVE('',#131,#125,#3652,.T.);
#3650=LINE('',#124,#3653);
#3651=LINE('',#290,#3654);
#3652=LINE('',#130,#3655);
#3653=VECTOR('',#3656,1.0);
#3654=VECTOR('',#3657,1.0);
#3655=VECTOR('',#3658,1.0);
#3656=DIRECTION('',(-0.01693099677325166,0.12830260937263696,0.9915905313063637));
#3657=DIRECTION('',(0,0,-1));
#3658=DIRECTION('',(0.1308272526749855,-0.9914051795091227,0));
#3659=FACE_SURFACE('',(#3664),#3660,.T.);
#3660=PLANE('',#3661);
#3661=AXIS2_PLACEMENT_3D('',#130,#3662,#3663);
#3662=DIRECTION('',(-0.9237680907249808,-0.3829523659129473,0));
#3663=DIRECTION('',(0,0,1));
#3664=FACE_BOUND('',#3665,.T.);
#3665=EDGE_LOOP('',(#3666,#3667,#3668));
#3666=ORIENTED_EDGE('',*,*,#3669,.T.);
#3667=ORIENTED_EDGE('',*,*,#3670,.T.);
#3668=ORIENTED_EDGE('',*,*,#3671,.T.);
#3669=EDGE_CURVE('',#131,#291,#3672,.F.);
#3670=EDGE_CURVE('',#291,#293,#3673,.T.);
#3671=EDGE_CURVE('',#293,#131,#3674,.T.);
#3672=LINE('',#130,#3675);
#3673=LINE('',#290,#3676);
#3674=LINE('',#292,#3677);
#3675=VECTOR('',#3678,1.0);
#3676=VECTOR('',#3679,1.0);
#3677=VECTOR('',#3680,1.0);
#3678=DIRECTION('',(0,0,1));
#3679=DIRECTION('',(-0.3829523659129473,0.9237680907249808,0));
#3680=DIRECTION('',(0.04955985507702783,-0.11954962751560559,-0.9915904937652559));
#3681=FACE_SURFACE('',(#3686),#3682,.T.);
#3682=PLANE('',#3683);
#3683=AXIS2_PLACEMENT_3D('',#130,#3684,#3685);
#3684=DIRECTION('',(-0.9237680907249808,-0.3829523659129473,0));
#3685=DIRECTION('',(-0.04955985507702783,0.11954962751560559,0.9915904937652559));
#3686=FACE_BOUND('',#3687,.T.);
#3687=EDGE_LOOP('',(#3688,#3689,#3690));
#3688=ORIENTED_EDGE('',*,*,#3691,.T.);
#3689=ORIENTED_EDGE('',*,*,#3692,.T.);
#3690=ORIENTED_EDGE('',*,*,#3693,.T.);
#3691=EDGE_CURVE('',#131,#293,#3694,.F.);
#3692=EDGE_CURVE('',#293,#133,#3695,.T.);
#3693=EDGE_CURVE('',#133,#131,#3696,.T.);
#3694=LINE('',#130,#3697);
#3695=LINE('',#292,#3698);
#3696=LINE('',#132,#3699);
#3697=VECTOR('',#3700,1.0);
#3698=VECTOR('',#3701,1.0);
#3699=VECTOR('',#3702,1.0);
#3700=DIRECTION('',(-0.04955985507702783,0.11954962751560559,0.9915904937652559));
#3701=DIRECTION('',(0,0,-1));
#3702=DIRECTION('',(0.3829523659129473,-0.9237680907249808,0));
#3703=FACE_SURFACE('',(#3708),#3704,.T.);
#3704=PLANE('',#3705);
#3705=AXIS2_PLACEMENT_3D('',#132,#3706,#3707);
#3706=DIRECTION('',(-0.7931957200136318,-0.6089667887102354,0));
#3707=DIRECTION('',(0,0,1));
#3708=FACE_BOUND('',#3709,.T.);
#3709=EDGE_LOOP('',(#3710,#3711,#3712));
#3710=ORIENTED_EDGE('',*,*,#3713,.T.);
#3711=ORIENTED_EDGE('',*,*,#3714,.T.);
#3712=ORIENTED_EDGE('',*,*,#3715,.T.);
#3713=EDGE_CURVE('',#133,#293,#3716,.F.);
#3714=EDGE_CURVE('',#293,#295,#3717,.T.);
#3715=EDGE_CURVE('',#295,#133,#3718,.T.);
#3716=LINE('',#132,#3719);
#3717=LINE('',#292,#3720);
#3718=LINE('',#294,#3721);
#3719=VECTOR('',#3722,1.0);
#3720=VECTOR('',#3723,1.0);
#3721=VECTOR('',#3724,1.0);
#3722=DIRECTION('',(0,0,1));
#3723=DIRECTION('',(-0.6089667887102354,0.7931957200136318,0));
#3724=DIRECTION('',(0.07880895546840964,-0.10265079694852128,-0.9915906223960631));
#3725=FACE_SURFACE('',(#3730),#3726,.T.);
#3726=PLANE('',#3727);
#3727=AXIS2_PLACEMENT_3D('',#132,#3728,#3729);
#3728=DIRECTION('',(-0.7931957200136318,-0.6089667887102354,0));
#3729=DIRECTION('',(-0.07880895546840964,0.10265079694852128,0.9915906223960631));
#3730=FACE_BOUND('',#3731,.T.);
#3731=EDGE_LOOP('',(#3732,#3733,#3734));
#3732=ORIENTED_EDGE('',*,*,#3735,.T.);
#3733=ORIENTED_EDGE('',*,*,#3736,.T.);
#3734=ORIENTED_EDGE('',*,*,#3737,.T.);
#3735=EDGE_CURVE('',#133,#295,#3738,.F.);
#3736=EDGE_CURVE('',#295,#135,#3739,.T.);
#3737=EDGE_CURVE('',#135,#133,#3740,.T.);
#3738=LINE('',#132,#3741);
#3739=LINE('',#294,#3742);
#3740=LINE('',#134,#3743);
#3741=VECTOR('',#3744,1.0);
#3742=VECTOR('',#3745,1.0);
#3743=VECTOR('',#3746,1.0);
#3744=DIRECTION('',(-0.07880895546840964,0.10265079694852128,0.9915906223960631));
#3745=DIRECTION('',(0,0,-1));
#3746=DIRECTION('',(0.6089667887102354,-0.7931957200136318,0));
#3747=FACE_SURFACE('',(#3752),#3748,.T.);
#3748=PLANE('',#3749);
#3749=AXIS2_PLACEMENT_3D('',#134,#3750,#3751);
#3750=DIRECTION('',(-0.6085794137309988,-0.7934929723588192,0));
#3751=DIRECTION('',(0,0,1));
#3752=FACE_BOUND('',#3753,.T.);
#3753=EDGE_LOOP('',(#3754,#3755,#3756));
#3754=ORIENTED_EDGE('',*,*,#3757,.T.);
#3755=ORIENTED_EDGE('',*,*,#3758,.T.);
#3756=ORIENTED_EDGE('',*,*,#3759,.T.);
#3757=EDGE_CURVE('',#135,#295,#3760,.F.);
#3758=EDGE_CURVE('',#295,#297,#3761,.T.);
#3759=EDGE_CURVE('',#297,#135,#3762,.T.);
#3760=LINE('',#134,#3763);
#3761=LINE('',#294,#3764);
#3762=LINE('',#296,#3765);
#3763=VECTOR('',#3766,1.0);
#3764=VECTOR('',#3767,1.0);
#3765=VECTOR('',#3768,1.0);
#3766=DIRECTION('',(0,0,1));
#3767=DIRECTION('',(-0.7934929723588192,0.6085794137309988,0));
#3768=DIRECTION('',(0.10269049352236995,-0.07875976539251606,-0.9915904204334811));
#3769=FACE_SURFACE('',(#3774),#3770,.T.);
#3770=PLANE('',#3771);
#3771=AXIS2_PLACEMENT_3D('',#134,#3772,#3773);
#3772=DIRECTION('',(-0.6085794137309988,-0.7934929723588192,0));
#3773=DIRECTION('',(-0.10269049352236995,0.07875976539251606,0.9915904204334811));
#3774=FACE_BOUND('',#3775,.T.);
#3775=EDGE_LOOP('',(#3776,#3777,#3778));
#3776=ORIENTED_EDGE('',*,*,#3779,.T.);
#3777=ORIENTED_EDGE('',*,*,#3780,.T.);
#3778=ORIENTED_EDGE('',*,*,#3781,.T.);
#3779=EDGE_CURVE('',#135,#297,#3782,.F.);
#3780=EDGE_CURVE('',#297,#137,#3783,.T.);
#3781=EDGE_CURVE('',#137,#135,#3784,.T.);
#3782=LINE('',#134,#3785);
#3783=LINE('',#296,#3786);
#3784=LINE('',#136,#3787);
#3785=VECTOR('',#3788,1.0);
#3786=VECTOR('',#3789,1.0);
#3787=VECTOR('',#3790,1.0);
#3788=DIRECTION('',(-0.10269049352236995,0.07875976539251606,0.9915904204334811));
#3789=DIRECTION('',(0,0,-1));
#3790=DIRECTION('',(0.7934929723588192,-0.6085794137309988,0));
#3791=FACE_SURFACE('',(#3796),#3792,.T.);
#3792=PLANE('',#3793);
#3793=AXIS2_PLACEMENT_3D('',#136,#3794,#3795);
#3794=DIRECTION('',(-0.38249850894313986,-0.9239561086200333,0));
#3795=DIRECTION('',(0,0,1));
#3796=FACE_BOUND('',#3797,.T.);
#3797=EDGE_LOOP('',(#3798,#3799,#3800));
#3798=ORIENTED_EDGE('',*,*,#3801,.T.);
#3799=ORIENTED_EDGE('',*,*,#3802,.T.);
#3800=ORIENTED_EDGE('',*,*,#3803,.T.);
#3801=EDGE_CURVE('',#137,#297,#3804,.F.);
#3802=EDGE_CURVE('',#297,#299,#3805,.T.);
#3803=EDGE_CURVE('',#299,#137,#3806,.T.);
#3804=LINE('',#136,#3807);
#3805=LINE('',#296,#3808);
#3806=LINE('',#298,#3809);
#3807=VECTOR('',#3810,1.0);
#3808=VECTOR('',#3811,1.0);
#3809=VECTOR('',#3812,1.0);
#3810=DIRECTION('',(0,0,1));
#3811=DIRECTION('',(-0.9239561086200333,0.38249850894313986,0));
#3812=DIRECTION('',(0.1195742102648254,-0.049501222739529525,-0.9915904583984433));
#3813=FACE_SURFACE('',(#3818),#3814,.T.);
#3814=PLANE('',#3815);
#3815=AXIS2_PLACEMENT_3D('',#136,#3816,#3817);
#3816=DIRECTION('',(-0.38249850894313986,-0.9239561086200333,0));
#3817=DIRECTION('',(-0.1195742102648254,0.049501222739529525,0.9915904583984433));
#3818=FACE_BOUND('',#3819,.T.);
#3819=EDGE_LOOP('',(#3820,#3821,#3822));
#3820=ORIENTED_EDGE('',*,*,#3823,.T.);
#3821=ORIENTED_EDGE('',*,*,#3824,.T.);
#3822=ORIENTED_EDGE('',*,*,#3825,.T.);
#3823=EDGE_CURVE('',#137,#299,#3826,.F.);
#3824=EDGE_CURVE('',#299,#139,#3827,.T.);
#3825=EDGE_CURVE('',#139,#137,#3828,.T.);
#3826=LINE('',#136,#3829);
#3827=LINE('',#298,#3830);
#3828=LINE('',#138,#3831);
#3829=VECTOR('',#3832,1.0);
#3830=VECTOR('',#3833,1.0);
#3831=VECTOR('',#3834,1.0);
#3832=DIRECTION('',(-0.1195742102648254,0.049501222739529525,0.9915904583984433));
#3833=DIRECTION('',(0,0,-1));
#3834=DIRECTION('',(0.9239561086200333,-0.38249850894313986,0));
#3835=FACE_SURFACE('',(#3840),#3836,.T.);
#3836=PLANE('',#3837);
#3837=AXIS2_PLACEMENT_3D('',#138,#3838,#3839);
#3838=DIRECTION('',(-0.13034563516796457,-0.9914686154350323,0));
#3839=DIRECTION('',(0,0,1));
#3840=FACE_BOUND('',#3841,.T.);
#3841=EDGE_LOOP('',(#3842,#3843,#3844));
#3842=ORIENTED_EDGE('',*,*,#3845,.T.);
#3843=ORIENTED_EDGE('',*,*,#3846,.T.);
#3844=ORIENTED_EDGE('',*,*,#3847,.T.);
#3845=EDGE_CURVE('',#139,#299,#3848,.F.);
#3846=EDGE_CURVE('',#299,#301,#3849,.T.);
#3847=EDGE_CURVE('',#301,#139,#3850,.T.);
#3848=LINE('',#138,#3851);
#3849=LINE('',#298,#3852);
#3850=LINE('',#300,#3853);
#3851=VECTOR('',#3854,1.0);
#3852=VECTOR('',#3855,1.0);
#3853=VECTOR('',#3856,1.0);
#3854=DIRECTION('',(0,0,1));
#3855=DIRECTION('',(-0.9914686154350323,0.13034563516796457,0));
#3856=DIRECTION('',(0.12831018539913064,-0.01686858500007143,-0.9915906147009138));
#3857=FACE_SURFACE('',(#3862),#3858,.T.);
#3858=PLANE('',#3859);
#3859=AXIS2_PLACEMENT_3D('',#138,#3860,#3861);
#3860=DIRECTION('',(-0.13034563516796457,-0.9914686154350323,0));
#3861=DIRECTION('',(-0.12831018539913064,0.01686858500007143,0.9915906147009138));
#3862=FACE_BOUND('',#3863,.T.);
#3863=EDGE_LOOP('',(#3864,#3865,#3866));
#3864=ORIENTED_EDGE('',*,*,#3867,.T.);
#3865=ORIENTED_EDGE('',*,*,#3868,.T.);
#3866=ORIENTED_EDGE('',*,*,#3869,.T.);
#3867=EDGE_CURVE('',#139,#301,#3870,.F.);
#3868=EDGE_CURVE('',#301,#141,#3871,.T.);
#3869=EDGE_CURVE('',#141,#139,#3872,.T.);
#3870=LINE('',#138,#3873);
#3871=LINE('',#300,#3874);
#3872=LINE('',#140,#3875);
#3873=VECTOR('',#3876,1.0);
#3874=VECTOR('',#3877,1.0);
#3875=VECTOR('',#3878,1.0);
#3876=DIRECTION('',(-0.12831018539913064,0.01686858500007143,0.9915906147009138));
#3877=DIRECTION('',(0,0,-1));
#3878=DIRECTION('',(0.9914686154350323,-0.13034563516796457,0));
#3879=FACE_SURFACE('',(#3884),#3880,.T.);
#3880=PLANE('',#3881);
#3881=AXIS2_PLACEMENT_3D('',#140,#3882,#3883);
#3882=DIRECTION('',(0.13067981995761102,-0.991424623789346,0));
#3883=DIRECTION('',(0,0,1));
#3884=FACE_BOUND('',#3885,.T.);
#3885=EDGE_LOOP('',(#3886,#3887,#3888));
#3886=ORIENTED_EDGE('',*,*,#3889,.T.);
#3887=ORIENTED_EDGE('',*,*,#3890,.T.);
#3888=ORIENTED_EDGE('',*,*,#3891,.T.);
#3889=EDGE_CURVE('',#141,#301,#3892,.F.);
#3890=EDGE_CURVE('',#301,#303,#3893,.T.);
#3891=EDGE_CURVE('',#303,#141,#3894,.T.);
#3892=LINE('',#140,#3895);
#3893=LINE('',#300,#3896);
#3894=LINE('',#302,#3897);
#3895=VECTOR('',#3898,1.0);
#3896=VECTOR('',#3899,1.0);
#3897=VECTOR('',#3900,1.0);
#3898=DIRECTION('',(0,0,1));
#3899=DIRECTION('',(-0.991424623789346,-0.13067981995761102,0));
#3900=DIRECTION('',(0.12830637078278692,0.016912080889441048,-0.9915903674081042));
#3901=FACE_SURFACE('',(#3906),#3902,.T.);
#3902=PLANE('',#3903);
#3903=AXIS2_PLACEMENT_3D('',#140,#3904,#3905);
#3904=DIRECTION('',(0.13067981995761102,-0.991424623789346,0));
#3905=DIRECTION('',(-0.12830637078278692,-0.016912080889441048,0.9915903674081042));
#3906=FACE_BOUND('',#3907,.T.);
#3907=EDGE_LOOP('',(#3908,#3909,#3910));
#3908=ORIENTED_EDGE('',*,*,#3911,.T.);
#3909=ORIENTED_EDGE('',*,*,#3912,.T.);
#3910=ORIENTED_EDGE('',*,*,#3913,.T.);
#3911=EDGE_CURVE('',#141,#303,#3914,.F.);
#3912=EDGE_CURVE('',#303,#143,#3915,.T.);
#3913=EDGE_CURVE('',#143,#141,#3916,.T.);
#3914=LINE('',#140,#3917);
#3915=LINE('',#302,#3918);
#3916=LINE('',#142,#3919);
#3917=VECTOR('',#3920,1.0);
#3918=VECTOR('',#3921,1.0);
#3919=VECTOR('',#3922,1.0);
#3920=DIRECTION('',(-0.12830637078278692,-0.016912080889441048,0.9915903674081042));
#3921=DIRECTION('',(0,0,-1));
#3922=DIRECTION('',(0.991424623789346,0.13067981995761102,0));
#3923=FACE_SURFACE('',(#3928),#3924,.T.);
#3924=PLANE('',#3925);
#3925=AXIS2_PLACEMENT_3D('',#142,#3926,#3927);
#3926=DIRECTION('',(0.3827944978309196,-0.9238335198672833,0));
#3927=DIRECTION('',(0,0,1));
#3928=FACE_BOUND('',#3929,.T.);
#3929=EDGE_LOOP('',(#3930,#3931,#3932));
#3930=ORIENTED_EDGE('',*,*,#3933,.T.);
#3931=ORIENTED_EDGE('',*,*,#3934,.T.);
#3932=ORIENTED_EDGE('',*,*,#3935,.T.);
#3933=EDGE_CURVE('',#143,#303,#3936,.F.);
#3934=EDGE_CURVE('',#303,#305,#3937,.T.);
#3935=EDGE_CURVE('',#305,#143,#3938,.T.);
#3936=LINE('',#142,#3939);
#3937=LINE('',#302,#3940);
#3938=LINE('',#304,#3941);
#3939=VECTOR('',#3942,1.0);
#3940=VECTOR('',#3943,1.0);
#3941=VECTOR('',#3944,1.0);
#3942=DIRECTION('',(0,0,1));
#3943=DIRECTION('',(-0.9238335198672833,-0.3827944978309196,0));
#3944=DIRECTION('',(0.11955720786234665,0.049539056942108486,-0.9915906190991552));
#3945=FACE_SURFACE('',(#3950),#3946,.T.);
#3946=PLANE('',#3947);
#3947=AXIS2_PLACEMENT_3D('',#142,#3948,#3949);
#3948=DIRECTION('',(0.3827944978309196,-0.9238335198672833,0));
#3949=DIRECTION('',(-0.11955720786234665,-0.049539056942108486,0.9915906190991552));
#3950=FACE_BOUND('',#3951,.T.);
#3951=EDGE_LOOP('',(#3952,#3953,#3954));
#3952=ORIENTED_EDGE('',*,*,#3955,.T.);
#3953=ORIENTED_EDGE('',*,*,#3956,.T.);
#3954=ORIENTED_EDGE('',*,*,#3957,.T.);
#3955=EDGE_CURVE('',#143,#305,#3958,.F.);
#3956=EDGE_CURVE('',#305,#145,#3959,.T.);
#3957=EDGE_CURVE('',#145,#143,#3960,.T.);
#3958=LINE('',#142,#3961);
#3959=LINE('',#304,#3962);
#3960=LINE('',#144,#3963);
#3961=VECTOR('',#3964,1.0);
#3962=VECTOR('',#3965,1.0);
#3963=VECTOR('',#3966,1.0);
#3964=DIRECTION('',(-0.11955720786234665,-0.049539056942108486,0.9915906190991552));
#3965=DIRECTION('',(0,0,-1));
#3966=DIRECTION('',(0.9238335198672833,0.3827944978309196,0));
#3967=FACE_SURFACE('',(#3972),#3968,.T.);
#3968=PLANE('',#3969);
#3969=AXIS2_PLACEMENT_3D('',#144,#3970,#3971);
#3970=DIRECTION('',(0.608834613105754,-0.7932971787951643,0));
#3971=DIRECTION('',(0,0,1));
#3972=FACE_BOUND('',#3973,.T.);
#3973=EDGE_LOOP('',(#3974,#3975,#3976));
#3974=ORIENTED_EDGE('',*,*,#3977,.T.);
#3975=ORIENTED_EDGE('',*,*,#3978,.T.);
#3976=ORIENTED_EDGE('',*,*,#3979,.T.);
#3977=EDGE_CURVE('',#145,#305,#3980,.F.);
#3978=EDGE_CURVE('',#305,#307,#3981,.T.);
#3979=EDGE_CURVE('',#307,#145,#3982,.T.);
#3980=LINE('',#144,#3983);
#3981=LINE('',#304,#3984);
#3982=LINE('',#306,#3985);
#3983=VECTOR('',#3986,1.0);
#3984=VECTOR('',#3987,1.0);
#3985=VECTOR('',#3988,1.0);
#3986=DIRECTION('',(0,0,1));
#3987=DIRECTION('',(-0.7932971787951643,-0.608834613105754,0));
#3988=DIRECTION('',(0.10266403428685929,0.078791932286772,-0.9915906047711743));
#3989=FACE_SURFACE('',(#3994),#3990,.T.);
#3990=PLANE('',#3991);
#3991=AXIS2_PLACEMENT_3D('',#144,#3992,#3993);
#3992=DIRECTION('',(0.608834613105754,-0.7932971787951643,0));
#3993=DIRECTION('',(-0.10266403428685929,-0.078791932286772,0.9915906047711743));
#3994=FACE_BOUND('',#3995,.T.);
#3995=EDGE_LOOP('',(#3996,#3997,#3998));
#3996=ORIENTED_EDGE('',*,*,#3999,.T.);
#3997=ORIENTED_EDGE('',*,*,#4000,.T.);
#3998=ORIENTED_EDGE('',*,*,#4001,.T.);
#3999=EDGE_CURVE('',#145,#307,#4002,.F.);
#4000=EDGE_CURVE('',#307,#147,#4003,.T.);
#4001=EDGE_CURVE('',#147,#145,#4004,.T.);
#4002=LINE('',#144,#4005);
#4003=LINE('',#306,#4006);
#4004=LINE('',#146,#4007);
#4005=VECTOR('',#4008,1.0);
#4006=VECTOR('',#4009,1.0);
#4007=VECTOR('',#4010,1.0);
#4008=DIRECTION('',(-0.10266403428685929,-0.078791932286772,0.9915906047711743));
#4009=DIRECTION('',(0,0,-1));
#4010=DIRECTION('',(0.7932971787951643,0.608834613105754,0));
#4011=FACE_SURFACE('',(#4016),#4012,.T.);
#4012=PLANE('',#4013);
#4013=AXIS2_PLACEMENT_3D('',#146,#4014,#4015);
#4014=DIRECTION('',(0.7933915574335882,-0.6087116202218464,0));
#4015=DIRECTION('',(0,0,1));
#4016=FACE_BOUND('',#4017,.T.);
#4017=EDGE_LOOP('',(#4018,#4019,#4020));
#4018=ORIENTED_EDGE('',*,*,#4021,.T.);
#4019=ORIENTED_EDGE('',*,*,#4022,.T.);
#4020=ORIENTED_EDGE('',*,*,#4023,.T.);
#4021=EDGE_CURVE('',#147,#307,#4024,.F.);
#4022=EDGE_CURVE('',#307,#309,#4025,.T.);
#4023=EDGE_CURVE('',#309,#147,#4026,.T.);
#4024=LINE('',#146,#4027);
#4025=LINE('',#306,#4028);
#4026=LINE('',#308,#4029);
#4027=VECTOR('',#4030,1.0);
#4028=VECTOR('',#4031,1.0);
#4029=VECTOR('',#4032,1.0);
#4030=DIRECTION('',(0,0,1));
#4031=DIRECTION('',(-0.6087116202218464,-0.7933915574335882,0));
#4032=DIRECTION('',(0.07877678864114593,0.10267725627915038,-0.9915904389486487));
#4033=FACE_SURFACE('',(#4038),#4034,.T.);
#4034=PLANE('',#4035);
#4035=AXIS2_PLACEMENT_3D('',#146,#4036,#4037);
#4036=DIRECTION('',(0.7933915574335882,-0.6087116202218464,0));
#4037=DIRECTION('',(-0.07877678864114593,-0.10267725627915038,0.9915904389486487));
#4038=FACE_BOUND('',#4039,.T.);
#4039=EDGE_LOOP('',(#4040,#4041,#4042));
#4040=ORIENTED_EDGE('',*,*,#4043,.T.);
#4041=ORIENTED_EDGE('',*,*,#4044,.T.);
#4042=ORIENTED_EDGE('',*,*,#4045,.T.);
#4043=EDGE_CURVE('',#147,#309,#4046,.F.);
#4044=EDGE_CURVE('',#309,#71,#4047,.T.);
#4045=EDGE_CURVE('',#71,#147,#4048,.T.);
#4046=LINE('',#146,#4049);
#4047=LINE('',#308,#4050);
#4048=LINE('',#70,#4051);
#4049=VECTOR('',#4052,1.0);
#4050=VECTOR('',#4053,1.0);
#4051=VECTOR('',#4054,1.0);
#4052=DIRECTION('',(-0.07877678864114593,-0.10267725627915038,0.9915904389486487));
#4053=DIRECTION('',(0,0,-1));
#4054=DIRECTION('',(0.6087116202218464,0.7933915574335882,0));
#4055=FACE_SURFACE('',(#4060),#4056,.T.);
#4056=PLANE('',#4057);
#4057=AXIS2_PLACEMENT_3D('',#70,#4058,#4059);
#4058=DIRECTION('',(0.9238958962843112,-0.3826439243330663,0));
#4059=DIRECTION('',(0,0,1));
#4060=FACE_BOUND('',#4061,.T.);
#4061=EDGE_LOOP('',(#4062,#4063,#4064));
#4062=ORIENTED_EDGE('',*,*,#4065,.T.);
#4063=ORIENTED_EDGE('',*,*,#4066,.T.);
#4064=ORIENTED_EDGE('',*,*,#4067,.T.);
#4065=EDGE_CURVE('',#71,#309,#4068,.F.);
#4066=EDGE_CURVE('',#309,#311,#4069,.T.);
#4067=EDGE_CURVE('',#311,#71,#4070,.T.);
#4068=LINE('',#70,#4071);
#4069=LINE('',#308,#4072);
#4070=LINE('',#310,#4073);
#4071=VECTOR('',#4074,1.0);
#4072=VECTOR('',#4075,1.0);
#4073=VECTOR('',#4076,1.0);
#4074=DIRECTION('',(0,0,1));
#4075=DIRECTION('',(-0.3826439243330663,-0.9238958962843112,0));
#4076=DIRECTION('',(0.049520134250779696,0.11956664122522406,-0.9915904268446238));
#4077=FACE_SURFACE('',(#4082),#4078,.T.);
#4078=PLANE('',#4079);
#4079=AXIS2_PLACEMENT_3D('',#70,#4080,#4081);
#4080=DIRECTION('',(0.9238958962843112,-0.3826439243330663,0));
#4081=DIRECTION('',(-0.049520134250779696,-0.11956664122522406,0.9915904268446238));
#4082=FACE_BOUND('',#4083,.T.);
#4083=EDGE_LOOP('',(#4084,#4085,#4086));
#4084=ORIENTED_EDGE('',*,*,#4087,.T.);
#4085=ORIENTED_EDGE('',*,*,#4088,.T.);
#4086=ORIENTED_EDGE('',*,*,#4089,.T.);
#4087=EDGE_CURVE('',#71,#311,#4090,.F.);
#4088=EDGE_CURVE('',#311,#73,#4091,.T.);
#4089=EDGE_CURVE('',#73,#71,#4092,.T.);
#4090=LINE('',#70,#4093);
#4091=LINE('',#310,#4094);
#4092=LINE('',#72,#4095);
#4093=VECTOR('',#4096,1.0);
#4094=VECTOR('',#4097,1.0);
#4095=VECTOR('',#4098,1.0);
#4096=DIRECTION('',(-0.049520134250779696,-0.11956664122522406,0.9915904268446238));
#4097=DIRECTION('',(0,0,-1));
#4098=DIRECTION('',(0.3826439243330663,0.9238958962843112,0));
#4099=FACE_SURFACE('',(#4104),#4100,.T.);
#4100=PLANE('',#4101);
#4101=AXIS2_PLACEMENT_3D('',#72,#4102,#4103);
#4102=DIRECTION('',(0.9914456879867148,-0.13051991331804294,0));
#4103=DIRECTION('',(0,0,1));
#4104=FACE_BOUND('',#4105,.T.);
#4105=EDGE_LOOP('',(#4106,#4107,#4108));
#4106=ORIENTED_EDGE('',*,*,#4109,.T.);
#4107=ORIENTED_EDGE('',*,*,#4110,.T.);
#4108=ORIENTED_EDGE('',*,*,#4111,.T.);
#4109=EDGE_CURVE('',#73,#311,#4112,.F.);
#4110=EDGE_CURVE('',#311,#55,#4113,.T.);
#4111=EDGE_CURVE('',#55,#73,#4114,.T.);
#4112=LINE('',#72,#4115);
#4113=LINE('',#310,#4116);
#4114=LINE('',#54,#4117);
#4115=VECTOR('',#4118,1.0);
#4116=VECTOR('',#4119,1.0);
#4117=VECTOR('',#4120,1.0);
#4118=DIRECTION('',(0,0,1));
#4119=DIRECTION('',(-0.13051991331804294,-0.9914456879867148,0));
#4120=DIRECTION('',(0.016891278336075125,0.12830827607184778,-0.9915904754522624));
#4121=FACE_SURFACE('',(#4126),#4122,.T.);
#4122=PLANE('',#4123);
#4123=AXIS2_PLACEMENT_3D('',#72,#4124,#4125);
#4124=DIRECTION('',(0.9914456879867148,-0.13051991331804294,0));
#4125=DIRECTION('',(-0.016891278336075125,-0.12830827607184778,0.9915904754522624));
#4126=FACE_BOUND('',#4127,.T.);
#4127=EDGE_LOOP('',(#4128,#4129,#4130));
#4128=ORIENTED_EDGE('',*,*,#4131,.T.);
#4129=ORIENTED_EDGE('',*,*,#4132,.T.);
#4130=ORIENTED_EDGE('',*,*,#4133,.T.);
#4131=EDGE_CURVE('',#73,#55,#4134,.F.);
#4132=EDGE_CURVE('',#55,#53,#4135,.T.);
#4133=EDGE_CURVE('',#53,#73,#4136,.T.);
#4134=LINE('',#72,#4137);
#4135=LINE('',#54,#4138);
#4136=LINE('',#52,#4139);
#4137=VECTOR('',#4140,1.0);
#4138=VECTOR('',#4141,1.0);
#4139=VECTOR('',#4142,1.0);
#4140=DIRECTION('',(-0.016891278336075125,-0.12830827607184778,0.9915904754522624));
#4141=DIRECTION('',(0,0,-1));
#4142=DIRECTION('',(0.13051991331804294,0.9914456879867148,0));
#4143=FACE_SURFACE('',(#4148),#4144,.T.);
#4144=PLANE('',#4145);
#4145=AXIS2_PLACEMENT_3D('',#148,#4146,#4147);
#4146=DIRECTION('',(0.9914436485342026,0.13053540432077632,0));
#4147=DIRECTION('',(-0.13053540432077632,0.9914436485342026,0));
#4148=FACE_BOUND('',#4149,.T.);
#4149=EDGE_LOOP('',(#4150,#4151,#4152));
#4150=ORIENTED_EDGE('',*,*,#4153,.T.);
#4151=ORIENTED_EDGE('',*,*,#4154,.T.);
#4152=ORIENTED_EDGE('',*,*,#4155,.T.);
#4153=EDGE_CURVE('',#149,#77,#4156,.F.);
#4154=EDGE_CURVE('',#77,#313,#4157,.T.);
#4155=EDGE_CURVE('',#313,#149,#4158,.T.);
#4156=LINE('',#148,#4159);
#4157=LINE('',#76,#4160);
#4158=LINE('',#312,#4161);
#4159=VECTOR('',#4162,1.0);
#4160=VECTOR('',#4163,1.0);
#4161=VECTOR('',#4164,1.0);
#4162=DIRECTION('',(-0.13053540432077632,0.9914436485342026,0));
#4163=DIRECTION('',(0,0,1));
#4164=DIRECTION('',(0.016895031173009667,-0.12832128904358667,-0.9915887275982191));
#4165=FACE_SURFACE('',(#4170),#4166,.T.);
#4166=PLANE('',#4167);
#4167=AXIS2_PLACEMENT_3D('',#312,#4168,#4169);
#4168=DIRECTION('',(0.9914436485342026,-0.13053540432077632,0));
#4169=DIRECTION('',(0,0,-1));
#4170=FACE_BOUND('',#4171,.T.);
#4171=EDGE_LOOP('',(#4172,#4173,#4174));
#4172=ORIENTED_EDGE('',*,*,#4175,.T.);
#4173=ORIENTED_EDGE('',*,*,#4176,.T.);
#4174=ORIENTED_EDGE('',*,*,#4177,.T.);
#4175=EDGE_CURVE('',#313,#77,#4178,.F.);
#4176=EDGE_CURVE('',#77,#79,#4179,.T.);
#4177=EDGE_CURVE('',#79,#313,#4180,.T.);
#4178=LINE('',#312,#4181);
#4179=LINE('',#76,#4182);
#4180=LINE('',#78,#4183);
#4181=VECTOR('',#4184,1.0);
#4182=VECTOR('',#4185,1.0);
#4183=VECTOR('',#4186,1.0);
#4184=DIRECTION('',(0,0,-1));
#4185=DIRECTION('',(0.13053540432077632,0.9914436485342026,0));
#4186=DIRECTION('',(-0.016895031173009667,-0.12832128904358667,0.9915887275982191));
#4187=FACE_SURFACE('',(#4192),#4188,.T.);
#4188=PLANE('',#4189);
#4189=AXIS2_PLACEMENT_3D('',#312,#4190,#4191);
#4190=DIRECTION('',(0.9914436485342026,-0.13053540432077632,0));
#4191=DIRECTION('',(0.016895031173009667,0.12832128904358667,-0.9915887275982191));
#4192=FACE_BOUND('',#4193,.T.);
#4193=EDGE_LOOP('',(#4194,#4195,#4196));
#4194=ORIENTED_EDGE('',*,*,#4197,.T.);
#4195=ORIENTED_EDGE('',*,*,#4198,.T.);
#4196=ORIENTED_EDGE('',*,*,#4199,.T.);
#4197=EDGE_CURVE('',#313,#79,#4200,.F.);
#4198=EDGE_CURVE('',#79,#315,#4201,.T.);
#4199=EDGE_CURVE('',#315,#313,#4202,.T.);
#4200=LINE('',#312,#4203);
#4201=LINE('',#78,#4204);
#4202=LINE('',#314,#4205);
#4203=VECTOR('',#4206,1.0);
#4204=VECTOR('',#4207,1.0);
#4205=VECTOR('',#4208,1.0);
#4206=DIRECTION('',(0.016895031173009667,0.12832128904358667,-0.9915887275982191));
#4207=DIRECTION('',(0,0,1));
#4208=DIRECTION('',(-0.13053540432077632,-0.9914436485342026,0));
#4209=FACE_SURFACE('',(#4214),#4210,.T.);
#4210=PLANE('',#4211);
#4211=AXIS2_PLACEMENT_3D('',#314,#4212,#4213);
#4212=DIRECTION('',(0.9238807634942466,-0.3826804604958138,0));
#4213=DIRECTION('',(0,0,-1));
#4214=FACE_BOUND('',#4215,.T.);
#4215=EDGE_LOOP('',(#4216,#4217,#4218));
#4216=ORIENTED_EDGE('',*,*,#4219,.T.);
#4217=ORIENTED_EDGE('',*,*,#4220,.T.);
#4218=ORIENTED_EDGE('',*,*,#4221,.T.);
#4219=EDGE_CURVE('',#315,#79,#4222,.F.);
#4220=EDGE_CURVE('',#79,#83,#4223,.T.);
#4221=EDGE_CURVE('',#83,#315,#4224,.T.);
#4222=LINE('',#314,#4225);
#4223=LINE('',#78,#4226);
#4224=LINE('',#82,#4227);
#4225=VECTOR('',#4228,1.0);
#4226=VECTOR('',#4229,1.0);
#4227=VECTOR('',#4230,1.0);
#4228=DIRECTION('',(0,0,-1));
#4229=DIRECTION('',(0.3826804604958138,0.9238807634942466,0));
#4230=DIRECTION('',(-0.04952951159311836,-0.11957590655885576,0.991588841230061));
#4231=FACE_SURFACE('',(#4236),#4232,.T.);
#4232=PLANE('',#4233);
#4233=AXIS2_PLACEMENT_3D('',#314,#4234,#4235);
#4234=DIRECTION('',(0.9238807634942466,-0.3826804604958138,0));
#4235=DIRECTION('',(0.04952951159311836,0.11957590655885576,-0.991588841230061));
#4236=FACE_BOUND('',#4237,.T.);
#4237=EDGE_LOOP('',(#4238,#4239,#4240));
#4238=ORIENTED_EDGE('',*,*,#4241,.T.);
#4239=ORIENTED_EDGE('',*,*,#4242,.T.);
#4240=ORIENTED_EDGE('',*,*,#4243,.T.);
#4241=EDGE_CURVE('',#315,#83,#4244,.F.);
#4242=EDGE_CURVE('',#83,#317,#4245,.T.);
#4243=EDGE_CURVE('',#317,#315,#4246,.T.);
#4244=LINE('',#314,#4247);
#4245=LINE('',#82,#4248);
#4246=LINE('',#316,#4249);
#4247=VECTOR('',#4250,1.0);
#4248=VECTOR('',#4251,1.0);
#4249=VECTOR('',#4252,1.0);
#4250=DIRECTION('',(0.04952951159311836,0.11957590655885576,-0.991588841230061));
#4251=DIRECTION('',(0,0,1));
#4252=DIRECTION('',(-0.3826804604958138,-0.9238807634942466,0));
#4253=FACE_SURFACE('',(#4258),#4254,.T.);
#4254=PLANE('',#4255);
#4255=AXIS2_PLACEMENT_3D('',#316,#4256,#4257);
#4256=DIRECTION('',(0.7933513418582181,-0.6087640334084832,0));
#4257=DIRECTION('',(0,0,-1));
#4258=FACE_BOUND('',#4259,.T.);
#4259=EDGE_LOOP('',(#4260,#4261,#4262));
#4260=ORIENTED_EDGE('',*,*,#4263,.T.);
#4261=ORIENTED_EDGE('',*,*,#4264,.T.);
#4262=ORIENTED_EDGE('',*,*,#4265,.T.);
#4263=EDGE_CURVE('',#317,#83,#4266,.F.);
#4264=EDGE_CURVE('',#83,#87,#4267,.T.);
#4265=EDGE_CURVE('',#87,#317,#4268,.T.);
#4266=LINE('',#316,#4269);
#4267=LINE('',#82,#4270);
#4268=LINE('',#86,#4271);
#4269=VECTOR('',#4272,1.0);
#4270=VECTOR('',#4273,1.0);
#4271=VECTOR('',#4274,1.0);
#4272=DIRECTION('',(0,0,-1));
#4273=DIRECTION('',(0.6087640334084832,0.7933513418582181,0));
#4274=DIRECTION('',(-0.07879177928329517,-0.10268274798004469,0.9915886792338037));
#4275=FACE_SURFACE('',(#4280),#4276,.T.);
#4276=PLANE('',#4277);
#4277=AXIS2_PLACEMENT_3D('',#316,#4278,#4279);
#4278=DIRECTION('',(0.7933513418582181,-0.6087640334084832,0));
#4279=DIRECTION('',(0.07879177928329517,0.10268274798004469,-0.9915886792338037));
#4280=FACE_BOUND('',#4281,.T.);
#4281=EDGE_LOOP('',(#4282,#4283,#4284));
#4282=ORIENTED_EDGE('',*,*,#4285,.T.);
#4283=ORIENTED_EDGE('',*,*,#4286,.T.);
#4284=ORIENTED_EDGE('',*,*,#4287,.T.);
#4285=EDGE_CURVE('',#317,#87,#4288,.F.);
#4286=EDGE_CURVE('',#87,#319,#4289,.T.);
#4287=EDGE_CURVE('',#319,#317,#4290,.T.);
#4288=LINE('',#316,#4291);
#4289=LINE('',#86,#4292);
#4290=LINE('',#318,#4293);
#4291=VECTOR('',#4294,1.0);
#4292=VECTOR('',#4295,1.0);
#4293=VECTOR('',#4296,1.0);
#4294=DIRECTION('',(0.07879177928329517,0.10268274798004469,-0.9915886792338037));
#4295=DIRECTION('',(0,0,1));
#4296=DIRECTION('',(-0.6087640334084832,-0.7933513418582181,0));
#4297=FACE_SURFACE('',(#4302),#4298,.T.);
#4298=PLANE('',#4299);
#4299=AXIS2_PLACEMENT_3D('',#318,#4300,#4301);
#4300=DIRECTION('',(0.6087618934444915,-0.793352983916918,0));
#4301=DIRECTION('',(0,0,-1));
#4302=FACE_BOUND('',#4303,.T.);
#4303=EDGE_LOOP('',(#4304,#4305,#4306));
#4304=ORIENTED_EDGE('',*,*,#4307,.T.);
#4305=ORIENTED_EDGE('',*,*,#4308,.T.);
#4306=ORIENTED_EDGE('',*,*,#4309,.T.);
#4307=EDGE_CURVE('',#319,#87,#4310,.F.);
#4308=EDGE_CURVE('',#87,#91,#4311,.T.);
#4309=EDGE_CURVE('',#91,#319,#4312,.T.);
#4310=LINE('',#318,#4313);
#4311=LINE('',#86,#4314);
#4312=LINE('',#90,#4315);
#4313=VECTOR('',#4316,1.0);
#4314=VECTOR('',#4317,1.0);
#4315=VECTOR('',#4318,1.0);
#4316=DIRECTION('',(0,0,-1));
#4317=DIRECTION('',(0.793352983916918,0.6087618934444915,0));
#4318=DIRECTION('',(-0.10268089191689125,-0.07878991502027542,0.9915890195672042));
#4319=FACE_SURFACE('',(#4324),#4320,.T.);
#4320=PLANE('',#4321);
#4321=AXIS2_PLACEMENT_3D('',#318,#4322,#4323);
#4322=DIRECTION('',(0.6087618934444915,-0.793352983916918,0));
#4323=DIRECTION('',(0.10268089191689125,0.07878991502027542,-0.9915890195672042));
#4324=FACE_BOUND('',#4325,.T.);
#4325=EDGE_LOOP('',(#4326,#4327,#4328));
#4326=ORIENTED_EDGE('',*,*,#4329,.T.);
#4327=ORIENTED_EDGE('',*,*,#4330,.T.);
#4328=ORIENTED_EDGE('',*,*,#4331,.T.);
#4329=EDGE_CURVE('',#319,#91,#4332,.F.);
#4330=EDGE_CURVE('',#91,#321,#4333,.T.);
#4331=EDGE_CURVE('',#321,#319,#4334,.T.);
#4332=LINE('',#318,#4335);
#4333=LINE('',#90,#4336);
#4334=LINE('',#320,#4337);
#4335=VECTOR('',#4338,1.0);
#4336=VECTOR('',#4339,1.0);
#4337=VECTOR('',#4340,1.0);
#4338=DIRECTION('',(0.10268089191689125,0.07878991502027542,-0.9915890195672042));
#4339=DIRECTION('',(0,0,1));
#4340=DIRECTION('',(-0.793352983916918,-0.6087618934444915,0));
#4341=FACE_SURFACE('',(#4346),#4342,.T.);
#4342=PLANE('',#4343);
#4343=AXIS2_PLACEMENT_3D('',#320,#4344,#4345);
#4344=DIRECTION('',(0.382687766819496,-0.923877737109574,0));
#4345=DIRECTION('',(0,0,-1));
#4346=FACE_BOUND('',#4347,.T.);
#4347=EDGE_LOOP('',(#4348,#4349,#4350));
#4348=ORIENTED_EDGE('',*,*,#4351,.T.);
#4349=ORIENTED_EDGE('',*,*,#4352,.T.);
#4350=ORIENTED_EDGE('',*,*,#4353,.T.);
#4351=EDGE_CURVE('',#321,#91,#4354,.F.);
#4352=EDGE_CURVE('',#91,#95,#4355,.T.);
#4353=EDGE_CURVE('',#95,#321,#4356,.T.);
#4354=LINE('',#320,#4357);
#4355=LINE('',#90,#4358);
#4356=LINE('',#94,#4359);
#4357=VECTOR('',#4360,1.0);
#4358=VECTOR('',#4361,1.0);
#4359=VECTOR('',#4362,1.0);
#4360=DIRECTION('',(0,0,-1));
#4361=DIRECTION('',(0.923877737109574,0.382687766819496,0));
#4362=DIRECTION('',(-0.1195777596194966,-0.04953138705693944,0.9915885240867794));
#4363=FACE_SURFACE('',(#4368),#4364,.T.);
#4364=PLANE('',#4365);
#4365=AXIS2_PLACEMENT_3D('',#320,#4366,#4367);
#4366=DIRECTION('',(0.382687766819496,-0.923877737109574,0));
#4367=DIRECTION('',(0.1195777596194966,0.04953138705693944,-0.9915885240867794));
#4368=FACE_BOUND('',#4369,.T.);
#4369=EDGE_LOOP('',(#4370,#4371,#4372));
#4370=ORIENTED_EDGE('',*,*,#4373,.T.);
#4371=ORIENTED_EDGE('',*,*,#4374,.T.);
#4372=ORIENTED_EDGE('',*,*,#4375,.T.);
#4373=EDGE_CURVE('',#321,#95,#4376,.F.);
#4374=EDGE_CURVE('',#95,#323,#4377,.T.);
#4375=EDGE_CURVE('',#323,#321,#4378,.T.);
#4376=LINE('',#320,#4379);
#4377=LINE('',#94,#4380);
#4378=LINE('',#322,#4381);
#4379=VECTOR('',#4382,1.0);
#4380=VECTOR('',#4383,1.0);
#4381=VECTOR('',#4384,1.0);
#4382=DIRECTION('',(0.1195777596194966,0.04953138705693944,-0.9915885240867794));
#4383=DIRECTION('',(0,0,1));
#4384=DIRECTION('',(-0.923877737109574,-0.382687766819496,0));
#4385=FACE_SURFACE('',(#4390),#4386,.T.);
#4386=PLANE('',#4387);
#4387=AXIS2_PLACEMENT_3D('',#322,#4388,#4389);
#4388=DIRECTION('',(0.13052293153778352,-0.99144529064532,0));
#4389=DIRECTION('',(0,0,-1));
#4390=FACE_BOUND('',#4391,.T.);
#4391=EDGE_LOOP('',(#4392,#4393,#4394));
#4392=ORIENTED_EDGE('',*,*,#4395,.T.);
#4393=ORIENTED_EDGE('',*,*,#4396,.T.);
#4394=ORIENTED_EDGE('',*,*,#4397,.T.);
#4395=EDGE_CURVE('',#323,#95,#4398,.F.);
#4396=EDGE_CURVE('',#95,#99,#4399,.T.);
#4397=EDGE_CURVE('',#99,#323,#4400,.T.);
#4398=LINE('',#322,#4401);
#4399=LINE('',#94,#4402);
#4400=LINE('',#98,#4403);
#4401=VECTOR('',#4404,1.0);
#4402=VECTOR('',#4405,1.0);
#4403=VECTOR('',#4406,1.0);
#4404=DIRECTION('',(0,0,-1));
#4405=DIRECTION('',(0.99144529064532,0.13052293153778352,0));
#4406=DIRECTION('',(-0.12831943298045703,-0.016893144507221278,0.991588999933053));
#4407=FACE_SURFACE('',(#4412),#4408,.T.);
#4408=PLANE('',#4409);
#4409=AXIS2_PLACEMENT_3D('',#322,#4410,#4411);
#4410=DIRECTION('',(0.13052293153778352,-0.99144529064532,0));
#4411=DIRECTION('',(0.12831943298045703,0.016893144507221278,-0.991588999933053));
#4412=FACE_BOUND('',#4413,.T.);
#4413=EDGE_LOOP('',(#4414,#4415,#4416));
#4414=ORIENTED_EDGE('',*,*,#4417,.T.);
#4415=ORIENTED_EDGE('',*,*,#4418,.T.);
#4416=ORIENTED_EDGE('',*,*,#4419,.T.);
#4417=EDGE_CURVE('',#323,#99,#4420,.F.);
#4418=EDGE_CURVE('',#99,#325,#4421,.T.);
#4419=EDGE_CURVE('',#325,#323,#4422,.T.);
#4420=LINE('',#322,#4423);
#4421=LINE('',#98,#4424);
#4422=LINE('',#324,#4425);
#4423=VECTOR('',#4426,1.0);
#4424=VECTOR('',#4427,1.0);
#4425=VECTOR('',#4428,1.0);
#4426=DIRECTION('',(0.12831943298045703,0.016893144507221278,-0.991588999933053));
#4427=DIRECTION('',(0,0,1));
#4428=DIRECTION('',(-0.99144529064532,-0.13052293153778352,0));
#4429=FACE_SURFACE('',(#4434),#4430,.T.);
#4430=PLANE('',#4431);
#4431=AXIS2_PLACEMENT_3D('',#324,#4432,#4433);
#4432=DIRECTION('',(-0.13052104055558156,-0.9914455395896884,-0));
#4433=DIRECTION('',(0,0,-1));
#4434=FACE_BOUND('',#4435,.T.);
#4435=EDGE_LOOP('',(#4436,#4437,#4438));
#4436=ORIENTED_EDGE('',*,*,#4439,.T.);
#4437=ORIENTED_EDGE('',*,*,#4440,.T.);
#4438=ORIENTED_EDGE('',*,*,#4441,.T.);
#4439=EDGE_CURVE('',#325,#99,#4442,.F.);
#4440=EDGE_CURVE('',#99,#103,#4443,.T.);
#4441=EDGE_CURVE('',#103,#325,#4444,.T.);
#4442=LINE('',#324,#4445);
#4443=LINE('',#98,#4446);
#4444=LINE('',#102,#4447);
#4445=VECTOR('',#4448,1.0);
#4446=VECTOR('',#4449,1.0);
#4447=VECTOR('',#4450,1.0);
#4448=DIRECTION('',(0,0,-1));
#4449=DIRECTION('',(0.9914455395896884,-0.13052104055558156,0));
#4450=DIRECTION('',(-0.1283212931436927,0.016893140407373292,0.9915887592813399));
#4451=FACE_SURFACE('',(#4456),#4452,.T.);
#4452=PLANE('',#4453);
#4453=AXIS2_PLACEMENT_3D('',#324,#4454,#4455);
#4454=DIRECTION('',(-0.13052104055558156,-0.9914455395896884,0));
#4455=DIRECTION('',(0.1283212931436927,-0.016893140407373292,-0.9915887592813399));
#4456=FACE_BOUND('',#4457,.T.);
#4457=EDGE_LOOP('',(#4458,#4459,#4460));
#4458=ORIENTED_EDGE('',*,*,#4461,.T.);
#4459=ORIENTED_EDGE('',*,*,#4462,.T.);
#4460=ORIENTED_EDGE('',*,*,#4463,.T.);
#4461=EDGE_CURVE('',#325,#103,#4464,.F.);
#4462=EDGE_CURVE('',#103,#327,#4465,.T.);
#4463=EDGE_CURVE('',#327,#325,#4466,.T.);
#4464=LINE('',#324,#4467);
#4465=LINE('',#102,#4468);
#4466=LINE('',#326,#4469);
#4467=VECTOR('',#4470,1.0);
#4468=VECTOR('',#4471,1.0);
#4469=VECTOR('',#4472,1.0);
#4470=DIRECTION('',(0.1283212931436927,-0.016893140407373292,-0.9915887592813399));
#4471=DIRECTION('',(0,0,1));
#4472=DIRECTION('',(-0.9914455395896884,0.13052104055558156,0));
#4473=FACE_SURFACE('',(#4478),#4474,.T.);
#4474=PLANE('',#4475);
#4475=AXIS2_PLACEMENT_3D('',#326,#4476,#4477);
#4476=DIRECTION('',(-0.38269293324421466,-0.9238755970610649,-0));
#4477=DIRECTION('',(0,0,-1));
#4478=FACE_BOUND('',#4479,.T.);
#4479=EDGE_LOOP('',(#4480,#4481,#4482));
#4480=ORIENTED_EDGE('',*,*,#4483,.T.);
#4481=ORIENTED_EDGE('',*,*,#4484,.T.);
#4482=ORIENTED_EDGE('',*,*,#4485,.T.);
#4483=EDGE_CURVE('',#327,#103,#4486,.F.);
#4484=EDGE_CURVE('',#103,#107,#4487,.T.);
#4485=EDGE_CURVE('',#107,#327,#4488,.T.);
#4486=LINE('',#326,#4489);
#4487=LINE('',#102,#4490);
#4488=LINE('',#106,#4491);
#4489=VECTOR('',#4492,1.0);
#4490=VECTOR('',#4493,1.0);
#4491=VECTOR('',#4494,1.0);
#4492=DIRECTION('',(0,0,-1));
#4493=DIRECTION('',(0.9238755970610649,-0.38269293324421466,0));
#4494=DIRECTION('',(-0.11957589535731739,0.04953139825877491,0.9915887483407759));
#4495=FACE_SURFACE('',(#4500),#4496,.T.);
#4496=PLANE('',#4497);
#4497=AXIS2_PLACEMENT_3D('',#326,#4498,#4499);
#4498=DIRECTION('',(-0.38269293324421466,-0.9238755970610649,0));
#4499=DIRECTION('',(0.11957589535731739,-0.04953139825877491,-0.9915887483407759));
#4500=FACE_BOUND('',#4501,.T.);
#4501=EDGE_LOOP('',(#4502,#4503,#4504));
#4502=ORIENTED_EDGE('',*,*,#4505,.T.);
#4503=ORIENTED_EDGE('',*,*,#4506,.T.);
#4504=ORIENTED_EDGE('',*,*,#4507,.T.);
#4505=EDGE_CURVE('',#327,#107,#4508,.F.);
#4506=EDGE_CURVE('',#107,#329,#4509,.T.);
#4507=EDGE_CURVE('',#329,#327,#4510,.T.);
#4508=LINE('',#326,#4511);
#4509=LINE('',#106,#4512);
#4510=LINE('',#328,#4513);
#4511=VECTOR('',#4514,1.0);
#4512=VECTOR('',#4515,1.0);
#4513=VECTOR('',#4516,1.0);
#4514=DIRECTION('',(0.11957589535731739,-0.04953139825877491,-0.9915887483407759));
#4515=DIRECTION('',(0,0,1));
#4516=DIRECTION('',(-0.9238755970610649,0.38269293324421466,0));
#4517=FACE_SURFACE('',(#4522),#4518,.T.);
#4518=PLANE('',#4519);
#4519=AXIS2_PLACEMENT_3D('',#328,#4520,#4521);
#4520=DIRECTION('',(-0.6087548359754058,-0.7933583992601054,-0));
#4521=DIRECTION('',(0,0,-1));
#4522=FACE_BOUND('',#4523,.T.);
#4523=EDGE_LOOP('',(#4524,#4525,#4526));
#4524=ORIENTED_EDGE('',*,*,#4527,.T.);
#4525=ORIENTED_EDGE('',*,*,#4528,.T.);
#4526=ORIENTED_EDGE('',*,*,#4529,.T.);
#4527=EDGE_CURVE('',#329,#107,#4530,.F.);
#4528=EDGE_CURVE('',#107,#111,#4531,.T.);
#4529=EDGE_CURVE('',#111,#329,#4532,.T.);
#4530=LINE('',#328,#4533);
#4531=LINE('',#106,#4534);
#4532=LINE('',#110,#4535);
#4533=VECTOR('',#4536,1.0);
#4534=VECTOR('',#4537,1.0);
#4535=VECTOR('',#4538,1.0);
#4536=DIRECTION('',(0,0,-1));
#4537=DIRECTION('',(0.7933583992601054,-0.6087548359754058,0));
#4538=DIRECTION('',(-0.10268276328157679,0.07878989971906003,0.9915888269979247));
#4539=FACE_SURFACE('',(#4544),#4540,.T.);
#4540=PLANE('',#4541);
#4541=AXIS2_PLACEMENT_3D('',#328,#4542,#4543);
#4542=DIRECTION('',(-0.6087548359754058,-0.7933583992601054,0));
#4543=DIRECTION('',(0.10268276328157679,-0.07878989971906003,-0.9915888269979247));
#4544=FACE_BOUND('',#4545,.T.);
#4545=EDGE_LOOP('',(#4546,#4547,#4548));
#4546=ORIENTED_EDGE('',*,*,#4549,.T.);
#4547=ORIENTED_EDGE('',*,*,#4550,.T.);
#4548=ORIENTED_EDGE('',*,*,#4551,.T.);
#4549=EDGE_CURVE('',#329,#111,#4552,.F.);
#4550=EDGE_CURVE('',#111,#331,#4553,.T.);
#4551=EDGE_CURVE('',#331,#329,#4554,.T.);
#4552=LINE('',#328,#4555);
#4553=LINE('',#110,#4556);
#4554=LINE('',#330,#4557);
#4555=VECTOR('',#4558,1.0);
#4556=VECTOR('',#4559,1.0);
#4557=VECTOR('',#4560,1.0);
#4558=DIRECTION('',(0.10268276328157679,-0.07878989971906003,-0.9915888269979247));
#4559=DIRECTION('',(0,0,1));
#4560=DIRECTION('',(-0.7933583992601054,0.6087548359754058,0));
#4561=FACE_SURFACE('',(#4566),#4562,.T.);
#4562=PLANE('',#4563);
#4563=AXIS2_PLACEMENT_3D('',#330,#4564,#4565);
#4564=DIRECTION('',(-0.7933513418582181,-0.6087640334084832,-0));
#4565=DIRECTION('',(0,0,-1));
#4566=FACE_BOUND('',#4567,.T.);
#4567=EDGE_LOOP('',(#4568,#4569,#4570));
#4568=ORIENTED_EDGE('',*,*,#4571,.T.);
#4569=ORIENTED_EDGE('',*,*,#4572,.T.);
#4570=ORIENTED_EDGE('',*,*,#4573,.T.);
#4571=EDGE_CURVE('',#331,#111,#4574,.F.);
#4572=EDGE_CURVE('',#111,#115,#4575,.T.);
#4573=EDGE_CURVE('',#115,#331,#4576,.T.);
#4574=LINE('',#330,#4577);
#4575=LINE('',#110,#4578);
#4576=LINE('',#114,#4579);
#4577=VECTOR('',#4580,1.0);
#4578=VECTOR('',#4581,1.0);
#4579=VECTOR('',#4582,1.0);
#4580=DIRECTION('',(0,0,-1));
#4581=DIRECTION('',(0.6087640334084832,-0.7933513418582181,0));
#4582=DIRECTION('',(-0.07879177928329517,0.10268274798004469,0.9915886792338037));
#4583=FACE_SURFACE('',(#4588),#4584,.T.);
#4584=PLANE('',#4585);
#4585=AXIS2_PLACEMENT_3D('',#330,#4586,#4587);
#4586=DIRECTION('',(-0.7933513418582181,-0.6087640334084832,0));
#4587=DIRECTION('',(0.07879177928329517,-0.10268274798004469,-0.9915886792338037));
#4588=FACE_BOUND('',#4589,.T.);
#4589=EDGE_LOOP('',(#4590,#4591,#4592));
#4590=ORIENTED_EDGE('',*,*,#4593,.T.);
#4591=ORIENTED_EDGE('',*,*,#4594,.T.);
#4592=ORIENTED_EDGE('',*,*,#4595,.T.);
#4593=EDGE_CURVE('',#331,#115,#4596,.F.);
#4594=EDGE_CURVE('',#115,#333,#4597,.T.);
#4595=EDGE_CURVE('',#333,#331,#4598,.T.);
#4596=LINE('',#330,#4599);
#4597=LINE('',#114,#4600);
#4598=LINE('',#332,#4601);
#4599=VECTOR('',#4602,1.0);
#4600=VECTOR('',#4603,1.0);
#4601=VECTOR('',#4604,1.0);
#4602=DIRECTION('',(0.07879177928329517,-0.10268274798004469,-0.9915886792338037));
#4603=DIRECTION('',(0,0,1));
#4604=DIRECTION('',(-0.6087640334084832,0.7933513418582181,0));
#4605=FACE_SURFACE('',(#4610),#4606,.T.);
#4606=PLANE('',#4607);
#4607=AXIS2_PLACEMENT_3D('',#332,#4608,#4609);
#4608=DIRECTION('',(-0.9238807634942466,-0.3826804604958138,-0));
#4609=DIRECTION('',(0,0,-1));
#4610=FACE_BOUND('',#4611,.T.);
#4611=EDGE_LOOP('',(#4612,#4613,#4614));
#4612=ORIENTED_EDGE('',*,*,#4615,.T.);
#4613=ORIENTED_EDGE('',*,*,#4616,.T.);
#4614=ORIENTED_EDGE('',*,*,#4617,.T.);
#4615=EDGE_CURVE('',#333,#115,#4618,.F.);
#4616=EDGE_CURVE('',#115,#119,#4619,.T.);
#4617=EDGE_CURVE('',#119,#333,#4620,.T.);
#4618=LINE('',#332,#4621);
#4619=LINE('',#114,#4622);
#4620=LINE('',#118,#4623);
#4621=VECTOR('',#4624,1.0);
#4622=VECTOR('',#4625,1.0);
#4623=VECTOR('',#4626,1.0);
#4624=DIRECTION('',(0,0,-1));
#4625=DIRECTION('',(0.3826804604958138,-0.9238807634942466,0));
#4626=DIRECTION('',(-0.04952951159311836,0.11957590655885576,0.991588841230061));
#4627=FACE_SURFACE('',(#4632),#4628,.T.);
#4628=PLANE('',#4629);
#4629=AXIS2_PLACEMENT_3D('',#332,#4630,#4631);
#4630=DIRECTION('',(-0.9238807634942466,-0.3826804604958138,0));
#4631=DIRECTION('',(0.04952951159311836,-0.11957590655885576,-0.991588841230061));
#4632=FACE_BOUND('',#4633,.T.);
#4633=EDGE_LOOP('',(#4634,#4635,#4636));
#4634=ORIENTED_EDGE('',*,*,#4637,.T.);
#4635=ORIENTED_EDGE('',*,*,#4638,.T.);
#4636=ORIENTED_EDGE('',*,*,#4639,.T.);
#4637=EDGE_CURVE('',#333,#119,#4640,.F.);
#4638=EDGE_CURVE('',#119,#335,#4641,.T.);
#4639=EDGE_CURVE('',#335,#333,#4642,.T.);
#4640=LINE('',#332,#4643);
#4641=LINE('',#118,#4644);
#4642=LINE('',#334,#4645);
#4643=VECTOR('',#4646,1.0);
#4644=VECTOR('',#4647,1.0);
#4645=VECTOR('',#4648,1.0);
#4646=DIRECTION('',(0.04952951159311836,-0.11957590655885576,-0.991588841230061));
#4647=DIRECTION('',(0,0,1));
#4648=DIRECTION('',(-0.3826804604958138,0.9238807634942466,0));
#4649=FACE_SURFACE('',(#4654),#4650,.T.);
#4650=PLANE('',#4651);
#4651=AXIS2_PLACEMENT_3D('',#334,#4652,#4653);
#4652=DIRECTION('',(-0.9914455395896884,-0.13052104055558156,-0));
#4653=DIRECTION('',(0,0,-1));
#4654=FACE_BOUND('',#4655,.T.);
#4655=EDGE_LOOP('',(#4656,#4657,#4658));
#4656=ORIENTED_EDGE('',*,*,#4659,.T.);
#4657=ORIENTED_EDGE('',*,*,#4660,.T.);
#4658=ORIENTED_EDGE('',*,*,#4661,.T.);
#4659=EDGE_CURVE('',#335,#119,#4662,.F.);
#4660=EDGE_CURVE('',#119,#123,#4663,.T.);
#4661=EDGE_CURVE('',#123,#335,#4664,.T.);
#4662=LINE('',#334,#4665);
#4663=LINE('',#118,#4666);
#4664=LINE('',#122,#4667);
#4665=VECTOR('',#4668,1.0);
#4666=VECTOR('',#4669,1.0);
#4667=VECTOR('',#4670,1.0);
#4668=DIRECTION('',(0,0,-1));
#4669=DIRECTION('',(0.13052104055558156,-0.9914455395896884,0));
#4670=DIRECTION('',(-0.016893140407373292,0.1283212931436927,0.9915887592813399));
#4671=FACE_SURFACE('',(#4676),#4672,.T.);
#4672=PLANE('',#4673);
#4673=AXIS2_PLACEMENT_3D('',#334,#4674,#4675);
#4674=DIRECTION('',(-0.9914455395896884,-0.13052104055558156,0));
#4675=DIRECTION('',(0.016893140407373292,-0.1283212931436927,-0.9915887592813399));
#4676=FACE_BOUND('',#4677,.T.);
#4677=EDGE_LOOP('',(#4678,#4679,#4680));
#4678=ORIENTED_EDGE('',*,*,#4681,.T.);
#4679=ORIENTED_EDGE('',*,*,#4682,.T.);
#4680=ORIENTED_EDGE('',*,*,#4683,.T.);
#4681=EDGE_CURVE('',#335,#123,#4684,.F.);
#4682=EDGE_CURVE('',#123,#337,#4685,.T.);
#4683=EDGE_CURVE('',#337,#335,#4686,.T.);
#4684=LINE('',#334,#4687);
#4685=LINE('',#122,#4688);
#4686=LINE('',#336,#4689);
#4687=VECTOR('',#4690,1.0);
#4688=VECTOR('',#4691,1.0);
#4689=VECTOR('',#4692,1.0);
#4690=DIRECTION('',(0.016893140407373292,-0.1283212931436927,-0.9915887592813399));
#4691=DIRECTION('',(0,0,1));
#4692=DIRECTION('',(-0.13052104055558156,0.9914455395896884,0));
#4693=FACE_SURFACE('',(#4698),#4694,.T.);
#4694=PLANE('',#4695);
#4695=AXIS2_PLACEMENT_3D('',#336,#4696,#4697);
#4696=DIRECTION('',(-0.9914455395896884,0.13052104055558156,0));
#4697=DIRECTION('',(0,0,-1));
#4698=FACE_BOUND('',#4699,.T.);
#4699=EDGE_LOOP('',(#4700,#4701,#4702));
#4700=ORIENTED_EDGE('',*,*,#4703,.T.);
#4701=ORIENTED_EDGE('',*,*,#4704,.T.);
#4702=ORIENTED_EDGE('',*,*,#4705,.T.);
#4703=EDGE_CURVE('',#337,#123,#4706,.F.);
#4704=EDGE_CURVE('',#123,#339,#4707,.T.);
#4705=EDGE_CURVE('',#339,#337,#4708,.T.);
#4706=LINE('',#336,#4709);
#4707=LINE('',#122,#4710);
#4708=LINE('',#338,#4711);
#4709=VECTOR('',#4712,1.0);
#4710=VECTOR('',#4713,1.0);
#4711=VECTOR('',#4714,1.0);
#4712=DIRECTION('',(0,0,-1));
#4713=DIRECTION('',(-0.016893140407373292,-0.1283212931436927,0.9915887592813399));
#4714=DIRECTION('',(0.13052104055558156,0.9914455395896884,0));
#4715=FACE_SURFACE('',(#4720),#4716,.T.);
#4716=PLANE('',#4717);
#4717=AXIS2_PLACEMENT_3D('',#338,#4718,#4719);
#4718=DIRECTION('',(-0.9914455395896884,0.13052104055558156,0));
#4719=DIRECTION('',(0.016893140407373292,0.1283212931436927,-0.9915887592813399));
#4720=FACE_BOUND('',#4721,.T.);
#4721=EDGE_LOOP('',(#4722,#4723,#4724));
#4722=ORIENTED_EDGE('',*,*,#4725,.T.);
#4723=ORIENTED_EDGE('',*,*,#4726,.T.);
#4724=ORIENTED_EDGE('',*,*,#4727,.T.);
#4725=EDGE_CURVE('',#339,#123,#4728,.F.);
#4726=EDGE_CURVE('',#123,#169,#4729,.T.);
#4727=EDGE_CURVE('',#169,#339,#4730,.T.);
#4728=LINE('',#338,#4731);
#4729=LINE('',#122,#4732);
#4730=LINE('',#168,#4733);
#4731=VECTOR('',#4734,1.0);
#4732=VECTOR('',#4735,1.0);
#4733=VECTOR('',#4736,1.0);
#4734=DIRECTION('',(0.016893140407373292,0.1283212931436927,-0.9915887592813399));
#4735=DIRECTION('',(-0.13052104055558156,-0.9914455395896884,0));
#4736=DIRECTION('',(0,0,1));
#4737=FACE_SURFACE('',(#4742),#4738,.T.);
#4738=PLANE('',#4739);
#4739=AXIS2_PLACEMENT_3D('',#338,#4740,#4741);
#4740=DIRECTION('',(-0.9238807634942466,0.3826804604958138,0));
#4741=DIRECTION('',(0,0,-1));
#4742=FACE_BOUND('',#4743,.T.);
#4743=EDGE_LOOP('',(#4744,#4745,#4746));
#4744=ORIENTED_EDGE('',*,*,#4747,.T.);
#4745=ORIENTED_EDGE('',*,*,#4748,.T.);
#4746=ORIENTED_EDGE('',*,*,#4749,.T.);
#4747=EDGE_CURVE('',#339,#169,#4750,.F.);
#4748=EDGE_CURVE('',#169,#341,#4751,.T.);
#4749=EDGE_CURVE('',#341,#339,#4752,.T.);
#4750=LINE('',#338,#4753);
#4751=LINE('',#168,#4754);
#4752=LINE('',#340,#4755);
#4753=VECTOR('',#4756,1.0);
#4754=VECTOR('',#4757,1.0);
#4755=VECTOR('',#4758,1.0);
#4756=DIRECTION('',(0,0,-1));
#4757=DIRECTION('',(-0.04952951159311836,-0.11957590655885576,0.991588841230061));
#4758=DIRECTION('',(0.3826804604958138,0.9238807634942466,0));
#4759=FACE_SURFACE('',(#4764),#4760,.T.);
#4760=PLANE('',#4761);
#4761=AXIS2_PLACEMENT_3D('',#340,#4762,#4763);
#4762=DIRECTION('',(-0.9238807634942466,0.3826804604958138,0));
#4763=DIRECTION('',(0.04952951159311836,0.11957590655885576,-0.991588841230061));
#4764=FACE_BOUND('',#4765,.T.);
#4765=EDGE_LOOP('',(#4766,#4767,#4768));
#4766=ORIENTED_EDGE('',*,*,#4769,.T.);
#4767=ORIENTED_EDGE('',*,*,#4770,.T.);
#4768=ORIENTED_EDGE('',*,*,#4771,.T.);
#4769=EDGE_CURVE('',#341,#169,#4772,.F.);
#4770=EDGE_CURVE('',#169,#167,#4773,.T.);
#4771=EDGE_CURVE('',#167,#341,#4774,.T.);
#4772=LINE('',#340,#4775);
#4773=LINE('',#168,#4776);
#4774=LINE('',#166,#4777);
#4775=VECTOR('',#4778,1.0);
#4776=VECTOR('',#4779,1.0);
#4777=VECTOR('',#4780,1.0);
#4778=DIRECTION('',(0.04952951159311836,0.11957590655885576,-0.991588841230061));
#4779=DIRECTION('',(-0.3826804604958138,-0.9238807634942466,0));
#4780=DIRECTION('',(0,0,1));
#4781=FACE_SURFACE('',(#4786),#4782,.T.);
#4782=PLANE('',#4783);
#4783=AXIS2_PLACEMENT_3D('',#340,#4784,#4785);
#4784=DIRECTION('',(-0.7933513418582181,0.6087640334084832,0));
#4785=DIRECTION('',(0,0,-1));
#4786=FACE_BOUND('',#4787,.T.);
#4787=EDGE_LOOP('',(#4788,#4789,#4790));
#4788=ORIENTED_EDGE('',*,*,#4791,.T.);
#4789=ORIENTED_EDGE('',*,*,#4792,.T.);
#4790=ORIENTED_EDGE('',*,*,#4793,.T.);
#4791=EDGE_CURVE('',#341,#167,#4794,.F.);
#4792=EDGE_CURVE('',#167,#343,#4795,.T.);
#4793=EDGE_CURVE('',#343,#341,#4796,.T.);
#4794=LINE('',#340,#4797);
#4795=LINE('',#166,#4798);
#4796=LINE('',#342,#4799);
#4797=VECTOR('',#4800,1.0);
#4798=VECTOR('',#4801,1.0);
#4799=VECTOR('',#4802,1.0);
#4800=DIRECTION('',(0,0,-1));
#4801=DIRECTION('',(-0.07879177928329517,-0.10268274798004469,0.9915886792338037));
#4802=DIRECTION('',(0.6087640334084832,0.7933513418582181,0));
#4803=FACE_SURFACE('',(#4808),#4804,.T.);
#4804=PLANE('',#4805);
#4805=AXIS2_PLACEMENT_3D('',#342,#4806,#4807);
#4806=DIRECTION('',(-0.7933513418582181,0.6087640334084832,0));
#4807=DIRECTION('',(0.07879177928329517,0.10268274798004469,-0.9915886792338037));
#4808=FACE_BOUND('',#4809,.T.);
#4809=EDGE_LOOP('',(#4810,#4811,#4812));
#4810=ORIENTED_EDGE('',*,*,#4813,.T.);
#4811=ORIENTED_EDGE('',*,*,#4814,.T.);
#4812=ORIENTED_EDGE('',*,*,#4815,.T.);
#4813=EDGE_CURVE('',#343,#167,#4816,.F.);
#4814=EDGE_CURVE('',#167,#165,#4817,.T.);
#4815=EDGE_CURVE('',#165,#343,#4818,.T.);
#4816=LINE('',#342,#4819);
#4817=LINE('',#166,#4820);
#4818=LINE('',#164,#4821);
#4819=VECTOR('',#4822,1.0);
#4820=VECTOR('',#4823,1.0);
#4821=VECTOR('',#4824,1.0);
#4822=DIRECTION('',(0.07879177928329517,0.10268274798004469,-0.9915886792338037));
#4823=DIRECTION('',(-0.6087640334084832,-0.7933513418582181,0));
#4824=DIRECTION('',(0,0,1));
#4825=FACE_SURFACE('',(#4830),#4826,.T.);
#4826=PLANE('',#4827);
#4827=AXIS2_PLACEMENT_3D('',#342,#4828,#4829);
#4828=DIRECTION('',(-0.6087548359754058,0.7933583992601054,0));
#4829=DIRECTION('',(0,0,-1));
#4830=FACE_BOUND('',#4831,.T.);
#4831=EDGE_LOOP('',(#4832,#4833,#4834));
#4832=ORIENTED_EDGE('',*,*,#4835,.T.);
#4833=ORIENTED_EDGE('',*,*,#4836,.T.);
#4834=ORIENTED_EDGE('',*,*,#4837,.T.);
#4835=EDGE_CURVE('',#343,#165,#4838,.F.);
#4836=EDGE_CURVE('',#165,#345,#4839,.T.);
#4837=EDGE_CURVE('',#345,#343,#4840,.T.);
#4838=LINE('',#342,#4841);
#4839=LINE('',#164,#4842);
#4840=LINE('',#344,#4843);
#4841=VECTOR('',#4844,1.0);
#4842=VECTOR('',#4845,1.0);
#4843=VECTOR('',#4846,1.0);
#4844=DIRECTION('',(0,0,-1));
#4845=DIRECTION('',(-0.10268276328157679,-0.07878989971906003,0.9915888269979247));
#4846=DIRECTION('',(0.7933583992601054,0.6087548359754058,0));
#4847=FACE_SURFACE('',(#4852),#4848,.T.);
#4848=PLANE('',#4849);
#4849=AXIS2_PLACEMENT_3D('',#344,#4850,#4851);
#4850=DIRECTION('',(-0.6087548359754058,0.7933583992601054,0));
#4851=DIRECTION('',(0.10268276328157679,0.07878989971906003,-0.9915888269979247));
#4852=FACE_BOUND('',#4853,.T.);
#4853=EDGE_LOOP('',(#4854,#4855,#4856));
#4854=ORIENTED_EDGE('',*,*,#4857,.T.);
#4855=ORIENTED_EDGE('',*,*,#4858,.T.);
#4856=ORIENTED_EDGE('',*,*,#4859,.T.);
#4857=EDGE_CURVE('',#345,#165,#4860,.F.);
#4858=EDGE_CURVE('',#165,#163,#4861,.T.);
#4859=EDGE_CURVE('',#163,#345,#4862,.T.);
#4860=LINE('',#344,#4863);
#4861=LINE('',#164,#4864);
#4862=LINE('',#162,#4865);
#4863=VECTOR('',#4866,1.0);
#4864=VECTOR('',#4867,1.0);
#4865=VECTOR('',#4868,1.0);
#4866=DIRECTION('',(0.10268276328157679,0.07878989971906003,-0.9915888269979247));
#4867=DIRECTION('',(-0.7933583992601054,-0.6087548359754058,0));
#4868=DIRECTION('',(0,0,1));
#4869=FACE_SURFACE('',(#4874),#4870,.T.);
#4870=PLANE('',#4871);
#4871=AXIS2_PLACEMENT_3D('',#344,#4872,#4873);
#4872=DIRECTION('',(-0.38269293324421466,0.9238755970610649,0));
#4873=DIRECTION('',(0,0,-1));
#4874=FACE_BOUND('',#4875,.T.);
#4875=EDGE_LOOP('',(#4876,#4877,#4878));
#4876=ORIENTED_EDGE('',*,*,#4879,.T.);
#4877=ORIENTED_EDGE('',*,*,#4880,.T.);
#4878=ORIENTED_EDGE('',*,*,#4881,.T.);
#4879=EDGE_CURVE('',#345,#163,#4882,.F.);
#4880=EDGE_CURVE('',#163,#347,#4883,.T.);
#4881=EDGE_CURVE('',#347,#345,#4884,.T.);
#4882=LINE('',#344,#4885);
#4883=LINE('',#162,#4886);
#4884=LINE('',#346,#4887);
#4885=VECTOR('',#4888,1.0);
#4886=VECTOR('',#4889,1.0);
#4887=VECTOR('',#4890,1.0);
#4888=DIRECTION('',(0,0,-1));
#4889=DIRECTION('',(-0.11957589535731739,-0.04953139825877491,0.9915887483407759));
#4890=DIRECTION('',(0.9238755970610649,0.38269293324421466,0));
#4891=FACE_SURFACE('',(#4896),#4892,.T.);
#4892=PLANE('',#4893);
#4893=AXIS2_PLACEMENT_3D('',#346,#4894,#4895);
#4894=DIRECTION('',(-0.38269293324421466,0.9238755970610649,0));
#4895=DIRECTION('',(0.11957589535731739,0.04953139825877491,-0.9915887483407759));
#4896=FACE_BOUND('',#4897,.T.);
#4897=EDGE_LOOP('',(#4898,#4899,#4900));
#4898=ORIENTED_EDGE('',*,*,#4901,.T.);
#4899=ORIENTED_EDGE('',*,*,#4902,.T.);
#4900=ORIENTED_EDGE('',*,*,#4903,.T.);
#4901=EDGE_CURVE('',#347,#163,#4904,.F.);
#4902=EDGE_CURVE('',#163,#161,#4905,.T.);
#4903=EDGE_CURVE('',#161,#347,#4906,.T.);
#4904=LINE('',#346,#4907);
#4905=LINE('',#162,#4908);
#4906=LINE('',#160,#4909);
#4907=VECTOR('',#4910,1.0);
#4908=VECTOR('',#4911,1.0);
#4909=VECTOR('',#4912,1.0);
#4910=DIRECTION('',(0.11957589535731739,0.04953139825877491,-0.9915887483407759));
#4911=DIRECTION('',(-0.9238755970610649,-0.38269293324421466,0));
#4912=DIRECTION('',(0,0,1));
#4913=FACE_SURFACE('',(#4918),#4914,.T.);
#4914=PLANE('',#4915);
#4915=AXIS2_PLACEMENT_3D('',#346,#4916,#4917);
#4916=DIRECTION('',(-0.13052104055558156,0.9914455395896884,0));
#4917=DIRECTION('',(0,0,-1));
#4918=FACE_BOUND('',#4919,.T.);
#4919=EDGE_LOOP('',(#4920,#4921,#4922));
#4920=ORIENTED_EDGE('',*,*,#4923,.T.);
#4921=ORIENTED_EDGE('',*,*,#4924,.T.);
#4922=ORIENTED_EDGE('',*,*,#4925,.T.);
#4923=EDGE_CURVE('',#347,#161,#4926,.F.);
#4924=EDGE_CURVE('',#161,#349,#4927,.T.);
#4925=EDGE_CURVE('',#349,#347,#4928,.T.);
#4926=LINE('',#346,#4929);
#4927=LINE('',#160,#4930);
#4928=LINE('',#348,#4931);
#4929=VECTOR('',#4932,1.0);
#4930=VECTOR('',#4933,1.0);
#4931=VECTOR('',#4934,1.0);
#4932=DIRECTION('',(0,0,-1));
#4933=DIRECTION('',(-0.1283212931436927,-0.016893140407373292,0.9915887592813399));
#4934=DIRECTION('',(0.9914455395896884,0.13052104055558156,0));
#4935=FACE_SURFACE('',(#4940),#4936,.T.);
#4936=PLANE('',#4937);
#4937=AXIS2_PLACEMENT_3D('',#348,#4938,#4939);
#4938=DIRECTION('',(-0.13052104055558156,0.9914455395896884,0));
#4939=DIRECTION('',(0.1283212931436927,0.016893140407373292,-0.9915887592813399));
#4940=FACE_BOUND('',#4941,.T.);
#4941=EDGE_LOOP('',(#4942,#4943,#4944));
#4942=ORIENTED_EDGE('',*,*,#4945,.T.);
#4943=ORIENTED_EDGE('',*,*,#4946,.T.);
#4944=ORIENTED_EDGE('',*,*,#4947,.T.);
#4945=EDGE_CURVE('',#349,#161,#4948,.F.);
#4946=EDGE_CURVE('',#161,#159,#4949,.T.);
#4947=EDGE_CURVE('',#159,#349,#4950,.T.);
#4948=LINE('',#348,#4951);
#4949=LINE('',#160,#4952);
#4950=LINE('',#158,#4953);
#4951=VECTOR('',#4954,1.0);
#4952=VECTOR('',#4955,1.0);
#4953=VECTOR('',#4956,1.0);
#4954=DIRECTION('',(0.1283212931436927,0.016893140407373292,-0.9915887592813399));
#4955=DIRECTION('',(-0.9914455395896884,-0.13052104055558156,0));
#4956=DIRECTION('',(0,0,1));
#4957=FACE_SURFACE('',(#4962),#4958,.T.);
#4958=PLANE('',#4959);
#4959=AXIS2_PLACEMENT_3D('',#348,#4960,#4961);
#4960=DIRECTION('',(0.13052293153778352,0.99144529064532,0));
#4961=DIRECTION('',(0,0,-1));
#4962=FACE_BOUND('',#4963,.T.);
#4963=EDGE_LOOP('',(#4964,#4965,#4966));
#4964=ORIENTED_EDGE('',*,*,#4967,.T.);
#4965=ORIENTED_EDGE('',*,*,#4968,.T.);
#4966=ORIENTED_EDGE('',*,*,#4969,.T.);
#4967=EDGE_CURVE('',#349,#159,#4970,.F.);
#4968=EDGE_CURVE('',#159,#351,#4971,.T.);
#4969=EDGE_CURVE('',#351,#349,#4972,.T.);
#4970=LINE('',#348,#4973);
#4971=LINE('',#158,#4974);
#4972=LINE('',#350,#4975);
#4973=VECTOR('',#4976,1.0);
#4974=VECTOR('',#4977,1.0);
#4975=VECTOR('',#4978,1.0);
#4976=DIRECTION('',(0,0,-1));
#4977=DIRECTION('',(-0.12831943298045703,0.016893144507221278,0.991588999933053));
#4978=DIRECTION('',(0.99144529064532,-0.13052293153778352,0));
#4979=FACE_SURFACE('',(#4984),#4980,.T.);
#4980=PLANE('',#4981);
#4981=AXIS2_PLACEMENT_3D('',#350,#4982,#4983);
#4982=DIRECTION('',(0.13052293153778352,0.99144529064532,0));
#4983=DIRECTION('',(0.12831943298045703,-0.016893144507221278,-0.991588999933053));
#4984=FACE_BOUND('',#4985,.T.);
#4985=EDGE_LOOP('',(#4986,#4987,#4988));
#4986=ORIENTED_EDGE('',*,*,#4989,.T.);
#4987=ORIENTED_EDGE('',*,*,#4990,.T.);
#4988=ORIENTED_EDGE('',*,*,#4991,.T.);
#4989=EDGE_CURVE('',#351,#159,#4992,.F.);
#4990=EDGE_CURVE('',#159,#157,#4993,.T.);
#4991=EDGE_CURVE('',#157,#351,#4994,.T.);
#4992=LINE('',#350,#4995);
#4993=LINE('',#158,#4996);
#4994=LINE('',#156,#4997);
#4995=VECTOR('',#4998,1.0);
#4996=VECTOR('',#4999,1.0);
#4997=VECTOR('',#5000,1.0);
#4998=DIRECTION('',(0.12831943298045703,-0.016893144507221278,-0.991588999933053));
#4999=DIRECTION('',(-0.99144529064532,0.13052293153778352,0));
#5000=DIRECTION('',(0,0,1));
#5001=FACE_SURFACE('',(#5006),#5002,.T.);
#5002=PLANE('',#5003);
#5003=AXIS2_PLACEMENT_3D('',#350,#5004,#5005);
#5004=DIRECTION('',(0.382687766819496,0.923877737109574,0));
#5005=DIRECTION('',(0,0,-1));
#5006=FACE_BOUND('',#5007,.T.);
#5007=EDGE_LOOP('',(#5008,#5009,#5010));
#5008=ORIENTED_EDGE('',*,*,#5011,.T.);
#5009=ORIENTED_EDGE('',*,*,#5012,.T.);
#5010=ORIENTED_EDGE('',*,*,#5013,.T.);
#5011=EDGE_CURVE('',#351,#157,#5014,.F.);
#5012=EDGE_CURVE('',#157,#353,#5015,.T.);
#5013=EDGE_CURVE('',#353,#351,#5016,.T.);
#5014=LINE('',#350,#5017);
#5015=LINE('',#156,#5018);
#5016=LINE('',#352,#5019);
#5017=VECTOR('',#5020,1.0);
#5018=VECTOR('',#5021,1.0);
#5019=VECTOR('',#5022,1.0);
#5020=DIRECTION('',(0,0,-1));
#5021=DIRECTION('',(-0.1195777596194966,0.04953138705693944,0.9915885240867794));
#5022=DIRECTION('',(0.923877737109574,-0.382687766819496,0));
#5023=FACE_SURFACE('',(#5028),#5024,.T.);
#5024=PLANE('',#5025);
#5025=AXIS2_PLACEMENT_3D('',#352,#5026,#5027);
#5026=DIRECTION('',(0.382687766819496,0.923877737109574,0));
#5027=DIRECTION('',(0.1195777596194966,-0.04953138705693944,-0.9915885240867794));
#5028=FACE_BOUND('',#5029,.T.);
#5029=EDGE_LOOP('',(#5030,#5031,#5032));
#5030=ORIENTED_EDGE('',*,*,#5033,.T.);
#5031=ORIENTED_EDGE('',*,*,#5034,.T.);
#5032=ORIENTED_EDGE('',*,*,#5035,.T.);
#5033=EDGE_CURVE('',#353,#157,#5036,.F.);
#5034=EDGE_CURVE('',#157,#155,#5037,.T.);
#5035=EDGE_CURVE('',#155,#353,#5038,.T.);
#5036=LINE('',#352,#5039);
#5037=LINE('',#156,#5040);
#5038=LINE('',#154,#5041);
#5039=VECTOR('',#5042,1.0);
#5040=VECTOR('',#5043,1.0);
#5041=VECTOR('',#5044,1.0);
#5042=DIRECTION('',(0.1195777596194966,-0.04953138705693944,-0.9915885240867794));
#5043=DIRECTION('',(-0.923877737109574,0.382687766819496,0));
#5044=DIRECTION('',(0,0,1));
#5045=FACE_SURFACE('',(#5050),#5046,.T.);
#5046=PLANE('',#5047);
#5047=AXIS2_PLACEMENT_3D('',#352,#5048,#5049);
#5048=DIRECTION('',(0.6087618934444915,0.793352983916918,0));
#5049=DIRECTION('',(0,0,-1));
#5050=FACE_BOUND('',#5051,.T.);
#5051=EDGE_LOOP('',(#5052,#5053,#5054));
#5052=ORIENTED_EDGE('',*,*,#5055,.T.);
#5053=ORIENTED_EDGE('',*,*,#5056,.T.);
#5054=ORIENTED_EDGE('',*,*,#5057,.T.);
#5055=EDGE_CURVE('',#353,#155,#5058,.F.);
#5056=EDGE_CURVE('',#155,#355,#5059,.T.);
#5057=EDGE_CURVE('',#355,#353,#5060,.T.);
#5058=LINE('',#352,#5061);
#5059=LINE('',#154,#5062);
#5060=LINE('',#354,#5063);
#5061=VECTOR('',#5064,1.0);
#5062=VECTOR('',#5065,1.0);
#5063=VECTOR('',#5066,1.0);
#5064=DIRECTION('',(0,0,-1));
#5065=DIRECTION('',(-0.10268089191689125,0.07878991502027542,0.9915890195672042));
#5066=DIRECTION('',(0.793352983916918,-0.6087618934444915,0));
#5067=FACE_SURFACE('',(#5072),#5068,.T.);
#5068=PLANE('',#5069);
#5069=AXIS2_PLACEMENT_3D('',#354,#5070,#5071);
#5070=DIRECTION('',(0.6087618934444915,0.793352983916918,0));
#5071=DIRECTION('',(0.10268089191689125,-0.07878991502027542,-0.9915890195672042));
#5072=FACE_BOUND('',#5073,.T.);
#5073=EDGE_LOOP('',(#5074,#5075,#5076));
#5074=ORIENTED_EDGE('',*,*,#5077,.T.);
#5075=ORIENTED_EDGE('',*,*,#5078,.T.);
#5076=ORIENTED_EDGE('',*,*,#5079,.T.);
#5077=EDGE_CURVE('',#355,#155,#5080,.F.);
#5078=EDGE_CURVE('',#155,#153,#5081,.T.);
#5079=EDGE_CURVE('',#153,#355,#5082,.T.);
#5080=LINE('',#354,#5083);
#5081=LINE('',#154,#5084);
#5082=LINE('',#152,#5085);
#5083=VECTOR('',#5086,1.0);
#5084=VECTOR('',#5087,1.0);
#5085=VECTOR('',#5088,1.0);
#5086=DIRECTION('',(0.10268089191689125,-0.07878991502027542,-0.9915890195672042));
#5087=DIRECTION('',(-0.793352983916918,0.6087618934444915,0));
#5088=DIRECTION('',(0,0,1));
#5089=FACE_SURFACE('',(#5094),#5090,.T.);
#5090=PLANE('',#5091);
#5091=AXIS2_PLACEMENT_3D('',#354,#5092,#5093);
#5092=DIRECTION('',(0.7933513418582181,0.6087640334084832,0));
#5093=DIRECTION('',(0,0,-1));
#5094=FACE_BOUND('',#5095,.T.);
#5095=EDGE_LOOP('',(#5096,#5097,#5098));
#5096=ORIENTED_EDGE('',*,*,#5099,.T.);
#5097=ORIENTED_EDGE('',*,*,#5100,.T.);
#5098=ORIENTED_EDGE('',*,*,#5101,.T.);
#5099=EDGE_CURVE('',#355,#153,#5102,.F.);
#5100=EDGE_CURVE('',#153,#357,#5103,.T.);
#5101=EDGE_CURVE('',#357,#355,#5104,.T.);
#5102=LINE('',#354,#5105);
#5103=LINE('',#152,#5106);
#5104=LINE('',#356,#5107);
#5105=VECTOR('',#5108,1.0);
#5106=VECTOR('',#5109,1.0);
#5107=VECTOR('',#5110,1.0);
#5108=DIRECTION('',(0,0,-1));
#5109=DIRECTION('',(-0.07879177928329517,0.10268274798004469,0.9915886792338037));
#5110=DIRECTION('',(0.6087640334084832,-0.7933513418582181,0));
#5111=FACE_SURFACE('',(#5116),#5112,.T.);
#5112=PLANE('',#5113);
#5113=AXIS2_PLACEMENT_3D('',#356,#5114,#5115);
#5114=DIRECTION('',(0.7933513418582181,0.6087640334084832,0));
#5115=DIRECTION('',(0.07879177928329517,-0.10268274798004469,-0.9915886792338037));
#5116=FACE_BOUND('',#5117,.T.);
#5117=EDGE_LOOP('',(#5118,#5119,#5120));
#5118=ORIENTED_EDGE('',*,*,#5121,.T.);
#5119=ORIENTED_EDGE('',*,*,#5122,.T.);
#5120=ORIENTED_EDGE('',*,*,#5123,.T.);
#5121=EDGE_CURVE('',#357,#153,#5124,.F.);
#5122=EDGE_CURVE('',#153,#151,#5125,.T.);
#5123=EDGE_CURVE('',#151,#357,#5126,.T.);
#5124=LINE('',#356,#5127);
#5125=LINE('',#152,#5128);
#5126=LINE('',#150,#5129);
#5127=VECTOR('',#5130,1.0);
#5128=VECTOR('',#5131,1.0);
#5129=VECTOR('',#5132,1.0);
#5130=DIRECTION('',(0.07879177928329517,-0.10268274798004469,-0.9915886792338037));
#5131=DIRECTION('',(-0.6087640334084832,0.7933513418582181,0));
#5132=DIRECTION('',(0,0,1));
#5133=FACE_SURFACE('',(#5138),#5134,.T.);
#5134=PLANE('',#5135);
#5135=AXIS2_PLACEMENT_3D('',#356,#5136,#5137);
#5136=DIRECTION('',(0.9238807634942466,0.3826804604958138,0));
#5137=DIRECTION('',(0,0,-1));
#5138=FACE_BOUND('',#5139,.T.);
#5139=EDGE_LOOP('',(#5140,#5141,#5142));
#5140=ORIENTED_EDGE('',*,*,#5143,.T.);
#5141=ORIENTED_EDGE('',*,*,#5144,.T.);
#5142=ORIENTED_EDGE('',*,*,#5145,.T.);
#5143=EDGE_CURVE('',#357,#151,#5146,.F.);
#5144=EDGE_CURVE('',#151,#359,#5147,.T.);
#5145=EDGE_CURVE('',#359,#357,#5148,.T.);
#5146=LINE('',#356,#5149);
#5147=LINE('',#150,#5150);
#5148=LINE('',#358,#5151);
#5149=VECTOR('',#5152,1.0);
#5150=VECTOR('',#5153,1.0);
#5151=VECTOR('',#5154,1.0);
#5152=DIRECTION('',(0,0,-1));
#5153=DIRECTION('',(-0.04952951159311836,0.11957590655885576,0.991588841230061));
#5154=DIRECTION('',(0.3826804604958138,-0.9238807634942466,0));
#5155=FACE_SURFACE('',(#5160),#5156,.T.);
#5156=PLANE('',#5157);
#5157=AXIS2_PLACEMENT_3D('',#358,#5158,#5159);
#5158=DIRECTION('',(0.9238807634942466,0.3826804604958138,0));
#5159=DIRECTION('',(0.04952951159311836,-0.11957590655885576,-0.991588841230061));
#5160=FACE_BOUND('',#5161,.T.);
#5161=EDGE_LOOP('',(#5162,#5163,#5164));
#5162=ORIENTED_EDGE('',*,*,#5165,.T.);
#5163=ORIENTED_EDGE('',*,*,#5166,.T.);
#5164=ORIENTED_EDGE('',*,*,#5167,.T.);
#5165=EDGE_CURVE('',#359,#151,#5168,.F.);
#5166=EDGE_CURVE('',#151,#149,#5169,.T.);
#5167=EDGE_CURVE('',#149,#359,#5170,.T.);
#5168=LINE('',#358,#5171);
#5169=LINE('',#150,#5172);
#5170=LINE('',#148,#5173);
#5171=VECTOR('',#5174,1.0);
#5172=VECTOR('',#5175,1.0);
#5173=VECTOR('',#5176,1.0);
#5174=DIRECTION('',(0.04952951159311836,-0.11957590655885576,-0.991588841230061));
#5175=DIRECTION('',(-0.3826804604958138,0.9238807634942466,0));
#5176=DIRECTION('',(0,0,1));
#5177=FACE_SURFACE('',(#5182),#5178,.T.);
#5178=PLANE('',#5179);
#5179=AXIS2_PLACEMENT_3D('',#358,#5180,#5181);
#5180=DIRECTION('',(0.9914436485342026,0.13053540432077632,0));
#5181=DIRECTION('',(0,0,-1));
#5182=FACE_BOUND('',#5183,.T.);
#5183=EDGE_LOOP('',(#5184,#5185,#5186));
#5184=ORIENTED_EDGE('',*,*,#5187,.T.);
#5185=ORIENTED_EDGE('',*,*,#5188,.T.);
#5186=ORIENTED_EDGE('',*,*,#5189,.T.);
#5187=EDGE_CURVE('',#359,#149,#5190,.F.);
#5188=EDGE_CURVE('',#149,#313,#5191,.T.);
#5189=EDGE_CURVE('',#313,#359,#5192,.T.);
#5190=LINE('',#358,#5193);
#5191=LINE('',#148,#5194);
#5192=LINE('',#312,#5195);
#5193=VECTOR('',#5196,1.0);
#5194=VECTOR('',#5197,1.0);
#5195=VECTOR('',#5198,1.0);
#5196=DIRECTION('',(0,0,-1));
#5197=DIRECTION('',(-0.016895031173009667,0.12832128904358667,0.9915887275982191));
#5198=DIRECTION('',(0.13053540432077632,-0.9914436485342026,0));
#5199=FACE_SURFACE('',(#5204),#5200,.T.);
#5200=PLANE('',#5201);
#5201=AXIS2_PLACEMENT_3D('',#64,#5202,#5203);
#5202=DIRECTION('',(-0.9914456879867148,0.13051991331804294,0));
#5203=DIRECTION('',(0,0,-1));
#5204=FACE_BOUND('',#5205,.T.);
#5205=EDGE_LOOP('',(#5206,#5207,#5208));
#5206=ORIENTED_EDGE('',*,*,#5209,.T.);
#5207=ORIENTED_EDGE('',*,*,#5210,.T.);
#5208=ORIENTED_EDGE('',*,*,#5211,.T.);
#5209=EDGE_CURVE('',#65,#67,#5212,.F.);
#5210=EDGE_CURVE('',#67,#361,#5213,.T.);
#5211=EDGE_CURVE('',#361,#65,#5214,.T.);
#5212=LINE('',#64,#5215);
#5213=LINE('',#66,#5216);
#5214=LINE('',#360,#5217);
#5215=VECTOR('',#5218,1.0);
#5216=VECTOR('',#5219,1.0);
#5217=VECTOR('',#5220,1.0);
#5218=DIRECTION('',(0,0,-1));
#5219=DIRECTION('',(-0.016891278336075125,-0.12830827607184778,0.9915904754522624));
#5220=DIRECTION('',(0.13051991331804294,0.9914456879867148,0));
#5221=FACE_SURFACE('',(#5226),#5222,.T.);
#5222=PLANE('',#5223);
#5223=AXIS2_PLACEMENT_3D('',#360,#5224,#5225);
#5224=DIRECTION('',(-0.9914456879867148,0.13051991331804294,0));
#5225=DIRECTION('',(0.016891278336075125,0.12830827607184778,-0.9915904754522624));
#5226=FACE_BOUND('',#5227,.T.);
#5227=EDGE_LOOP('',(#5228,#5229,#5230));
#5228=ORIENTED_EDGE('',*,*,#5231,.T.);
#5229=ORIENTED_EDGE('',*,*,#5232,.T.);
#5230=ORIENTED_EDGE('',*,*,#5233,.T.);
#5231=EDGE_CURVE('',#361,#67,#5234,.F.);
#5232=EDGE_CURVE('',#67,#363,#5235,.T.);
#5233=EDGE_CURVE('',#363,#361,#5236,.T.);
#5234=LINE('',#360,#5237);
#5235=LINE('',#66,#5238);
#5236=LINE('',#362,#5239);
#5237=VECTOR('',#5240,1.0);
#5238=VECTOR('',#5241,1.0);
#5239=VECTOR('',#5242,1.0);
#5240=DIRECTION('',(0.016891278336075125,0.12830827607184778,-0.9915904754522624));
#5241=DIRECTION('',(-0.13051991331804294,-0.9914456879867148,0));
#5242=DIRECTION('',(0,0,1));
#5243=FACE_SURFACE('',(#5248),#5244,.T.);
#5244=PLANE('',#5245);
#5245=AXIS2_PLACEMENT_3D('',#360,#5246,#5247);
#5246=DIRECTION('',(-0.9238948263934883,0.38264650758022895,0));
#5247=DIRECTION('',(0,0,-1));
#5248=FACE_BOUND('',#5249,.T.);
#5249=EDGE_LOOP('',(#5250,#5251,#5252));
#5250=ORIENTED_EDGE('',*,*,#5253,.T.);
#5251=ORIENTED_EDGE('',*,*,#5254,.T.);
#5252=ORIENTED_EDGE('',*,*,#5255,.T.);
#5253=EDGE_CURVE('',#361,#363,#5256,.F.);
#5254=EDGE_CURVE('',#363,#365,#5257,.T.);
#5255=EDGE_CURVE('',#365,#361,#5258,.T.);
#5256=LINE('',#360,#5259);
#5257=LINE('',#362,#5260);
#5258=LINE('',#364,#5261);
#5259=VECTOR('',#5262,1.0);
#5260=VECTOR('',#5263,1.0);
#5261=VECTOR('',#5264,1.0);
#5262=DIRECTION('',(0,0,-1));
#5263=DIRECTION('',(-0.04952013984993626,-0.11956570908998951,0.991590538962051));
#5264=DIRECTION('',(0.38264650758022895,0.9238948263934883,0));
#5265=FACE_SURFACE('',(#5270),#5266,.T.);
#5266=PLANE('',#5267);
#5267=AXIS2_PLACEMENT_3D('',#364,#5268,#5269);
#5268=DIRECTION('',(-0.9238948263934883,0.38264650758022895,0));
#5269=DIRECTION('',(0.04952013984993626,0.11956570908998951,-0.991590538962051));
#5270=FACE_BOUND('',#5271,.T.);
#5271=EDGE_LOOP('',(#5272,#5273,#5274));
#5272=ORIENTED_EDGE('',*,*,#5275,.T.);
#5273=ORIENTED_EDGE('',*,*,#5276,.T.);
#5274=ORIENTED_EDGE('',*,*,#5277,.T.);
#5275=EDGE_CURVE('',#365,#363,#5278,.F.);
#5276=EDGE_CURVE('',#363,#367,#5279,.T.);
#5277=EDGE_CURVE('',#367,#365,#5280,.T.);
#5278=LINE('',#364,#5281);
#5279=LINE('',#362,#5282);
#5280=LINE('',#366,#5283);
#5281=VECTOR('',#5284,1.0);
#5282=VECTOR('',#5285,1.0);
#5283=VECTOR('',#5286,1.0);
#5284=DIRECTION('',(0.04952013984993626,0.11956570908998951,-0.991590538962051));
#5285=DIRECTION('',(-0.38264650758022895,-0.9238948263934883,0));
#5286=DIRECTION('',(0,0,1));
#5287=FACE_SURFACE('',(#5292),#5288,.T.);
#5288=PLANE('',#5289);
#5289=AXIS2_PLACEMENT_3D('',#364,#5290,#5291);
#5290=DIRECTION('',(-0.7933915574335882,0.6087116202218464,0));
#5291=DIRECTION('',(0,0,-1));
#5292=FACE_BOUND('',#5293,.T.);
#5293=EDGE_LOOP('',(#5294,#5295,#5296));
#5294=ORIENTED_EDGE('',*,*,#5297,.T.);
#5295=ORIENTED_EDGE('',*,*,#5298,.T.);
#5296=ORIENTED_EDGE('',*,*,#5299,.T.);
#5297=EDGE_CURVE('',#365,#367,#5300,.F.);
#5298=EDGE_CURVE('',#367,#369,#5301,.T.);
#5299=EDGE_CURVE('',#369,#365,#5302,.T.);
#5300=LINE('',#364,#5303);
#5301=LINE('',#366,#5304);
#5302=LINE('',#368,#5305);
#5303=VECTOR('',#5306,1.0);
#5304=VECTOR('',#5307,1.0);
#5305=VECTOR('',#5308,1.0);
#5306=DIRECTION('',(0,0,-1));
#5307=DIRECTION('',(-0.07877678864114593,-0.10267725627915038,0.9915904389486487));
#5308=DIRECTION('',(0.6087116202218464,0.7933915574335882,0));
#5309=FACE_SURFACE('',(#5314),#5310,.T.);
#5310=PLANE('',#5311);
#5311=AXIS2_PLACEMENT_3D('',#368,#5312,#5313);
#5312=DIRECTION('',(-0.7933915574335882,0.6087116202218464,0));
#5313=DIRECTION('',(0.07877678864114593,0.10267725627915038,-0.9915904389486487));
#5314=FACE_BOUND('',#5315,.T.);
#5315=EDGE_LOOP('',(#5316,#5317,#5318));
#5316=ORIENTED_EDGE('',*,*,#5319,.T.);
#5317=ORIENTED_EDGE('',*,*,#5320,.T.);
#5318=ORIENTED_EDGE('',*,*,#5321,.T.);
#5319=EDGE_CURVE('',#369,#367,#5322,.F.);
#5320=EDGE_CURVE('',#367,#371,#5323,.T.);
#5321=EDGE_CURVE('',#371,#369,#5324,.T.);
#5322=LINE('',#368,#5325);
#5323=LINE('',#366,#5326);
#5324=LINE('',#370,#5327);
#5325=VECTOR('',#5328,1.0);
#5326=VECTOR('',#5329,1.0);
#5327=VECTOR('',#5330,1.0);
#5328=DIRECTION('',(0.07877678864114593,0.10267725627915038,-0.9915904389486487));
#5329=DIRECTION('',(-0.6087116202218464,-0.7933915574335882,0));
#5330=DIRECTION('',(0,0,1));
#5331=FACE_SURFACE('',(#5336),#5332,.T.);
#5332=PLANE('',#5333);
#5333=AXIS2_PLACEMENT_3D('',#368,#5334,#5335);
#5334=DIRECTION('',(-0.6088392116354447,0.7932936495240146,0));
#5335=DIRECTION('',(0,0,-1));
#5336=FACE_BOUND('',#5337,.T.);
#5337=EDGE_LOOP('',(#5338,#5339,#5340));
#5338=ORIENTED_EDGE('',*,*,#5341,.T.);
#5339=ORIENTED_EDGE('',*,*,#5342,.T.);
#5340=ORIENTED_EDGE('',*,*,#5343,.T.);
#5341=EDGE_CURVE('',#369,#371,#5344,.F.);
#5342=EDGE_CURVE('',#371,#373,#5345,.T.);
#5343=EDGE_CURVE('',#373,#369,#5346,.T.);
#5344=LINE('',#368,#5347);
#5345=LINE('',#370,#5348);
#5346=LINE('',#372,#5349);
#5347=VECTOR('',#5350,1.0);
#5348=VECTOR('',#5351,1.0);
#5349=VECTOR('',#5352,1.0);
#5350=DIRECTION('',(0,0,-1));
#5351=DIRECTION('',(-0.10266402663732273,-0.07879287207037662,0.9915905308873781));
#5352=DIRECTION('',(0.7932936495240146,0.6088392116354447,0));
#5353=FACE_SURFACE('',(#5358),#5354,.T.);
#5354=PLANE('',#5355);
#5355=AXIS2_PLACEMENT_3D('',#372,#5356,#5357);
#5356=DIRECTION('',(-0.6088392116354447,0.7932936495240146,0));
#5357=DIRECTION('',(0.10266402663732273,0.07879287207037662,-0.9915905308873781));
#5358=FACE_BOUND('',#5359,.T.);
#5359=EDGE_LOOP('',(#5360,#5361,#5362));
#5360=ORIENTED_EDGE('',*,*,#5363,.T.);
#5361=ORIENTED_EDGE('',*,*,#5364,.T.);
#5362=ORIENTED_EDGE('',*,*,#5365,.T.);
#5363=EDGE_CURVE('',#373,#371,#5366,.F.);
#5364=EDGE_CURVE('',#371,#375,#5367,.T.);
#5365=EDGE_CURVE('',#375,#373,#5368,.T.);
#5366=LINE('',#372,#5369);
#5367=LINE('',#370,#5370);
#5368=LINE('',#374,#5371);
#5369=VECTOR('',#5372,1.0);
#5370=VECTOR('',#5373,1.0);
#5371=VECTOR('',#5374,1.0);
#5372=DIRECTION('',(0.10266402663732273,0.07879287207037662,-0.9915905308873781));
#5373=DIRECTION('',(-0.7932936495240146,-0.6088392116354447,0));
#5374=DIRECTION('',(0,0,1));
#5375=FACE_SURFACE('',(#5380),#5376,.T.);
#5376=PLANE('',#5377);
#5377=AXIS2_PLACEMENT_3D('',#372,#5378,#5379);
#5378=DIRECTION('',(-0.38278932968834306,0.9238356612930403,0));
#5379=DIRECTION('',(0,0,-1));
#5380=FACE_BOUND('',#5381,.T.);
#5381=EDGE_LOOP('',(#5382,#5383,#5384));
#5382=ORIENTED_EDGE('',*,*,#5385,.T.);
#5383=ORIENTED_EDGE('',*,*,#5386,.T.);
#5384=ORIENTED_EDGE('',*,*,#5387,.T.);
#5385=EDGE_CURVE('',#373,#375,#5388,.F.);
#5386=EDGE_CURVE('',#375,#377,#5389,.T.);
#5387=EDGE_CURVE('',#377,#373,#5390,.T.);
#5388=LINE('',#372,#5391);
#5389=LINE('',#374,#5392);
#5390=LINE('',#376,#5393);
#5391=VECTOR('',#5394,1.0);
#5392=VECTOR('',#5395,1.0);
#5393=VECTOR('',#5396,1.0);
#5394=DIRECTION('',(0,0,-1));
#5395=DIRECTION('',(-0.11955907213649503,-0.04953904574027073,0.9915903948793593));
#5396=DIRECTION('',(0.9238356612930403,0.38278932968834306,0));
#5397=FACE_SURFACE('',(#5402),#5398,.T.);
#5398=PLANE('',#5399);
#5399=AXIS2_PLACEMENT_3D('',#376,#5400,#5401);
#5400=DIRECTION('',(-0.38278932968834306,0.9238356612930403,0));
#5401=DIRECTION('',(0.11955907213649503,0.04953904574027073,-0.9915903948793593));
#5402=FACE_BOUND('',#5403,.T.);
#5403=EDGE_LOOP('',(#5404,#5405,#5406));
#5404=ORIENTED_EDGE('',*,*,#5407,.T.);
#5405=ORIENTED_EDGE('',*,*,#5408,.T.);
#5406=ORIENTED_EDGE('',*,*,#5409,.T.);
#5407=EDGE_CURVE('',#377,#375,#5410,.F.);
#5408=EDGE_CURVE('',#375,#379,#5411,.T.);
#5409=EDGE_CURVE('',#379,#377,#5412,.T.);
#5410=LINE('',#376,#5413);
#5411=LINE('',#374,#5414);
#5412=LINE('',#378,#5415);
#5413=VECTOR('',#5416,1.0);
#5414=VECTOR('',#5417,1.0);
#5415=VECTOR('',#5418,1.0);
#5416=DIRECTION('',(0.11955907213649503,0.04953904574027073,-0.9915903948793593));
#5417=DIRECTION('',(-0.9238356612930403,-0.38278932968834306,0));
#5418=DIRECTION('',(0,0,1));
#5419=FACE_SURFACE('',(#5424),#5420,.T.);
#5420=PLANE('',#5421);
#5421=AXIS2_PLACEMENT_3D('',#376,#5422,#5423);
#5422=DIRECTION('',(-0.13067453097735035,0.99142532091623,0));
#5423=DIRECTION('',(0,0,-1));
#5424=FACE_BOUND('',#5425,.T.);
#5425=EDGE_LOOP('',(#5426,#5427,#5428));
#5426=ORIENTED_EDGE('',*,*,#5429,.T.);
#5427=ORIENTED_EDGE('',*,*,#5430,.T.);
#5428=ORIENTED_EDGE('',*,*,#5431,.T.);
#5429=EDGE_CURVE('',#377,#379,#5432,.F.);
#5430=EDGE_CURVE('',#379,#381,#5433,.T.);
#5431=EDGE_CURVE('',#381,#377,#5434,.T.);
#5432=LINE('',#376,#5435);
#5433=LINE('',#378,#5436);
#5434=LINE('',#380,#5437);
#5435=VECTOR('',#5438,1.0);
#5436=VECTOR('',#5439,1.0);
#5437=VECTOR('',#5440,1.0);
#5438=DIRECTION('',(0,0,-1));
#5439=DIRECTION('',(-0.12830451266120715,-0.016911139609371947,0.9915906238906672));
#5440=DIRECTION('',(0.99142532091623,0.13067453097735035,0));
#5441=FACE_SURFACE('',(#5446),#5442,.T.);
#5442=PLANE('',#5443);
#5443=AXIS2_PLACEMENT_3D('',#380,#5444,#5445);
#5444=DIRECTION('',(-0.13067453097735035,0.99142532091623,0));
#5445=DIRECTION('',(0.12830451266120715,0.016911139609371947,-0.9915906238906672));
#5446=FACE_BOUND('',#5447,.T.);
#5447=EDGE_LOOP('',(#5448,#5449,#5450));
#5448=ORIENTED_EDGE('',*,*,#5451,.T.);
#5449=ORIENTED_EDGE('',*,*,#5452,.T.);
#5450=ORIENTED_EDGE('',*,*,#5453,.T.);
#5451=EDGE_CURVE('',#381,#379,#5454,.F.);
#5452=EDGE_CURVE('',#379,#383,#5455,.T.);
#5453=EDGE_CURVE('',#383,#381,#5456,.T.);
#5454=LINE('',#380,#5457);
#5455=LINE('',#378,#5458);
#5456=LINE('',#382,#5459);
#5457=VECTOR('',#5460,1.0);
#5458=VECTOR('',#5461,1.0);
#5459=VECTOR('',#5462,1.0);
#5460=DIRECTION('',(0.12830451266120715,0.016911139609371947,-0.9915906238906672));
#5461=DIRECTION('',(-0.99142532091623,-0.13067453097735035,0));
#5462=DIRECTION('',(0,0,1));
#5463=FACE_SURFACE('',(#5468),#5464,.T.);
#5464=PLANE('',#5465);
#5465=AXIS2_PLACEMENT_3D('',#380,#5466,#5467);
#5466=DIRECTION('',(0.1303509294554577,0.9914679193953267,0));
#5467=DIRECTION('',(0,0,-1));
#5468=FACE_BOUND('',#5469,.T.);
#5469=EDGE_LOOP('',(#5470,#5471,#5472));
#5470=ORIENTED_EDGE('',*,*,#5473,.T.);
#5471=ORIENTED_EDGE('',*,*,#5474,.T.);
#5472=ORIENTED_EDGE('',*,*,#5475,.T.);
#5473=EDGE_CURVE('',#381,#383,#5476,.F.);
#5474=EDGE_CURVE('',#383,#385,#5477,.T.);
#5475=EDGE_CURVE('',#385,#381,#5478,.T.);
#5476=LINE('',#380,#5479);
#5477=LINE('',#382,#5480);
#5478=LINE('',#384,#5481);
#5479=VECTOR('',#5482,1.0);
#5480=VECTOR('',#5483,1.0);
#5481=VECTOR('',#5484,1.0);
#5482=DIRECTION('',(0,0,-1));
#5483=DIRECTION('',(-0.12831204352301276,0.016869526291636756,0.9915903582476204));
#5484=DIRECTION('',(0.9914679193953267,-0.1303509294554577,0));
#5485=FACE_SURFACE('',(#5490),#5486,.T.);
#5486=PLANE('',#5487);
#5487=AXIS2_PLACEMENT_3D('',#384,#5488,#5489);
#5488=DIRECTION('',(0.1303509294554577,0.9914679193953267,0));
#5489=DIRECTION('',(0.12831204352301276,-0.016869526291636756,-0.9915903582476204));
#5490=FACE_BOUND('',#5491,.T.);
#5491=EDGE_LOOP('',(#5492,#5493,#5494));
#5492=ORIENTED_EDGE('',*,*,#5495,.T.);
#5493=ORIENTED_EDGE('',*,*,#5496,.T.);
#5494=ORIENTED_EDGE('',*,*,#5497,.T.);
#5495=EDGE_CURVE('',#385,#383,#5498,.F.);
#5496=EDGE_CURVE('',#383,#387,#5499,.T.);
#5497=EDGE_CURVE('',#387,#385,#5500,.T.);
#5498=LINE('',#384,#5501);
#5499=LINE('',#382,#5502);
#5500=LINE('',#386,#5503);
#5501=VECTOR('',#5504,1.0);
#5502=VECTOR('',#5505,1.0);
#5503=VECTOR('',#5506,1.0);
#5504=DIRECTION('',(0.12831204352301276,-0.016869526291636756,-0.9915903582476204));
#5505=DIRECTION('',(-0.9914679193953267,0.1303509294554577,0));
#5506=DIRECTION('',(0,0,1));
#5507=FACE_SURFACE('',(#5512),#5508,.T.);
#5508=PLANE('',#5509);
#5509=AXIS2_PLACEMENT_3D('',#384,#5510,#5511);
#5510=DIRECTION('',(0.38249743571972505,0.9239565529113557,0));
#5511=DIRECTION('',(0,0,-1));
#5512=FACE_BOUND('',#5513,.T.);
#5513=EDGE_LOOP('',(#5514,#5515,#5516));
#5514=ORIENTED_EDGE('',*,*,#5517,.T.);
#5515=ORIENTED_EDGE('',*,*,#5518,.T.);
#5516=ORIENTED_EDGE('',*,*,#5519,.T.);
#5517=EDGE_CURVE('',#385,#387,#5520,.F.);
#5518=EDGE_CURVE('',#387,#389,#5521,.T.);
#5519=EDGE_CURVE('',#389,#385,#5522,.T.);
#5520=LINE('',#384,#5523);
#5521=LINE('',#386,#5524);
#5522=LINE('',#388,#5525);
#5523=VECTOR('',#5526,1.0);
#5524=VECTOR('',#5527,1.0);
#5525=VECTOR('',#5528,1.0);
#5526=DIRECTION('',(0,0,-1));
#5527=DIRECTION('',(-0.11957235159466027,0.049500290596805635,0.9915907290636368));
#5528=DIRECTION('',(0.9239565529113557,-0.38249743571972505,0));
#5529=FACE_SURFACE('',(#5534),#5530,.T.);
#5530=PLANE('',#5531);
#5531=AXIS2_PLACEMENT_3D('',#388,#5532,#5533);
#5532=DIRECTION('',(0.38249743571972505,0.9239565529113557,0));
#5533=DIRECTION('',(0.11957235159466027,-0.049500290596805635,-0.9915907290636368));
#5534=FACE_BOUND('',#5535,.T.);
#5535=EDGE_LOOP('',(#5536,#5537,#5538));
#5536=ORIENTED_EDGE('',*,*,#5539,.T.);
#5537=ORIENTED_EDGE('',*,*,#5540,.T.);
#5538=ORIENTED_EDGE('',*,*,#5541,.T.);
#5539=EDGE_CURVE('',#389,#387,#5542,.F.);
#5540=EDGE_CURVE('',#387,#391,#5543,.T.);
#5541=EDGE_CURVE('',#391,#389,#5544,.T.);
#5542=LINE('',#388,#5545);
#5543=LINE('',#386,#5546);
#5544=LINE('',#390,#5547);
#5545=VECTOR('',#5548,1.0);
#5546=VECTOR('',#5549,1.0);
#5547=VECTOR('',#5550,1.0);
#5548=DIRECTION('',(0.11957235159466027,-0.049500290596805635,-0.9915907290636368));
#5549=DIRECTION('',(-0.9239565529113557,0.38249743571972505,0));
#5550=DIRECTION('',(0,0,1));
#5551=FACE_SURFACE('',(#5556),#5552,.T.);
#5552=PLANE('',#5553);
#5553=AXIS2_PLACEMENT_3D('',#388,#5554,#5555);
#5554=DIRECTION('',(0.6085794137309988,0.7934929723588192,0));
#5555=DIRECTION('',(0,0,-1));
#5556=FACE_BOUND('',#5557,.T.);
#5557=EDGE_LOOP('',(#5558,#5559,#5560));
#5558=ORIENTED_EDGE('',*,*,#5561,.T.);
#5559=ORIENTED_EDGE('',*,*,#5562,.T.);
#5560=ORIENTED_EDGE('',*,*,#5563,.T.);
#5561=EDGE_CURVE('',#389,#391,#5564,.F.);
#5562=EDGE_CURVE('',#391,#393,#5565,.T.);
#5563=EDGE_CURVE('',#393,#389,#5566,.T.);
#5564=LINE('',#388,#5567);
#5565=LINE('',#390,#5568);
#5566=LINE('',#392,#5569);
#5567=VECTOR('',#5570,1.0);
#5568=VECTOR('',#5571,1.0);
#5569=VECTOR('',#5572,1.0);
#5570=DIRECTION('',(0,0,-1));
#5571=DIRECTION('',(-0.10269049352236995,0.07875976539251606,0.9915904204334811));
#5572=DIRECTION('',(0.7934929723588192,-0.6085794137309988,0));
#5573=FACE_SURFACE('',(#5578),#5574,.T.);
#5574=PLANE('',#5575);
#5575=AXIS2_PLACEMENT_3D('',#392,#5576,#5577);
#5576=DIRECTION('',(0.6085794137309988,0.7934929723588192,0));
#5577=DIRECTION('',(0.10269049352236995,-0.07875976539251606,-0.9915904204334811));
#5578=FACE_BOUND('',#5579,.T.);
#5579=EDGE_LOOP('',(#5580,#5581,#5582));
#5580=ORIENTED_EDGE('',*,*,#5583,.T.);
#5581=ORIENTED_EDGE('',*,*,#5584,.T.);
#5582=ORIENTED_EDGE('',*,*,#5585,.T.);
#5583=EDGE_CURVE('',#393,#391,#5586,.F.);
#5584=EDGE_CURVE('',#391,#395,#5587,.T.);
#5585=EDGE_CURVE('',#395,#393,#5588,.T.);
#5586=LINE('',#392,#5589);
#5587=LINE('',#390,#5590);
#5588=LINE('',#394,#5591);
#5589=VECTOR('',#5592,1.0);
#5590=VECTOR('',#5593,1.0);
#5591=VECTOR('',#5594,1.0);
#5592=DIRECTION('',(0.10269049352236995,-0.07875976539251606,-0.9915904204334811));
#5593=DIRECTION('',(-0.7934929723588192,0.6085794137309988,0));
#5594=DIRECTION('',(0,0,1));
#5595=FACE_SURFACE('',(#5600),#5596,.T.);
#5596=PLANE('',#5597);
#5597=AXIS2_PLACEMENT_3D('',#392,#5598,#5599);
#5598=DIRECTION('',(0.7931984297932683,0.6089632591326786,0));
#5599=DIRECTION('',(0,0,-1));
#5600=FACE_BOUND('',#5601,.T.);
#5601=EDGE_LOOP('',(#5602,#5603,#5604));
#5602=ORIENTED_EDGE('',*,*,#5605,.T.);
#5603=ORIENTED_EDGE('',*,*,#5606,.T.);
#5604=ORIENTED_EDGE('',*,*,#5607,.T.);
#5605=EDGE_CURVE('',#393,#395,#5608,.F.);
#5606=EDGE_CURVE('',#395,#397,#5609,.T.);
#5607=EDGE_CURVE('',#397,#393,#5610,.T.);
#5608=LINE('',#392,#5611);
#5609=LINE('',#394,#5612);
#5610=LINE('',#396,#5613);
#5611=VECTOR('',#5614,1.0);
#5612=VECTOR('',#5615,1.0);
#5613=VECTOR('',#5616,1.0);
#5614=DIRECTION('',(0,0,-1));
#5615=DIRECTION('',(-0.07880894781821769,0.10265173263835643,0.9915905261397613));
#5616=DIRECTION('',(0.6089632591326786,-0.7931984297932683,0));
#5617=FACE_SURFACE('',(#5622),#5618,.T.);
#5618=PLANE('',#5619);
#5619=AXIS2_PLACEMENT_3D('',#396,#5620,#5621);
#5620=DIRECTION('',(0.7931984297932683,0.6089632591326786,0));
#5621=DIRECTION('',(0.07880894781821769,-0.10265173263835643,-0.9915905261397613));
#5622=FACE_BOUND('',#5623,.T.);
#5623=EDGE_LOOP('',(#5624,#5625,#5626));
#5624=ORIENTED_EDGE('',*,*,#5627,.T.);
#5625=ORIENTED_EDGE('',*,*,#5628,.T.);
#5626=ORIENTED_EDGE('',*,*,#5629,.T.);
#5627=EDGE_CURVE('',#397,#395,#5630,.F.);
#5628=EDGE_CURVE('',#395,#399,#5631,.T.);
#5629=EDGE_CURVE('',#399,#397,#5632,.T.);
#5630=LINE('',#396,#5633);
#5631=LINE('',#394,#5634);
#5632=LINE('',#398,#5635);
#5633=VECTOR('',#5636,1.0);
#5634=VECTOR('',#5637,1.0);
#5635=VECTOR('',#5638,1.0);
#5636=DIRECTION('',(0.07880894781821769,-0.10265173263835643,-0.9915905261397613));
#5637=DIRECTION('',(-0.6089632591326786,0.7931984297932683,0));
#5638=DIRECTION('',(0,0,1));
#5639=FACE_SURFACE('',(#5644),#5640,.T.);
#5640=PLANE('',#5641);
#5641=AXIS2_PLACEMENT_3D('',#396,#5642,#5643);
#5642=DIRECTION('',(0.9237680907249808,0.3829523659129473,0));
#5643=DIRECTION('',(0,0,-1));
#5644=FACE_BOUND('',#5645,.T.);
#5645=EDGE_LOOP('',(#5646,#5647,#5648));
#5646=ORIENTED_EDGE('',*,*,#5649,.T.);
#5647=ORIENTED_EDGE('',*,*,#5650,.T.);
#5648=ORIENTED_EDGE('',*,*,#5651,.T.);
#5649=EDGE_CURVE('',#397,#399,#5652,.F.);
#5650=EDGE_CURVE('',#399,#401,#5653,.T.);
#5651=EDGE_CURVE('',#401,#397,#5654,.T.);
#5652=LINE('',#396,#5655);
#5653=LINE('',#398,#5656);
#5654=LINE('',#400,#5657);
#5655=VECTOR('',#5658,1.0);
#5656=VECTOR('',#5659,1.0);
#5657=VECTOR('',#5660,1.0);
#5658=DIRECTION('',(0,0,-1));
#5659=DIRECTION('',(-0.04955985507702783,0.11954962751560559,0.9915904937652559));
#5660=DIRECTION('',(0.3829523659129473,-0.9237680907249808,0));
#5661=FACE_SURFACE('',(#5666),#5662,.T.);
#5662=PLANE('',#5663);
#5663=AXIS2_PLACEMENT_3D('',#400,#5664,#5665);
#5664=DIRECTION('',(0.9237680907249808,0.3829523659129473,0));
#5665=DIRECTION('',(0.04955985507702783,-0.11954962751560559,-0.9915904937652559));
#5666=FACE_BOUND('',#5667,.T.);
#5667=EDGE_LOOP('',(#5668,#5669,#5670));
#5668=ORIENTED_EDGE('',*,*,#5671,.T.);
#5669=ORIENTED_EDGE('',*,*,#5672,.T.);
#5670=ORIENTED_EDGE('',*,*,#5673,.T.);
#5671=EDGE_CURVE('',#401,#399,#5674,.F.);
#5672=EDGE_CURVE('',#399,#403,#5675,.T.);
#5673=EDGE_CURVE('',#403,#401,#5676,.T.);
#5674=LINE('',#400,#5677);
#5675=LINE('',#398,#5678);
#5676=LINE('',#402,#5679);
#5677=VECTOR('',#5680,1.0);
#5678=VECTOR('',#5681,1.0);
#5679=VECTOR('',#5682,1.0);
#5680=DIRECTION('',(0.04955985507702783,-0.11954962751560559,-0.9915904937652559));
#5681=DIRECTION('',(-0.3829523659129473,0.9237680907249808,0));
#5682=DIRECTION('',(0,0,1));
#5683=FACE_SURFACE('',(#5688),#5684,.T.);
#5684=PLANE('',#5685);
#5685=AXIS2_PLACEMENT_3D('',#400,#5686,#5687);
#5686=DIRECTION('',(0.9914053045752999,0.13082630492357708,0));
#5687=DIRECTION('',(0,0,-1));
#5688=FACE_BOUND('',#5689,.T.);
#5689=EDGE_LOOP('',(#5690,#5691,#5692));
#5690=ORIENTED_EDGE('',*,*,#5693,.T.);
#5691=ORIENTED_EDGE('',*,*,#5694,.T.);
#5692=ORIENTED_EDGE('',*,*,#5695,.T.);
#5693=EDGE_CURVE('',#401,#403,#5696,.F.);
#5694=EDGE_CURVE('',#403,#405,#5697,.T.);
#5695=EDGE_CURVE('',#405,#401,#5698,.T.);
#5696=LINE('',#400,#5699);
#5697=LINE('',#402,#5700);
#5698=LINE('',#404,#5701);
#5699=VECTOR('',#5702,1.0);
#5700=VECTOR('',#5703,1.0);
#5701=VECTOR('',#5704,1.0);
#5702=DIRECTION('',(0,0,-1));
#5703=DIRECTION('',(-0.016930994719007816,0.12830353945994322,0.9915904109963326));
#5704=DIRECTION('',(0.13082630492357708,-0.9914053045752999,0));
#5705=FACE_SURFACE('',(#5710),#5706,.T.);
#5706=PLANE('',#5707);
#5707=AXIS2_PLACEMENT_3D('',#404,#5708,#5709);
#5708=DIRECTION('',(0.9914053045752999,0.13082630492357708,0));
#5709=DIRECTION('',(0.016930994719007816,-0.12830353945994322,-0.9915904109963326));
#5710=FACE_BOUND('',#5711,.T.);
#5711=EDGE_LOOP('',(#5712,#5713,#5714));
#5712=ORIENTED_EDGE('',*,*,#5715,.T.);
#5713=ORIENTED_EDGE('',*,*,#5716,.T.);
#5714=ORIENTED_EDGE('',*,*,#5717,.T.);
#5715=EDGE_CURVE('',#405,#403,#5718,.F.);
#5716=EDGE_CURVE('',#403,#407,#5719,.T.);
#5717=EDGE_CURVE('',#407,#405,#5720,.T.);
#5718=LINE('',#404,#5721);
#5719=LINE('',#402,#5722);
#5720=LINE('',#406,#5723);
#5721=VECTOR('',#5724,1.0);
#5722=VECTOR('',#5725,1.0);
#5723=VECTOR('',#5726,1.0);
#5724=DIRECTION('',(0.016930994719007816,-0.12830353945994322,-0.9915904109963326));
#5725=DIRECTION('',(-0.13082630492357708,0.9914053045752999,0));
#5726=DIRECTION('',(0,0,1));
#5727=FACE_SURFACE('',(#5732),#5728,.T.);
#5728=PLANE('',#5729);
#5729=AXIS2_PLACEMENT_3D('',#404,#5730,#5731);
#5730=DIRECTION('',(0.9914897501722393,-0.1301847737002706,0));
#5731=DIRECTION('',(0,0,-1));
#5732=FACE_BOUND('',#5733,.T.);
#5733=EDGE_LOOP('',(#5734,#5735,#5736));
#5734=ORIENTED_EDGE('',*,*,#5737,.T.);
#5735=ORIENTED_EDGE('',*,*,#5738,.T.);
#5736=ORIENTED_EDGE('',*,*,#5739,.T.);
#5737=EDGE_CURVE('',#405,#407,#5740,.F.);
#5738=EDGE_CURVE('',#407,#409,#5741,.T.);
#5739=EDGE_CURVE('',#409,#405,#5742,.T.);
#5740=LINE('',#404,#5743);
#5741=LINE('',#406,#5744);
#5742=LINE('',#408,#5745);
#5743=VECTOR('',#5746,1.0);
#5744=VECTOR('',#5747,1.0);
#5745=VECTOR('',#5748,1.0);
#5746=DIRECTION('',(0,0,-1));
#5747=DIRECTION('',(0.1301847737002706,0.9914897501722393,0));
#5748=DIRECTION('',(-0.016847780377112143,-0.12831302065723033,0.9915906015217076));
#5749=FACE_SURFACE('',(#5754),#5750,.T.);
#5750=PLANE('',#5751);
#5751=AXIS2_PLACEMENT_3D('',#410,#5752,#5753);
#5752=DIRECTION('',(0.9240214614678488,-0.382340605673555,0));
#5753=DIRECTION('',(0,0,1));
#5754=FACE_BOUND('',#5755,.T.);
#5755=EDGE_LOOP('',(#5756,#5757,#5758));
#5756=ORIENTED_EDGE('',*,*,#5759,.T.);
#5757=ORIENTED_EDGE('',*,*,#5760,.T.);
#5758=ORIENTED_EDGE('',*,*,#5761,.T.);
#5759=EDGE_CURVE('',#411,#413,#5762,.F.);
#5760=EDGE_CURVE('',#413,#409,#5763,.T.);
#5761=EDGE_CURVE('',#409,#411,#5764,.T.);
#5762=LINE('',#410,#5765);
#5763=LINE('',#412,#5766);
#5764=LINE('',#408,#5767);
#5765=VECTOR('',#5768,1.0);
#5766=VECTOR('',#5769,1.0);
#5767=VECTOR('',#5770,1.0);
#5768=DIRECTION('',(0,0,1));
#5769=DIRECTION('',(-0.04948042452838221,-0.11958179044629699,-0.9915905823383706));
#5770=DIRECTION('',(0.382340605673555,0.9240214614678488,0));
#5771=FACE_SURFACE('',(#5776),#5772,.T.);
#5772=PLANE('',#5773);
#5773=AXIS2_PLACEMENT_3D('',#408,#5774,#5775);
#5774=DIRECTION('',(0.9240214614678488,-0.382340605673555,0));
#5775=DIRECTION('',(0.04948042452838221,0.11958179044629699,0.9915905823383706));
#5776=FACE_BOUND('',#5777,.T.);
#5777=EDGE_LOOP('',(#5778,#5779,#5780));
#5778=ORIENTED_EDGE('',*,*,#5781,.T.);
#5779=ORIENTED_EDGE('',*,*,#5782,.T.);
#5780=ORIENTED_EDGE('',*,*,#5783,.T.);
#5781=EDGE_CURVE('',#409,#413,#5784,.F.);
#5782=EDGE_CURVE('',#413,#415,#5785,.T.);
#5783=EDGE_CURVE('',#415,#409,#5786,.T.);
#5784=LINE('',#408,#5787);
#5785=LINE('',#412,#5788);
#5786=LINE('',#414,#5789);
#5787=VECTOR('',#5790,1.0);
#5788=VECTOR('',#5791,1.0);
#5789=VECTOR('',#5792,1.0);
#5790=DIRECTION('',(0.04948042452838221,0.11958179044629699,0.9915905823383706));
#5791=DIRECTION('',(-0.382340605673555,-0.9240214614678488,0));
#5792=DIRECTION('',(0,0,-1));
#5793=FACE_SURFACE('',(#5798),#5794,.T.);
#5794=PLANE('',#5795);
#5795=AXIS2_PLACEMENT_3D('',#408,#5796,#5797);
#5796=DIRECTION('',(0.9914897501722393,-0.1301847737002706,0));
#5797=DIRECTION('',(0,0,1));
#5798=FACE_BOUND('',#5799,.T.);
#5799=EDGE_LOOP('',(#5800,#5801,#5802));
#5800=ORIENTED_EDGE('',*,*,#5803,.T.);
#5801=ORIENTED_EDGE('',*,*,#5804,.T.);
#5802=ORIENTED_EDGE('',*,*,#5805,.T.);
#5803=EDGE_CURVE('',#409,#415,#5806,.F.);
#5804=EDGE_CURVE('',#415,#405,#5807,.T.);
#5805=EDGE_CURVE('',#405,#409,#5808,.T.);
#5806=LINE('',#408,#5809);
#5807=LINE('',#414,#5810);
#5808=LINE('',#404,#5811);
#5809=VECTOR('',#5812,1.0);
#5810=VECTOR('',#5813,1.0);
#5811=VECTOR('',#5814,1.0);
#5812=DIRECTION('',(0,0,1));
#5813=DIRECTION('',(-0.1301847737002706,-0.9914897501722393,0));
#5814=DIRECTION('',(0.016847780377112143,0.12831302065723033,-0.9915906015217076));
#5815=FACE_SURFACE('',(#5820),#5816,.T.);
#5816=PLANE('',#5817);
#5817=AXIS2_PLACEMENT_3D('',#412,#5818,#5819);
#5818=DIRECTION('',(0.7935943650250056,-0.6084471906423417,0));
#5819=DIRECTION('',(0,0,-1));
#5820=FACE_BOUND('',#5821,.T.);
#5821=EDGE_LOOP('',(#5822,#5823,#5824));
#5822=ORIENTED_EDGE('',*,*,#5825,.T.);
#5823=ORIENTED_EDGE('',*,*,#5826,.T.);
#5824=ORIENTED_EDGE('',*,*,#5827,.T.);
#5825=EDGE_CURVE('',#413,#411,#5828,.F.);
#5826=EDGE_CURVE('',#411,#417,#5829,.T.);
#5827=EDGE_CURVE('',#417,#413,#5830,.T.);
#5828=LINE('',#412,#5831);
#5829=LINE('',#410,#5832);
#5830=LINE('',#416,#5833);
#5831=VECTOR('',#5834,1.0);
#5832=VECTOR('',#5835,1.0);
#5833=VECTOR('',#5836,1.0);
#5834=DIRECTION('',(0,0,-1));
#5835=DIRECTION('',(0.07874274210790526,0.1027037307173363,0.9915904014572089));
#5836=DIRECTION('',(-0.6084471906423417,-0.7935943650250056,0));
#5837=FACE_SURFACE('',(#5842),#5838,.T.);
#5838=PLANE('',#5839);
#5839=AXIS2_PLACEMENT_3D('',#416,#5840,#5841);
#5840=DIRECTION('',(0.7935943650250056,-0.6084471906423417,0));
#5841=DIRECTION('',(-0.07874274210790526,-0.1027037307173363,-0.9915904014572089));
#5842=FACE_BOUND('',#5843,.T.);
#5843=EDGE_LOOP('',(#5844,#5845,#5846));
#5844=ORIENTED_EDGE('',*,*,#5847,.T.);
#5845=ORIENTED_EDGE('',*,*,#5848,.T.);
#5846=ORIENTED_EDGE('',*,*,#5849,.T.);
#5847=EDGE_CURVE('',#417,#411,#5850,.F.);
#5848=EDGE_CURVE('',#411,#419,#5851,.T.);
#5849=EDGE_CURVE('',#419,#417,#5852,.T.);
#5850=LINE('',#416,#5853);
#5851=LINE('',#410,#5854);
#5852=LINE('',#418,#5855);
#5853=VECTOR('',#5856,1.0);
#5854=VECTOR('',#5857,1.0);
#5855=VECTOR('',#5858,1.0);
#5856=DIRECTION('',(-0.07874274210790526,-0.1027037307173363,-0.9915904014572089));
#5857=DIRECTION('',(0.6084471906423417,0.7935943650250056,0));
#5858=DIRECTION('',(0,0,1));
#5859=FACE_SURFACE('',(#5864),#5860,.T.);
#5860=PLANE('',#5861);
#5861=AXIS2_PLACEMENT_3D('',#416,#5862,#5863);
#5862=DIRECTION('',(0.6090918879217998,-0.7930996608673198,0));
#5863=DIRECTION('',(0,0,-1));
#5864=FACE_BOUND('',#5865,.T.);
#5865=EDGE_LOOP('',(#5866,#5867,#5868));
#5866=ORIENTED_EDGE('',*,*,#5869,.T.);
#5867=ORIENTED_EDGE('',*,*,#5870,.T.);
#5868=ORIENTED_EDGE('',*,*,#5871,.T.);
#5869=EDGE_CURVE('',#417,#419,#5872,.F.);
#5870=EDGE_CURVE('',#419,#421,#5873,.T.);
#5871=EDGE_CURVE('',#421,#417,#5874,.T.);
#5872=LINE('',#416,#5875);
#5873=LINE('',#418,#5876);
#5874=LINE('',#420,#5877);
#5875=VECTOR('',#5878,1.0);
#5876=VECTOR('',#5879,1.0);
#5877=VECTOR('',#5880,1.0);
#5878=DIRECTION('',(0,0,-1));
#5879=DIRECTION('',(0.10263943094655446,0.07882596331221317,0.9915904470712035));
#5880=DIRECTION('',(-0.7930996608673198,-0.6090918879217998,0));
#5881=FACE_SURFACE('',(#5886),#5882,.T.);
#5882=PLANE('',#5883);
#5883=AXIS2_PLACEMENT_3D('',#420,#5884,#5885);
#5884=DIRECTION('',(0.6090918879217998,-0.7930996608673198,0));
#5885=DIRECTION('',(-0.10263943094655446,-0.07882596331221317,-0.9915904470712035));
#5886=FACE_BOUND('',#5887,.T.);
#5887=EDGE_LOOP('',(#5888,#5889,#5890));
#5888=ORIENTED_EDGE('',*,*,#5891,.T.);
#5889=ORIENTED_EDGE('',*,*,#5892,.T.);
#5890=ORIENTED_EDGE('',*,*,#5893,.T.);
#5891=EDGE_CURVE('',#421,#419,#5894,.F.);
#5892=EDGE_CURVE('',#419,#423,#5895,.T.);
#5893=EDGE_CURVE('',#423,#421,#5896,.T.);
#5894=LINE('',#420,#5897);
#5895=LINE('',#418,#5898);
#5896=LINE('',#422,#5899);
#5897=VECTOR('',#5900,1.0);
#5898=VECTOR('',#5901,1.0);
#5899=VECTOR('',#5902,1.0);
#5900=DIRECTION('',(-0.10263943094655446,-0.07882596331221317,-0.9915904470712035));
#5901=DIRECTION('',(0.7930996608673198,0.6090918879217998,0));
#5902=DIRECTION('',(0,0,1));
#5903=FACE_SURFACE('',(#5908),#5904,.T.);
#5904=PLANE('',#5905);
#5905=AXIS2_PLACEMENT_3D('',#420,#5906,#5907);
#5906=DIRECTION('',(0.3830977511296503,-0.9237078071984693,0));
#5907=DIRECTION('',(0,0,-1));
#5908=FACE_BOUND('',#5909,.T.);
#5909=EDGE_LOOP('',(#5910,#5911,#5912));
#5910=ORIENTED_EDGE('',*,*,#5913,.T.);
#5911=ORIENTED_EDGE('',*,*,#5914,.T.);
#5912=ORIENTED_EDGE('',*,*,#5915,.T.);
#5913=EDGE_CURVE('',#421,#423,#5916,.F.);
#5914=EDGE_CURVE('',#423,#425,#5917,.T.);
#5915=EDGE_CURVE('',#425,#421,#5918,.T.);
#5916=LINE('',#420,#5919);
#5917=LINE('',#422,#5920);
#5918=LINE('',#424,#5921);
#5919=VECTOR('',#5922,1.0);
#5920=VECTOR('',#5923,1.0);
#5921=VECTOR('',#5924,1.0);
#5922=DIRECTION('',(0,0,-1));
#5923=DIRECTION('',(0.1195420583217224,0.04957876652288756,0.9915904609274309));
#5924=DIRECTION('',(-0.9237078071984693,-0.3830977511296503,0));
#5925=FACE_SURFACE('',(#5930),#5926,.T.);
#5926=PLANE('',#5927);
#5927=AXIS2_PLACEMENT_3D('',#424,#5928,#5929);
#5928=DIRECTION('',(0.3830977511296503,-0.9237078071984693,0));
#5929=DIRECTION('',(-0.1195420583217224,-0.04957876652288756,-0.9915904609274309));
#5930=FACE_BOUND('',#5931,.T.);
#5931=EDGE_LOOP('',(#5932,#5933,#5934));
#5932=ORIENTED_EDGE('',*,*,#5935,.T.);
#5933=ORIENTED_EDGE('',*,*,#5936,.T.);
#5934=ORIENTED_EDGE('',*,*,#5937,.T.);
#5935=EDGE_CURVE('',#425,#423,#5938,.F.);
#5936=EDGE_CURVE('',#423,#427,#5939,.T.);
#5937=EDGE_CURVE('',#427,#425,#5940,.T.);
#5938=LINE('',#424,#5941);
#5939=LINE('',#422,#5942);
#5940=LINE('',#426,#5943);
#5941=VECTOR('',#5944,1.0);
#5942=VECTOR('',#5945,1.0);
#5943=VECTOR('',#5946,1.0);
#5944=DIRECTION('',(-0.1195420583217224,-0.04957876652288756,-0.9915904609274309));
#5945=DIRECTION('',(0.9237078071984693,0.3830977511296503,0));
#5946=DIRECTION('',(0,0,1));
#5947=FACE_SURFACE('',(#5952),#5948,.T.);
#5948=PLANE('',#5949);
#5949=AXIS2_PLACEMENT_3D('',#424,#5950,#5951);
#5950=DIRECTION('',(0.13098715130373276,-0.9913840659367756,0));
#5951=DIRECTION('',(0,0,-1));
#5952=FACE_BOUND('',#5953,.T.);
#5953=EDGE_LOOP('',(#5954,#5955,#5956));
#5954=ORIENTED_EDGE('',*,*,#5957,.T.);
#5955=ORIENTED_EDGE('',*,*,#5958,.T.);
#5956=ORIENTED_EDGE('',*,*,#5959,.T.);
#5957=EDGE_CURVE('',#425,#427,#5960,.F.);
#5958=EDGE_CURVE('',#427,#429,#5961,.T.);
#5959=EDGE_CURVE('',#429,#425,#5962,.T.);
#5960=LINE('',#424,#5963);
#5961=LINE('',#426,#5964);
#5962=LINE('',#428,#5965);
#5963=VECTOR('',#5966,1.0);
#5964=VECTOR('',#5967,1.0);
#5965=VECTOR('',#5968,1.0);
#5966=DIRECTION('',(0,0,-1));
#5967=DIRECTION('',(0.12830070397669402,0.01695179930927235,0.9915904224321971));
#5968=DIRECTION('',(-0.9913840659367756,-0.13098715130373276,0));
#5969=FACE_SURFACE('',(#5974),#5970,.T.);
#5970=PLANE('',#5971);
#5971=AXIS2_PLACEMENT_3D('',#428,#5972,#5973);
#5972=DIRECTION('',(0.13098715130373276,-0.9913840659367756,0));
#5973=DIRECTION('',(-0.12830070397669402,-0.01695179930927235,-0.9915904224321971));
#5974=FACE_BOUND('',#5975,.T.);
#5975=EDGE_LOOP('',(#5976,#5977,#5978));
#5976=ORIENTED_EDGE('',*,*,#5979,.T.);
#5977=ORIENTED_EDGE('',*,*,#5980,.T.);
#5978=ORIENTED_EDGE('',*,*,#5981,.T.);
#5979=EDGE_CURVE('',#429,#427,#5982,.F.);
#5980=EDGE_CURVE('',#427,#431,#5983,.T.);
#5981=EDGE_CURVE('',#431,#429,#5984,.T.);
#5982=LINE('',#428,#5985);
#5983=LINE('',#426,#5986);
#5984=LINE('',#430,#5987);
#5985=VECTOR('',#5988,1.0);
#5986=VECTOR('',#5989,1.0);
#5987=VECTOR('',#5990,1.0);
#5988=DIRECTION('',(-0.12830070397669402,-0.01695179930927235,-0.9915904224321971));
#5989=DIRECTION('',(0.9913840659367756,0.13098715130373276,0));
#5990=DIRECTION('',(0,0,1));
#5991=FACE_SURFACE('',(#5996),#5992,.T.);
#5992=PLANE('',#5993);
#5993=AXIS2_PLACEMENT_3D('',#428,#5994,#5995);
#5994=DIRECTION('',(-0.1300239090652673,-0.9915108587763359,-0));
#5995=DIRECTION('',(0,0,-1));
#5996=FACE_BOUND('',#5997,.T.);
#5997=EDGE_LOOP('',(#5998,#5999,#6000));
#5998=ORIENTED_EDGE('',*,*,#6001,.T.);
#5999=ORIENTED_EDGE('',*,*,#6002,.T.);
#6000=ORIENTED_EDGE('',*,*,#6003,.T.);
#6001=EDGE_CURVE('',#429,#431,#6004,.F.);
#6002=EDGE_CURVE('',#431,#433,#6005,.T.);
#6003=EDGE_CURVE('',#433,#429,#6006,.T.);
#6004=LINE('',#428,#6007);
#6005=LINE('',#430,#6008);
#6006=LINE('',#432,#6009);
#6007=VECTOR('',#6010,1.0);
#6008=VECTOR('',#6011,1.0);
#6009=VECTOR('',#6012,1.0);
#6010=DIRECTION('',(0,0,-1));
#6011=DIRECTION('',(0.12831585585868388,-0.016826975747287354,0.9915905879053379));
#6012=DIRECTION('',(-0.9915108587763359,0.1300239090652673,0));
#6013=FACE_SURFACE('',(#6018),#6014,.T.);
#6014=PLANE('',#6015);
#6015=AXIS2_PLACEMENT_3D('',#432,#6016,#6017);
#6016=DIRECTION('',(-0.1300239090652673,-0.9915108587763359,-0));
#6017=DIRECTION('',(-0.12831585585868388,0.016826975747287354,-0.9915905879053379));
#6018=FACE_BOUND('',#6019,.T.);
#6019=EDGE_LOOP('',(#6020,#6021,#6022));
#6020=ORIENTED_EDGE('',*,*,#6023,.T.);
#6021=ORIENTED_EDGE('',*,*,#6024,.T.);
#6022=ORIENTED_EDGE('',*,*,#6025,.T.);
#6023=EDGE_CURVE('',#433,#431,#6026,.F.);
#6024=EDGE_CURVE('',#431,#435,#6027,.T.);
#6025=EDGE_CURVE('',#435,#433,#6028,.T.);
#6026=LINE('',#432,#6029);
#6027=LINE('',#430,#6030);
#6028=LINE('',#434,#6031);
#6029=VECTOR('',#6032,1.0);
#6030=VECTOR('',#6033,1.0);
#6031=VECTOR('',#6034,1.0);
#6032=DIRECTION('',(-0.12831585585868388,0.016826975747287354,-0.9915905879053379));
#6033=DIRECTION('',(0.9915108587763359,-0.1300239090652673,0));
#6034=DIRECTION('',(0,0,1));
#6035=FACE_SURFACE('',(#6040),#6036,.T.);
#6036=PLANE('',#6037);
#6037=AXIS2_PLACEMENT_3D('',#432,#6038,#6039);
#6038=DIRECTION('',(-0.3821951685983283,-0.9240816268599302,-0));
#6039=DIRECTION('',(0,0,-1));
#6040=FACE_BOUND('',#6041,.T.);
#6041=EDGE_LOOP('',(#6042,#6043,#6044));
#6042=ORIENTED_EDGE('',*,*,#6045,.T.);
#6043=ORIENTED_EDGE('',*,*,#6046,.T.);
#6044=ORIENTED_EDGE('',*,*,#6047,.T.);
#6045=EDGE_CURVE('',#433,#435,#6048,.F.);
#6046=EDGE_CURVE('',#435,#437,#6049,.T.);
#6047=EDGE_CURVE('',#437,#433,#6050,.T.);
#6048=LINE('',#432,#6051);
#6049=LINE('',#434,#6052);
#6050=LINE('',#436,#6053);
#6051=VECTOR('',#6054,1.0);
#6052=VECTOR('',#6055,1.0);
#6053=VECTOR('',#6056,1.0);
#6054=DIRECTION('',(0,0,-1));
#6055=DIRECTION('',(0.11958935938404586,-0.04946151297008694,0.9915906130338383));
#6056=DIRECTION('',(-0.9240816268599302,0.3821951685983283,0));
#6057=FACE_SURFACE('',(#6062),#6058,.T.);
#6058=PLANE('',#6059);
#6059=AXIS2_PLACEMENT_3D('',#436,#6060,#6061);
#6060=DIRECTION('',(-0.3821951685983283,-0.9240816268599302,-0));
#6061=DIRECTION('',(-0.11958935938404586,0.04946151297008694,-0.9915906130338383));
#6062=FACE_BOUND('',#6063,.T.);
#6063=EDGE_LOOP('',(#6064,#6065,#6066));
#6064=ORIENTED_EDGE('',*,*,#6067,.T.);
#6065=ORIENTED_EDGE('',*,*,#6068,.T.);
#6066=ORIENTED_EDGE('',*,*,#6069,.T.);
#6067=EDGE_CURVE('',#437,#435,#6070,.F.);
#6068=EDGE_CURVE('',#435,#439,#6071,.T.);
#6069=EDGE_CURVE('',#439,#437,#6072,.T.);
#6070=LINE('',#436,#6073);
#6071=LINE('',#434,#6074);
#6072=LINE('',#438,#6075);
#6073=VECTOR('',#6076,1.0);
#6074=VECTOR('',#6077,1.0);
#6075=VECTOR('',#6078,1.0);
#6076=DIRECTION('',(-0.11958935938404586,0.04946151297008694,-0.9915906130338383));
#6077=DIRECTION('',(0.9240816268599302,-0.3821951685983283,0));
#6078=DIRECTION('',(0,0,1));
#6079=FACE_SURFACE('',(#6084),#6080,.T.);
#6080=PLANE('',#6081);
#6081=AXIS2_PLACEMENT_3D('',#436,#6082,#6083);
#6082=DIRECTION('',(-0.608314950967003,-0.7936957354238543,-0));
#6083=DIRECTION('',(0,0,-1));
#6084=FACE_BOUND('',#6085,.T.);
#6085=EDGE_LOOP('',(#6086,#6087,#6088));
#6086=ORIENTED_EDGE('',*,*,#6089,.T.);
#6087=ORIENTED_EDGE('',*,*,#6090,.T.);
#6088=ORIENTED_EDGE('',*,*,#6091,.T.);
#6089=EDGE_CURVE('',#437,#439,#6092,.F.);
#6090=EDGE_CURVE('',#439,#441,#6093,.T.);
#6091=EDGE_CURVE('',#441,#437,#6094,.T.);
#6092=LINE('',#436,#6095);
#6093=LINE('',#438,#6096);
#6094=LINE('',#440,#6097);
#6095=VECTOR('',#6098,1.0);
#6096=VECTOR('',#6099,1.0);
#6097=VECTOR('',#6100,1.0);
#6098=DIRECTION('',(0,0,-1));
#6099=DIRECTION('',(0.10271696786403099,-0.07872571878733732,0.9915903820198321));
#6100=DIRECTION('',(-0.7936957354238543,0.608314950967003,0));
#6101=FACE_SURFACE('',(#6106),#6102,.T.);
#6102=PLANE('',#6103);
#6103=AXIS2_PLACEMENT_3D('',#440,#6104,#6105);
#6104=DIRECTION('',(-0.608314950967003,-0.7936957354238543,-0));
#6105=DIRECTION('',(-0.10271696786403099,0.07872571878733732,-0.9915903820198321));
#6106=FACE_BOUND('',#6107,.T.);
#6107=EDGE_LOOP('',(#6108,#6109,#6110));
#6108=ORIENTED_EDGE('',*,*,#6111,.T.);
#6109=ORIENTED_EDGE('',*,*,#6112,.T.);
#6110=ORIENTED_EDGE('',*,*,#6113,.T.);
#6111=EDGE_CURVE('',#441,#439,#6114,.F.);
#6112=EDGE_CURVE('',#439,#443,#6115,.T.);
#6113=EDGE_CURVE('',#443,#441,#6116,.T.);
#6114=LINE('',#440,#6117);
#6115=LINE('',#438,#6118);
#6116=LINE('',#442,#6119);
#6117=VECTOR('',#6120,1.0);
#6118=VECTOR('',#6121,1.0);
#6119=VECTOR('',#6122,1.0);
#6120=DIRECTION('',(-0.10271696786403099,0.07872571878733732,-0.9915903820198321));
#6121=DIRECTION('',(0.7936957354238543,-0.608314950967003,0));
#6122=DIRECTION('',(0,0,1));
#6123=FACE_SURFACE('',(#6128),#6124,.T.);
#6124=PLANE('',#6125);
#6125=AXIS2_PLACEMENT_3D('',#440,#6126,#6127);
#6126=DIRECTION('',(-0.7929981599821276,-0.6092240296187931,-0));
#6127=DIRECTION('',(0,0,-1));
#6128=FACE_BOUND('',#6129,.T.);
#6129=EDGE_LOOP('',(#6130,#6131,#6132));
#6130=ORIENTED_EDGE('',*,*,#6133,.T.);
#6131=ORIENTED_EDGE('',*,*,#6134,.T.);
#6132=ORIENTED_EDGE('',*,*,#6135,.T.);
#6133=EDGE_CURVE('',#441,#443,#6136,.F.);
#6134=EDGE_CURVE('',#443,#445,#6137,.T.);
#6135=EDGE_CURVE('',#445,#441,#6138,.T.);
#6136=LINE('',#440,#6139);
#6137=LINE('',#442,#6140);
#6138=LINE('',#444,#6141);
#6139=VECTOR('',#6142,1.0);
#6140=VECTOR('',#6143,1.0);
#6141=VECTOR('',#6144,1.0);
#6142=DIRECTION('',(0,0,-1));
#6143=DIRECTION('',(0.07884298642039575,-0.10262619351700805,0.991590463798701));
#6144=DIRECTION('',(-0.6092240296187931,0.7929981599821276,0));
#6145=FACE_SURFACE('',(#6150),#6146,.T.);
#6146=PLANE('',#6147);
#6147=AXIS2_PLACEMENT_3D('',#444,#6148,#6149);
#6148=DIRECTION('',(-0.7929981599821276,-0.6092240296187931,-0));
#6149=DIRECTION('',(-0.07884298642039575,0.10262619351700805,-0.991590463798701));
#6150=FACE_BOUND('',#6151,.T.);
#6151=EDGE_LOOP('',(#6152,#6153,#6154));
#6152=ORIENTED_EDGE('',*,*,#6155,.T.);
#6153=ORIENTED_EDGE('',*,*,#6156,.T.);
#6154=ORIENTED_EDGE('',*,*,#6157,.T.);
#6155=EDGE_CURVE('',#445,#443,#6158,.F.);
#6156=EDGE_CURVE('',#443,#447,#6159,.T.);
#6157=EDGE_CURVE('',#447,#445,#6160,.T.);
#6158=LINE('',#444,#6161);
#6159=LINE('',#442,#6162);
#6160=LINE('',#446,#6163);
#6161=VECTOR('',#6164,1.0);
#6162=VECTOR('',#6165,1.0);
#6163=VECTOR('',#6166,1.0);
#6164=DIRECTION('',(-0.07884298642039575,0.10262619351700805,-0.991590463798701));
#6165=DIRECTION('',(0.6092240296187931,-0.7929981599821276,0));
#6166=DIRECTION('',(0,0,1));
#6167=FACE_SURFACE('',(#6172),#6168,.T.);
#6168=PLANE('',#6169);
#6169=AXIS2_PLACEMENT_3D('',#444,#6170,#6171);
#6170=DIRECTION('',(-0.9236475010308497,-0.3832431262781716,-0));
#6171=DIRECTION('',(0,0,-1));
#6172=FACE_BOUND('',#6173,.T.);
#6173=EDGE_LOOP('',(#6174,#6175,#6176));
#6174=ORIENTED_EDGE('',*,*,#6177,.T.);
#6175=ORIENTED_EDGE('',*,*,#6178,.T.);
#6176=ORIENTED_EDGE('',*,*,#6179,.T.);
#6177=EDGE_CURVE('',#445,#447,#6180,.F.);
#6178=EDGE_CURVE('',#447,#449,#6181,.T.);
#6179=EDGE_CURVE('',#449,#445,#6182,.T.);
#6180=LINE('',#444,#6183);
#6181=LINE('',#446,#6184);
#6182=LINE('',#448,#6185);
#6183=VECTOR('',#6186,1.0);
#6184=VECTOR('',#6187,1.0);
#6185=VECTOR('',#6188,1.0);
#6186=DIRECTION('',(0,0,-1));
#6187=DIRECTION('',(0.04959767794691485,-0.11953448907874133,0.991590427678161));
#6188=DIRECTION('',(-0.3832431262781716,0.9236475010308497,0));
#6189=FACE_SURFACE('',(#6194),#6190,.T.);
#6190=PLANE('',#6191);
#6191=AXIS2_PLACEMENT_3D('',#448,#6192,#6193);
#6192=DIRECTION('',(-0.9236475010308497,-0.3832431262781716,-0));
#6193=DIRECTION('',(-0.04959767794691485,0.11953448907874133,-0.991590427678161));
#6194=FACE_BOUND('',#6195,.T.);
#6195=EDGE_LOOP('',(#6196,#6197,#6198));
#6196=ORIENTED_EDGE('',*,*,#6199,.T.);
#6197=ORIENTED_EDGE('',*,*,#6200,.T.);
#6198=ORIENTED_EDGE('',*,*,#6201,.T.);
#6199=EDGE_CURVE('',#449,#447,#6202,.F.);
#6200=EDGE_CURVE('',#447,#451,#6203,.T.);
#6201=EDGE_CURVE('',#451,#449,#6204,.T.);
#6202=LINE('',#448,#6205);
#6203=LINE('',#446,#6206);
#6204=LINE('',#450,#6207);
#6205=VECTOR('',#6208,1.0);
#6206=VECTOR('',#6209,1.0);
#6207=VECTOR('',#6210,1.0);
#6208=DIRECTION('',(-0.04959767794691485,0.11953448907874133,-0.991590427678161));
#6209=DIRECTION('',(0.3832431262781716,-0.9236475010308497,0));
#6210=DIRECTION('',(0,0,1));
#6211=FACE_SURFACE('',(#6216),#6212,.T.);
#6212=PLANE('',#6213);
#6213=AXIS2_PLACEMENT_3D('',#448,#6214,#6215);
#6214=DIRECTION('',(-0.991362675491509,-0.13114894449562617,-0));
#6215=DIRECTION('',(0,0,-1));
#6216=FACE_BOUND('',#6217,.T.);
#6217=EDGE_LOOP('',(#6218,#6219,#6220));
#6218=ORIENTED_EDGE('',*,*,#6221,.T.);
#6219=ORIENTED_EDGE('',*,*,#6222,.T.);
#6220=ORIENTED_EDGE('',*,*,#6223,.T.);
#6221=EDGE_CURVE('',#449,#451,#6224,.F.);
#6222=EDGE_CURVE('',#451,#61,#6225,.T.);
#6223=EDGE_CURVE('',#61,#449,#6226,.T.);
#6224=LINE('',#448,#6227);
#6225=LINE('',#450,#6228);
#6226=LINE('',#60,#6229);
#6227=VECTOR('',#6230,1.0);
#6228=VECTOR('',#6231,1.0);
#6229=VECTOR('',#6232,1.0);
#6230=DIRECTION('',(0,0,-1));
#6231=DIRECTION('',(0.016972605951735355,-0.1282969383481132,0.991590553735617));
#6232=DIRECTION('',(-0.13114894449562617,0.991362675491509,0));
#6233=FACE_SURFACE('',(#6238),#6234,.T.);
#6234=PLANE('',#6235);
#6235=AXIS2_PLACEMENT_3D('',#60,#6236,#6237);
#6236=DIRECTION('',(-0.991362675491509,-0.13114894449562617,-0));
#6237=DIRECTION('',(-0.016972605951735355,0.1282969383481132,-0.991590553735617));
#6238=FACE_BOUND('',#6239,.T.);
#6239=EDGE_LOOP('',(#6240,#6241,#6242));
#6240=ORIENTED_EDGE('',*,*,#6243,.T.);
#6241=ORIENTED_EDGE('',*,*,#6244,.T.);
#6242=ORIENTED_EDGE('',*,*,#6245,.T.);
#6243=EDGE_CURVE('',#61,#451,#6246,.F.);
#6244=EDGE_CURVE('',#451,#63,#6247,.T.);
#6245=EDGE_CURVE('',#63,#61,#6248,.T.);
#6246=LINE('',#60,#6249);
#6247=LINE('',#450,#6250);
#6248=LINE('',#62,#6251);
#6249=VECTOR('',#6252,1.0);
#6250=VECTOR('',#6253,1.0);
#6251=VECTOR('',#6254,1.0);
#6252=DIRECTION('',(-0.016972605951735355,0.1282969383481132,-0.991590553735617));
#6253=DIRECTION('',(0.13114894449562617,-0.991362675491509,0));
#6254=DIRECTION('',(0,0,1));
#6255=FACE_SURFACE('',(#6260),#6256,.T.);
#6256=PLANE('',#6257);
#6257=AXIS2_PLACEMENT_3D('',#74,#6258,#6259);
#6258=DIRECTION('',(0,0,-1));
#6259=DIRECTION('',(-0.6745283271660449,0.738248966034208,0));
#6260=FACE_BOUND('',#6261,.T.);
#6261=EDGE_LOOP('',(#6262,#6263,#6264));
#6262=ORIENTED_EDGE('',*,*,#6265,.T.);
#6263=ORIENTED_EDGE('',*,*,#6266,.T.);
#6264=ORIENTED_EDGE('',*,*,#6267,.T.);
#6265=EDGE_CURVE('',#75,#367,#6268,.F.);
#6266=EDGE_CURVE('',#367,#69,#6269,.T.);
#6267=EDGE_CURVE('',#69,#75,#6270,.T.);
#6268=LINE('',#74,#6271);
#6269=LINE('',#366,#6272);
#6270=LINE('',#68,#6273);
#6271=VECTOR('',#6274,1.0);
#6272=VECTOR('',#6275,1.0);
#6273=VECTOR('',#6276,1.0);
#6274=DIRECTION('',(-0.6745283271660449,0.738248966034208,0));
#6275=DIRECTION('',(0.9973511286807428,0.07273737773145426,0));
#6276=DIRECTION('',(0,-1,0));
#6277=FACE_SURFACE('',(#6282),#6278,.T.);
#6278=PLANE('',#6279);
#6279=AXIS2_PLACEMENT_3D('',#68,#6280,#6281);
#6280=DIRECTION('',(0,0,-1));
#6281=DIRECTION('',(-0.9973511286807428,-0.07273737773145426,0));
#6282=FACE_BOUND('',#6283,.T.);
#6283=EDGE_LOOP('',(#6284,#6285,#6286));
#6284=ORIENTED_EDGE('',*,*,#6287,.T.);
#6285=ORIENTED_EDGE('',*,*,#6288,.T.);
#6286=ORIENTED_EDGE('',*,*,#6289,.T.);
#6287=EDGE_CURVE('',#69,#367,#6290,.F.);
#6288=EDGE_CURVE('',#367,#363,#6291,.T.);
#6289=EDGE_CURVE('',#363,#69,#6292,.T.);
#6290=LINE('',#68,#6293);
#6291=LINE('',#366,#6294);
#6292=LINE('',#362,#6295);
#6293=VECTOR('',#6296,1.0);
#6294=VECTOR('',#6297,1.0);
#6295=VECTOR('',#6298,1.0);
#6296=DIRECTION('',(-0.9973511286807428,-0.07273737773145426,0));
#6297=DIRECTION('',(0.38264650758022895,0.9238948263934883,0));
#6298=DIRECTION('',(0.997561214992533,0.06979700812084329,0));
#6299=FACE_SURFACE('',(#6304),#6300,.T.);
#6300=PLANE('',#6301);
#6301=AXIS2_PLACEMENT_3D('',#68,#6302,#6303);
#6302=DIRECTION('',(0,0,-1));
#6303=DIRECTION('',(-0.997561214992533,-0.06979700812084329,0));
#6304=FACE_BOUND('',#6305,.T.);
#6305=EDGE_LOOP('',(#6306,#6307,#6308));
#6306=ORIENTED_EDGE('',*,*,#6309,.T.);
#6307=ORIENTED_EDGE('',*,*,#6310,.T.);
#6308=ORIENTED_EDGE('',*,*,#6311,.T.);
#6309=EDGE_CURVE('',#69,#363,#6312,.F.);
#6310=EDGE_CURVE('',#363,#67,#6313,.T.);
#6311=EDGE_CURVE('',#67,#69,#6314,.T.);
#6312=LINE('',#68,#6315);
#6313=LINE('',#362,#6316);
#6314=LINE('',#66,#6317);
#6315=VECTOR('',#6318,1.0);
#6316=VECTOR('',#6319,1.0);
#6317=VECTOR('',#6320,1.0);
#6318=DIRECTION('',(-0.997561214992533,-0.06979700812084329,0));
#6319=DIRECTION('',(0.13051991331804294,0.9914456879867148,0));
#6320=DIRECTION('',(0.997781767292833,0.06656984946648886,0));
#6321=FACE_SURFACE('',(#6326),#6322,.T.);
#6322=PLANE('',#6323);
#6323=AXIS2_PLACEMENT_3D('',#452,#6324,#6325);
#6324=DIRECTION('',(0,0,-1));
#6325=DIRECTION('',(0.5371944990278209,0.8434583986268964,0));
#6326=FACE_BOUND('',#6327,.T.);
#6327=EDGE_LOOP('',(#6328,#6329,#6330));
#6328=ORIENTED_EDGE('',*,*,#6331,.T.);
#6329=ORIENTED_EDGE('',*,*,#6332,.T.);
#6330=ORIENTED_EDGE('',*,*,#6333,.T.);
#6331=EDGE_CURVE('',#453,#215,#6334,.F.);
#6332=EDGE_CURVE('',#215,#75,#6335,.T.);
#6333=EDGE_CURVE('',#75,#453,#6336,.T.);
#6334=LINE('',#452,#6337);
#6335=LINE('',#214,#6338);
#6336=LINE('',#74,#6339);
#6337=VECTOR('',#6340,1.0);
#6338=VECTOR('',#6341,1.0);
#6339=VECTOR('',#6342,1.0);
#6340=DIRECTION('',(0.5371944990278209,0.8434583986268964,0));
#6341=DIRECTION('',(0.9983829888579028,-0.0568454708764099,0));
#6342=DIRECTION('',(-1,0,0));
#6343=FACE_SURFACE('',(#6348),#6344,.T.);
#6344=PLANE('',#6345);
#6345=AXIS2_PLACEMENT_3D('',#74,#6346,#6347);
#6346=DIRECTION('',(0,0,-1));
#6347=DIRECTION('',(-0.9983829888579028,0.0568454708764099,0));
#6348=FACE_BOUND('',#6349,.T.);
#6349=EDGE_LOOP('',(#6350,#6351,#6352));
#6350=ORIENTED_EDGE('',*,*,#6353,.T.);
#6351=ORIENTED_EDGE('',*,*,#6354,.T.);
#6352=ORIENTED_EDGE('',*,*,#6355,.T.);
#6353=EDGE_CURVE('',#75,#215,#6356,.F.);
#6354=EDGE_CURVE('',#215,#219,#6357,.T.);
#6355=EDGE_CURVE('',#219,#75,#6358,.T.);
#6356=LINE('',#74,#6359);
#6357=LINE('',#214,#6360);
#6358=LINE('',#218,#6361);
#6359=VECTOR('',#6362,1.0);
#6360=VECTOR('',#6363,1.0);
#6361=VECTOR('',#6364,1.0);
#6362=DIRECTION('',(-0.9983829888579028,0.0568454708764099,0));
#6363=DIRECTION('',(0.3826804604958138,0.9238807634942466,0));
#6364=DIRECTION('',(0.9982009603862531,-0.05995700696300641,0));
#6365=FACE_SURFACE('',(#6370),#6366,.T.);
#6366=PLANE('',#6367);
#6367=AXIS2_PLACEMENT_3D('',#74,#6368,#6369);
#6368=DIRECTION('',(0,0,-1));
#6369=DIRECTION('',(-0.9982009603862531,0.05995700696300641,0));
#6370=FACE_BOUND('',#6371,.T.);
#6371=EDGE_LOOP('',(#6372,#6373,#6374));
#6372=ORIENTED_EDGE('',*,*,#6375,.T.);
#6373=ORIENTED_EDGE('',*,*,#6376,.T.);
#6374=ORIENTED_EDGE('',*,*,#6377,.T.);
#6375=EDGE_CURVE('',#75,#219,#6378,.F.);
#6376=EDGE_CURVE('',#219,#223,#6379,.T.);
#6377=EDGE_CURVE('',#223,#75,#6380,.T.);
#6378=LINE('',#74,#6381);
#6379=LINE('',#218,#6382);
#6380=LINE('',#222,#6383);
#6381=VECTOR('',#6384,1.0);
#6382=VECTOR('',#6385,1.0);
#6383=VECTOR('',#6386,1.0);
#6384=DIRECTION('',(-0.9982009603862531,0.05995700696300641,0));
#6385=DIRECTION('',(0.13052104055558156,0.9914455395896884,0));
#6386=DIRECTION('',(0.9979980633997121,-0.06324448948663026,0));
#6387=FACE_SURFACE('',(#6392),#6388,.T.);
#6388=PLANE('',#6389);
#6389=AXIS2_PLACEMENT_3D('',#454,#6390,#6391);
#6390=DIRECTION('',(0,0,-1));
#6391=DIRECTION('',(0.184040915758165,-0.9829185832646038,0));
#6392=FACE_BOUND('',#6393,.T.);
#6393=EDGE_LOOP('',(#6394,#6395,#6396));
#6394=ORIENTED_EDGE('',*,*,#6397,.T.);
#6395=ORIENTED_EDGE('',*,*,#6398,.T.);
#6396=ORIENTED_EDGE('',*,*,#6399,.T.);
#6397=EDGE_CURVE('',#455,#403,#6400,.F.);
#6398=EDGE_CURVE('',#403,#453,#6401,.T.);
#6399=EDGE_CURVE('',#453,#455,#6402,.T.);
#6400=LINE('',#454,#6403);
#6401=LINE('',#402,#6404);
#6402=LINE('',#452,#6405);
#6403=VECTOR('',#6406,1.0);
#6404=VECTOR('',#6407,1.0);
#6405=VECTOR('',#6408,1.0);
#6406=DIRECTION('',(0.184040915758165,-0.9829185832646038,0));
#6407=DIRECTION('',(-0.011921432082581333,-0.9999289372035897,0));
#6408=DIRECTION('',(0,1,0));
#6409=FACE_SURFACE('',(#6414),#6410,.T.);
#6410=PLANE('',#6411);
#6411=AXIS2_PLACEMENT_3D('',#452,#6412,#6413);
#6412=DIRECTION('',(0,0,-1));
#6413=DIRECTION('',(0.011921432082581333,0.9999289372035897,0));
#6414=FACE_BOUND('',#6415,.T.);
#6415=EDGE_LOOP('',(#6416,#6417,#6418));
#6416=ORIENTED_EDGE('',*,*,#6419,.T.);
#6417=ORIENTED_EDGE('',*,*,#6420,.T.);
#6418=ORIENTED_EDGE('',*,*,#6421,.T.);
#6419=EDGE_CURVE('',#453,#403,#6422,.F.);
#6420=EDGE_CURVE('',#403,#171,#6423,.T.);
#6421=EDGE_CURVE('',#171,#453,#6424,.T.);
#6422=LINE('',#452,#6425);
#6423=LINE('',#402,#6426);
#6424=LINE('',#170,#6427);
#6425=VECTOR('',#6428,1.0);
#6426=VECTOR('',#6429,1.0);
#6427=VECTOR('',#6430,1.0);
#6428=DIRECTION('',(0.011921432082581333,0.9999289372035897,0));
#6429=DIRECTION('',(-8.895115677932807E-07,-0.9999999999996044,0));
#6430=DIRECTION('',(-0.1929418885311634,-0.9812101852559564,0));
#6431=FACE_SURFACE('',(#6436),#6432,.T.);
#6432=PLANE('',#6433);
#6433=AXIS2_PLACEMENT_3D('',#452,#6434,#6435);
#6434=DIRECTION('',(0,0,-1));
#6435=DIRECTION('',(0.1929418885311634,0.9812101852559564,0));
#6436=FACE_BOUND('',#6437,.T.);
#6437=EDGE_LOOP('',(#6438,#6439,#6440));
#6438=ORIENTED_EDGE('',*,*,#6441,.T.);
#6439=ORIENTED_EDGE('',*,*,#6442,.T.);
#6440=ORIENTED_EDGE('',*,*,#6443,.T.);
#6441=EDGE_CURVE('',#453,#171,#6444,.F.);
#6442=EDGE_CURVE('',#171,#175,#6445,.T.);
#6443=EDGE_CURVE('',#175,#453,#6446,.T.);
#6444=LINE('',#452,#6447);
#6445=LINE('',#170,#6448);
#6446=LINE('',#174,#6449);
#6447=VECTOR('',#6450,1.0);
#6448=VECTOR('',#6451,1.0);
#6449=VECTOR('',#6452,1.0);
#6450=DIRECTION('',(0.1929418885311634,0.9812101852559564,0));
#6451=DIRECTION('',(-0.13053540432077632,-0.9914436485342026,0));
#6452=DIRECTION('',(-0.19611613513818404,-0.9805806756909202,0));
#6453=FACE_SURFACE('',(#6458),#6454,.T.);
#6454=PLANE('',#6455);
#6455=AXIS2_PLACEMENT_3D('',#68,#6456,#6457);
#6456=DIRECTION('',(-0,0,-1));
#6457=DIRECTION('',(-0.9981886030001228,-0.06016238725868023,0));
#6458=FACE_BOUND('',#6459,.T.);
#6459=EDGE_LOOP('',(#6460,#6461,#6462));
#6460=ORIENTED_EDGE('',*,*,#6463,.T.);
#6461=ORIENTED_EDGE('',*,*,#6464,.T.);
#6462=ORIENTED_EDGE('',*,*,#6465,.T.);
#6463=EDGE_CURVE('',#69,#447,#6466,.F.);
#6464=EDGE_CURVE('',#447,#455,#6467,.T.);
#6465=EDGE_CURVE('',#455,#69,#6468,.T.);
#6466=LINE('',#68,#6469);
#6467=LINE('',#446,#6470);
#6468=LINE('',#454,#6471);
#6469=VECTOR('',#6472,1.0);
#6470=VECTOR('',#6473,1.0);
#6471=VECTOR('',#6474,1.0);
#6472=DIRECTION('',(-0.9981886030001228,-0.06016238725868023,0));
#6473=DIRECTION('',(-0.5155026135851585,0.856888006326889,0));
#6474=DIRECTION('',(1,0,0));
#6475=FACE_SURFACE('',(#6480),#6476,.T.);
#6476=PLANE('',#6477);
#6477=AXIS2_PLACEMENT_3D('',#454,#6478,#6479);
#6478=DIRECTION('',(0,0,-1));
#6479=DIRECTION('',(0.5155026135851585,-0.856888006326889,0));
#6480=FACE_BOUND('',#6481,.T.);
#6481=EDGE_LOOP('',(#6482,#6483,#6484));
#6482=ORIENTED_EDGE('',*,*,#6485,.T.);
#6483=ORIENTED_EDGE('',*,*,#6486,.T.);
#6484=ORIENTED_EDGE('',*,*,#6487,.T.);
#6485=EDGE_CURVE('',#455,#447,#6488,.F.);
#6486=EDGE_CURVE('',#447,#443,#6489,.T.);
#6487=EDGE_CURVE('',#443,#455,#6490,.T.);
#6488=LINE('',#454,#6491);
#6489=LINE('',#446,#6492);
#6490=LINE('',#442,#6493);
#6491=VECTOR('',#6494,1.0);
#6492=VECTOR('',#6495,1.0);
#6493=VECTOR('',#6496,1.0);
#6494=DIRECTION('',(0.5155026135851585,-0.856888006326889,0));
#6495=DIRECTION('',(-0.6092240296187931,0.7929981599821276,0));
#6496=DIRECTION('',(-0.5107153232866515,0.8597498813958692,0));
#6497=FACE_SURFACE('',(#6502),#6498,.T.);
#6498=PLANE('',#6499);
#6499=AXIS2_PLACEMENT_3D('',#454,#6500,#6501);
#6500=DIRECTION('',(0,0,-1));
#6501=DIRECTION('',(0.5107153232866515,-0.8597498813958692,0));
#6502=FACE_BOUND('',#6503,.T.);
#6503=EDGE_LOOP('',(#6504,#6505,#6506));
#6504=ORIENTED_EDGE('',*,*,#6507,.T.);
#6505=ORIENTED_EDGE('',*,*,#6508,.T.);
#6506=ORIENTED_EDGE('',*,*,#6509,.T.);
#6507=EDGE_CURVE('',#455,#443,#6510,.F.);
#6508=EDGE_CURVE('',#443,#439,#6511,.T.);
#6509=EDGE_CURVE('',#439,#455,#6512,.T.);
#6510=LINE('',#454,#6513);
#6511=LINE('',#442,#6514);
#6512=LINE('',#438,#6515);
#6513=VECTOR('',#6516,1.0);
#6514=VECTOR('',#6517,1.0);
#6515=VECTOR('',#6518,1.0);
#6516=DIRECTION('',(0.5107153232866515,-0.8597498813958692,0));
#6517=DIRECTION('',(-0.7936957354238543,0.608314950967003,0));
#6518=DIRECTION('',(-0.49413066253570054,0.8693876513627449,0));
#6519=FACE_SURFACE('',(#6524),#6520,.T.);
#6520=PLANE('',#6521);
#6521=AXIS2_PLACEMENT_3D('',#66,#6522,#6523);
#6522=DIRECTION('',(0,0,-1));
#6523=DIRECTION('',(-0.005847853223158801,0.9999829011601551,0));
#6524=FACE_BOUND('',#6525,.T.);
#6525=EDGE_LOOP('',(#6526,#6527,#6528));
#6526=ORIENTED_EDGE('',*,*,#6529,.T.);
#6527=ORIENTED_EDGE('',*,*,#6530,.T.);
#6528=ORIENTED_EDGE('',*,*,#6531,.T.);
#6529=EDGE_CURVE('',#67,#63,#6532,.F.);
#6530=EDGE_CURVE('',#63,#69,#6533,.T.);
#6531=EDGE_CURVE('',#69,#67,#6534,.T.);
#6532=LINE('',#66,#6535);
#6533=LINE('',#62,#6536);
#6534=LINE('',#68,#6537);
#6535=VECTOR('',#6538,1.0);
#6536=VECTOR('',#6539,1.0);
#6537=VECTOR('',#6540,1.0);
#6538=DIRECTION('',(-0.005847853223158801,0.9999829011601551,0));
#6539=DIRECTION('',(0.9977823154065976,0.06656163355754553,0));
#6540=DIRECTION('',(-0.997781767292833,-0.06656984946648886,0));
#6541=FACE_SURFACE('',(#6546),#6542,.T.);
#6542=PLANE('',#6543);
#6543=AXIS2_PLACEMENT_3D('',#68,#6544,#6545);
#6544=DIRECTION('',(0,0,-1));
#6545=DIRECTION('',(-0.9977823154065976,-0.06656163355754553,0));
#6546=FACE_BOUND('',#6547,.T.);
#6547=EDGE_LOOP('',(#6548,#6549,#6550));
#6548=ORIENTED_EDGE('',*,*,#6551,.T.);
#6549=ORIENTED_EDGE('',*,*,#6552,.T.);
#6550=ORIENTED_EDGE('',*,*,#6553,.T.);
#6551=EDGE_CURVE('',#69,#63,#6554,.F.);
#6552=EDGE_CURVE('',#63,#451,#6555,.T.);
#6553=EDGE_CURVE('',#451,#69,#6556,.T.);
#6554=LINE('',#68,#6557);
#6555=LINE('',#62,#6558);
#6556=LINE('',#450,#6559);
#6557=VECTOR('',#6560,1.0);
#6558=VECTOR('',#6561,1.0);
#6559=VECTOR('',#6562,1.0);
#6560=DIRECTION('',(-0.9977823154065976,-0.06656163355754553,0));
#6561=DIRECTION('',(-0.13114894449562617,0.991362675491509,0));
#6562=DIRECTION('',(0.9979961108429632,0.06327529330093884,0));
#6563=FACE_SURFACE('',(#6568),#6564,.T.);
#6564=PLANE('',#6565);
#6565=AXIS2_PLACEMENT_3D('',#68,#6566,#6567);
#6566=DIRECTION('',(0,0,-1));
#6567=DIRECTION('',(-0.9979961108429632,-0.06327529330093884,0));
#6568=FACE_BOUND('',#6569,.T.);
#6569=EDGE_LOOP('',(#6570,#6571,#6572));
#6570=ORIENTED_EDGE('',*,*,#6573,.T.);
#6571=ORIENTED_EDGE('',*,*,#6574,.T.);
#6572=ORIENTED_EDGE('',*,*,#6575,.T.);
#6573=EDGE_CURVE('',#69,#451,#6576,.F.);
#6574=EDGE_CURVE('',#451,#447,#6577,.T.);
#6575=EDGE_CURVE('',#447,#69,#6578,.T.);
#6576=LINE('',#68,#6579);
#6577=LINE('',#450,#6580);
#6578=LINE('',#446,#6581);
#6579=VECTOR('',#6582,1.0);
#6580=VECTOR('',#6583,1.0);
#6581=VECTOR('',#6584,1.0);
#6582=DIRECTION('',(-0.9979961108429632,-0.06327529330093884,0));
#6583=DIRECTION('',(-0.3832431262781716,0.9236475010308497,0));
#6584=DIRECTION('',(0.9981886030001228,0.06016238725868023,0));
#6585=FACE_SURFACE('',(#6590),#6586,.T.);
#6586=PLANE('',#6587);
#6587=AXIS2_PLACEMENT_3D('',#438,#6588,#6589);
#6588=DIRECTION('',(0,0,-1));
#6589=DIRECTION('',(-0.9240816268599302,0.3821951685983283,0));
#6590=FACE_BOUND('',#6591,.T.);
#6591=EDGE_LOOP('',(#6592,#6593,#6594));
#6592=ORIENTED_EDGE('',*,*,#6595,.T.);
#6593=ORIENTED_EDGE('',*,*,#6596,.T.);
#6594=ORIENTED_EDGE('',*,*,#6597,.T.);
#6595=EDGE_CURVE('',#439,#435,#6598,.F.);
#6596=EDGE_CURVE('',#435,#455,#6599,.T.);
#6597=EDGE_CURVE('',#455,#439,#6600,.T.);
#6598=LINE('',#438,#6601);
#6599=LINE('',#434,#6602);
#6600=LINE('',#454,#6603);
#6601=VECTOR('',#6604,1.0);
#6602=VECTOR('',#6605,1.0);
#6603=VECTOR('',#6606,1.0);
#6604=DIRECTION('',(-0.9240816268599302,0.3821951685983283,0));
#6605=DIRECTION('',(-0.46513769574020675,0.8852383430475043,0));
#6606=DIRECTION('',(0.49413066253570054,-0.8693876513627449,0));
#6607=FACE_SURFACE('',(#6612),#6608,.T.);
#6608=PLANE('',#6609);
#6609=AXIS2_PLACEMENT_3D('',#454,#6610,#6611);
#6610=DIRECTION('',(0,0,-1));
#6611=DIRECTION('',(0.46513769574020675,-0.8852383430475043,0));
#6612=FACE_BOUND('',#6613,.T.);
#6613=EDGE_LOOP('',(#6614,#6615,#6616));
#6614=ORIENTED_EDGE('',*,*,#6617,.T.);
#6615=ORIENTED_EDGE('',*,*,#6618,.T.);
#6616=ORIENTED_EDGE('',*,*,#6619,.T.);
#6617=EDGE_CURVE('',#455,#435,#6620,.F.);
#6618=EDGE_CURVE('',#435,#431,#6621,.T.);
#6619=EDGE_CURVE('',#431,#455,#6622,.T.);
#6620=LINE('',#454,#6623);
#6621=LINE('',#434,#6624);
#6622=LINE('',#430,#6625);
#6623=VECTOR('',#6626,1.0);
#6624=VECTOR('',#6627,1.0);
#6625=VECTOR('',#6628,1.0);
#6626=DIRECTION('',(0.46513769574020675,-0.8852383430475043,0));
#6627=DIRECTION('',(-0.9915108587763359,0.1300239090652673,0));
#6628=DIRECTION('',(-0.42456336622582813,0.9053982262292065,0));
#6629=FACE_SURFACE('',(#6634),#6630,.T.);
#6630=PLANE('',#6631);
#6631=AXIS2_PLACEMENT_3D('',#454,#6632,#6633);
#6632=DIRECTION('',(0,0,-1));
#6633=DIRECTION('',(0.42456336622582813,-0.9053982262292065,0));
#6634=FACE_BOUND('',#6635,.T.);
#6635=EDGE_LOOP('',(#6636,#6637,#6638));
#6636=ORIENTED_EDGE('',*,*,#6639,.T.);
#6637=ORIENTED_EDGE('',*,*,#6640,.T.);
#6638=ORIENTED_EDGE('',*,*,#6641,.T.);
#6639=EDGE_CURVE('',#455,#431,#6642,.F.);
#6640=EDGE_CURVE('',#431,#427,#6643,.T.);
#6641=EDGE_CURVE('',#427,#455,#6644,.T.);
#6642=LINE('',#454,#6645);
#6643=LINE('',#430,#6646);
#6644=LINE('',#426,#6647);
#6645=VECTOR('',#6648,1.0);
#6646=VECTOR('',#6649,1.0);
#6647=VECTOR('',#6650,1.0);
#6648=DIRECTION('',(0.42456336622582813,-0.9053982262292065,0));
#6649=DIRECTION('',(-0.9913840659367756,-0.13098715130373276,0));
#6650=DIRECTION('',(-0.37537333974099907,0.9268737000323661,0));
#6651=FACE_SURFACE('',(#6656),#6652,.T.);
#6652=PLANE('',#6653);
#6653=AXIS2_PLACEMENT_3D('',#426,#6654,#6655);
#6654=DIRECTION('',(-0,0,-1));
#6655=DIRECTION('',(-0.9237078071984693,-0.3830977511296503,0));
#6656=FACE_BOUND('',#6657,.T.);
#6657=EDGE_LOOP('',(#6658,#6659,#6660));
#6658=ORIENTED_EDGE('',*,*,#6661,.T.);
#6659=ORIENTED_EDGE('',*,*,#6662,.T.);
#6660=ORIENTED_EDGE('',*,*,#6663,.T.);
#6661=EDGE_CURVE('',#427,#423,#6664,.F.);
#6662=EDGE_CURVE('',#423,#455,#6665,.T.);
#6663=EDGE_CURVE('',#455,#427,#6666,.T.);
#6664=LINE('',#426,#6667);
#6665=LINE('',#422,#6668);
#6666=LINE('',#454,#6669);
#6667=VECTOR('',#6670,1.0);
#6668=VECTOR('',#6671,1.0);
#6669=VECTOR('',#6672,1.0);
#6670=DIRECTION('',(-0.9237078071984693,-0.3830977511296503,0));
#6671=DIRECTION('',(-0.32271760297116264,0.9464952977868126,0));
#6672=DIRECTION('',(0.37537333974099907,-0.9268737000323661,0));
#6673=FACE_SURFACE('',(#6678),#6674,.T.);
#6674=PLANE('',#6675);
#6675=AXIS2_PLACEMENT_3D('',#454,#6676,#6677);
#6676=DIRECTION('',(0,0,-1));
#6677=DIRECTION('',(0.32271760297116264,-0.9464952977868126,0));
#6678=FACE_BOUND('',#6679,.T.);
#6679=EDGE_LOOP('',(#6680,#6681,#6682));
#6680=ORIENTED_EDGE('',*,*,#6683,.T.);
#6681=ORIENTED_EDGE('',*,*,#6684,.T.);
#6682=ORIENTED_EDGE('',*,*,#6685,.T.);
#6683=EDGE_CURVE('',#455,#423,#6686,.F.);
#6684=EDGE_CURVE('',#423,#419,#6687,.T.);
#6685=EDGE_CURVE('',#419,#455,#6688,.T.);
#6686=LINE('',#454,#6689);
#6687=LINE('',#422,#6690);
#6688=LINE('',#418,#6691);
#6689=VECTOR('',#6692,1.0);
#6690=VECTOR('',#6693,1.0);
#6691=VECTOR('',#6694,1.0);
#6692=DIRECTION('',(0.32271760297116264,-0.9464952977868126,0));
#6693=DIRECTION('',(-0.7930996608673198,-0.6090918879217998,0));
#6694=DIRECTION('',(-0.2728744172267785,0.9620496621397183,0));
#6695=FACE_SURFACE('',(#6700),#6696,.T.);
#6696=PLANE('',#6697);
#6697=AXIS2_PLACEMENT_3D('',#454,#6698,#6699);
#6698=DIRECTION('',(0,0,-1));
#6699=DIRECTION('',(0.2728744172267785,-0.9620496621397183,0));
#6700=FACE_BOUND('',#6701,.T.);
#6701=EDGE_LOOP('',(#6702,#6703,#6704));
#6702=ORIENTED_EDGE('',*,*,#6705,.T.);
#6703=ORIENTED_EDGE('',*,*,#6706,.T.);
#6704=ORIENTED_EDGE('',*,*,#6707,.T.);
#6705=EDGE_CURVE('',#455,#419,#6708,.F.);
#6706=EDGE_CURVE('',#419,#411,#6709,.T.);
#6707=EDGE_CURVE('',#411,#455,#6710,.T.);
#6708=LINE('',#454,#6711);
#6709=LINE('',#418,#6712);
#6710=LINE('',#410,#6713);
#6711=VECTOR('',#6714,1.0);
#6712=VECTOR('',#6715,1.0);
#6713=VECTOR('',#6716,1.0);
#6714=DIRECTION('',(0.2728744172267785,-0.9620496621397183,0));
#6715=DIRECTION('',(-0.6084471906423417,-0.7935943650250056,0));
#6716=DIRECTION('',(-0.23150623492570518,0.9728334200625122,0));
#6717=FACE_SURFACE('',(#6722),#6718,.T.);
#6718=PLANE('',#6719);
#6719=AXIS2_PLACEMENT_3D('',#410,#6720,#6721);
#6720=DIRECTION('',(-0,0,-1));
#6721=DIRECTION('',(-0.382340605673555,-0.9240214614678488,0));
#6722=FACE_BOUND('',#6723,.T.);
#6723=EDGE_LOOP('',(#6724,#6725,#6726));
#6724=ORIENTED_EDGE('',*,*,#6727,.T.);
#6725=ORIENTED_EDGE('',*,*,#6728,.T.);
#6726=ORIENTED_EDGE('',*,*,#6729,.T.);
#6727=EDGE_CURVE('',#411,#409,#6730,.F.);
#6728=EDGE_CURVE('',#409,#455,#6731,.T.);
#6729=EDGE_CURVE('',#455,#411,#6732,.T.);
#6730=LINE('',#410,#6733);
#6731=LINE('',#408,#6734);
#6732=LINE('',#454,#6735);
#6733=VECTOR('',#6736,1.0);
#6734=VECTOR('',#6737,1.0);
#6735=VECTOR('',#6738,1.0);
#6736=DIRECTION('',(-0.382340605673555,-0.9240214614678488,0));
#6737=DIRECTION('',(-0.20229577013943248,0.9793244719620223,0));
#6738=DIRECTION('',(0.23150623492570518,-0.9728334200625122,0));
#6739=FACE_SURFACE('',(#6744),#6740,.T.);
#6740=PLANE('',#6741);
#6741=AXIS2_PLACEMENT_3D('',#454,#6742,#6743);
#6742=DIRECTION('',(0,0,-1));
#6743=DIRECTION('',(0.20229577013943248,-0.9793244719620223,0));
#6744=FACE_BOUND('',#6745,.T.);
#6745=EDGE_LOOP('',(#6746,#6747,#6748));
#6746=ORIENTED_EDGE('',*,*,#6749,.T.);
#6747=ORIENTED_EDGE('',*,*,#6750,.T.);
#6748=ORIENTED_EDGE('',*,*,#6751,.T.);
#6749=EDGE_CURVE('',#455,#409,#6752,.F.);
#6750=EDGE_CURVE('',#409,#407,#6753,.T.);
#6751=EDGE_CURVE('',#407,#455,#6754,.T.);
#6752=LINE('',#454,#6755);
#6753=LINE('',#408,#6756);
#6754=LINE('',#406,#6757);
#6755=VECTOR('',#6758,1.0);
#6756=VECTOR('',#6759,1.0);
#6757=VECTOR('',#6760,1.0);
#6758=DIRECTION('',(0.20229577013943248,-0.9793244719620223,0));
#6759=DIRECTION('',(-0.1301847737002706,-0.9914897501722393,0));
#6760=DIRECTION('',(-0.1866194922352802,0.9824322699900723,0));
#6761=FACE_SURFACE('',(#6766),#6762,.T.);
#6762=PLANE('',#6763);
#6763=AXIS2_PLACEMENT_3D('',#454,#6764,#6765);
#6764=DIRECTION('',(0,0,-1));
#6765=DIRECTION('',(0.1866194922352802,-0.9824322699900723,0));
#6766=FACE_BOUND('',#6767,.T.);
#6767=EDGE_LOOP('',(#6768,#6769,#6770));
#6768=ORIENTED_EDGE('',*,*,#6771,.T.);
#6769=ORIENTED_EDGE('',*,*,#6772,.T.);
#6770=ORIENTED_EDGE('',*,*,#6773,.T.);
#6771=EDGE_CURVE('',#455,#407,#6774,.F.);
#6772=EDGE_CURVE('',#407,#403,#6775,.T.);
#6773=EDGE_CURVE('',#403,#455,#6776,.T.);
#6774=LINE('',#454,#6777);
#6775=LINE('',#406,#6778);
#6776=LINE('',#402,#6779);
#6777=VECTOR('',#6780,1.0);
#6778=VECTOR('',#6781,1.0);
#6779=VECTOR('',#6782,1.0);
#6780=DIRECTION('',(0.1866194922352802,-0.9824322699900723,0));
#6781=DIRECTION('',(0.13082630492357708,-0.9914053045752999,0));
#6782=DIRECTION('',(-0.184040915758165,0.9829185832646038,0));
#6783=FACE_SURFACE('',(#6788),#6784,.T.);
#6784=PLANE('',#6785);
#6785=AXIS2_PLACEMENT_3D('',#170,#6786,#6787);
#6786=DIRECTION('',(0,0,-1));
#6787=DIRECTION('',(8.895115677932807E-07,0.9999999999996044,0));
#6788=FACE_BOUND('',#6789,.T.);
#6789=EDGE_LOOP('',(#6790,#6791,#6792));
#6790=ORIENTED_EDGE('',*,*,#6793,.T.);
#6791=ORIENTED_EDGE('',*,*,#6794,.T.);
#6792=ORIENTED_EDGE('',*,*,#6795,.T.);
#6793=EDGE_CURVE('',#171,#403,#6796,.F.);
#6794=EDGE_CURVE('',#403,#263,#6797,.T.);
#6795=EDGE_CURVE('',#263,#171,#6798,.T.);
#6796=LINE('',#170,#6799);
#6797=LINE('',#402,#6800);
#6798=LINE('',#262,#6801);
#6799=VECTOR('',#6802,1.0);
#6800=VECTOR('',#6803,1.0);
#6801=VECTOR('',#6804,1.0);
#6802=DIRECTION('',(8.895115677932807E-07,0.9999999999996044,0));
#6803=DIRECTION('',(0.0012287744764383213,-0.999999245056358,0));
#6804=DIRECTION('',(-0.3826804604958138,-0.9238807634942466,0));
#6805=FACE_SURFACE('',(#6810),#6806,.T.);
#6806=PLANE('',#6807);
#6807=AXIS2_PLACEMENT_3D('',#262,#6808,#6809);
#6808=DIRECTION('',(0,0,-1));
#6809=DIRECTION('',(-0.0012287744764383213,0.999999245056358,0));
#6810=FACE_BOUND('',#6811,.T.);
#6811=EDGE_LOOP('',(#6812,#6813,#6814));
#6812=ORIENTED_EDGE('',*,*,#6815,.T.);
#6813=ORIENTED_EDGE('',*,*,#6816,.T.);
#6814=ORIENTED_EDGE('',*,*,#6817,.T.);
#6815=EDGE_CURVE('',#263,#403,#6818,.F.);
#6816=EDGE_CURVE('',#403,#399,#6819,.T.);
#6817=EDGE_CURVE('',#399,#263,#6820,.T.);
#6818=LINE('',#262,#6821);
#6819=LINE('',#402,#6822);
#6820=LINE('',#398,#6823);
#6821=VECTOR('',#6824,1.0);
#6822=VECTOR('',#6825,1.0);
#6823=VECTOR('',#6826,1.0);
#6824=DIRECTION('',(-0.0012287744764383213,0.999999245056358,0));
#6825=DIRECTION('',(0.3829523659129473,-0.9237680907249808,0));
#6826=DIRECTION('',(-1.648330714290573E-06,-0.9999999999986415,0));
#6827=FACE_SURFACE('',(#6832),#6828,.T.);
#6828=PLANE('',#6829);
#6829=AXIS2_PLACEMENT_3D('',#262,#6830,#6831);
#6830=DIRECTION('',(0,0,-1));
#6831=DIRECTION('',(1.648330714290573E-06,0.9999999999986415,0));
#6832=FACE_BOUND('',#6833,.T.);
#6833=EDGE_LOOP('',(#6834,#6835,#6836));
#6834=ORIENTED_EDGE('',*,*,#6837,.T.);
#6835=ORIENTED_EDGE('',*,*,#6838,.T.);
#6836=ORIENTED_EDGE('',*,*,#6839,.T.);
#6837=EDGE_CURVE('',#263,#399,#6840,.F.);
#6838=EDGE_CURVE('',#399,#259,#6841,.T.);
#6839=EDGE_CURVE('',#259,#263,#6842,.T.);
#6840=LINE('',#262,#6843);
#6841=LINE('',#398,#6844);
#6842=LINE('',#258,#6845);
#6843=VECTOR('',#6846,1.0);
#6844=VECTOR('',#6847,1.0);
#6845=VECTOR('',#6848,1.0);
#6846=DIRECTION('',(1.648330714290573E-06,0.9999999999986415,0));
#6847=DIRECTION('',(0.001965310373633961,-0.999998068775703,0));
#6848=DIRECTION('',(-0.6087548359754058,-0.7933583992601054,0));
#6849=FACE_SURFACE('',(#6854),#6850,.T.);
#6850=PLANE('',#6851);
#6851=AXIS2_PLACEMENT_3D('',#258,#6852,#6853);
#6852=DIRECTION('',(0,0,-1));
#6853=DIRECTION('',(-0.001965310373633961,0.999998068775703,0));
#6854=FACE_BOUND('',#6855,.T.);
#6855=EDGE_LOOP('',(#6856,#6857,#6858));
#6856=ORIENTED_EDGE('',*,*,#6859,.T.);
#6857=ORIENTED_EDGE('',*,*,#6860,.T.);
#6858=ORIENTED_EDGE('',*,*,#6861,.T.);
#6859=EDGE_CURVE('',#259,#399,#6862,.F.);
#6860=EDGE_CURVE('',#399,#395,#6863,.T.);
#6861=EDGE_CURVE('',#395,#259,#6864,.T.);
#6862=LINE('',#258,#6865);
#6863=LINE('',#398,#6866);
#6864=LINE('',#394,#6867);
#6865=VECTOR('',#6868,1.0);
#6866=VECTOR('',#6869,1.0);
#6867=VECTOR('',#6870,1.0);
#6868=DIRECTION('',(-0.001965310373633961,0.999998068775703,0));
#6869=DIRECTION('',(0.6089632591326786,-0.7931984297932683,0));
#6870=DIRECTION('',(-2.130173935087489E-06,-0.9999999999977311,0));
#6871=FACE_SURFACE('',(#6876),#6872,.T.);
#6872=PLANE('',#6873);
#6873=AXIS2_PLACEMENT_3D('',#258,#6874,#6875);
#6874=DIRECTION('',(0,0,-1));
#6875=DIRECTION('',(2.130173935087489E-06,0.9999999999977311,0));
#6876=FACE_BOUND('',#6877,.T.);
#6877=EDGE_LOOP('',(#6878,#6879,#6880));
#6878=ORIENTED_EDGE('',*,*,#6881,.T.);
#6879=ORIENTED_EDGE('',*,*,#6882,.T.);
#6880=ORIENTED_EDGE('',*,*,#6883,.T.);
#6881=EDGE_CURVE('',#259,#395,#6884,.F.);
#6882=EDGE_CURVE('',#395,#255,#6885,.T.);
#6883=EDGE_CURVE('',#255,#259,#6886,.T.);
#6884=LINE('',#258,#6887);
#6885=LINE('',#394,#6888);
#6886=LINE('',#254,#6889);
#6887=VECTOR('',#6890,1.0);
#6888=VECTOR('',#6891,1.0);
#6889=VECTOR('',#6892,1.0);
#6890=DIRECTION('',(2.130173935087489E-06,0.9999999999977311,0));
#6891=DIRECTION('',(0.0025729665744403506,-0.9999966899160251,0));
#6892=DIRECTION('',(-0.7933513418582181,-0.6087640334084832,0));
#6893=FACE_SURFACE('',(#6898),#6894,.T.);
#6894=PLANE('',#6895);
#6895=AXIS2_PLACEMENT_3D('',#254,#6896,#6897);
#6896=DIRECTION('',(0,0,-1));
#6897=DIRECTION('',(-0.0025729665744403506,0.9999966899160251,0));
#6898=FACE_BOUND('',#6899,.T.);
#6899=EDGE_LOOP('',(#6900,#6901,#6902));
#6900=ORIENTED_EDGE('',*,*,#6903,.T.);
#6901=ORIENTED_EDGE('',*,*,#6904,.T.);
#6902=ORIENTED_EDGE('',*,*,#6905,.T.);
#6903=EDGE_CURVE('',#255,#395,#6906,.F.);
#6904=EDGE_CURVE('',#395,#391,#6907,.T.);
#6905=EDGE_CURVE('',#391,#255,#6908,.T.);
#6906=LINE('',#254,#6909);
#6907=LINE('',#394,#6910);
#6908=LINE('',#390,#6911);
#6909=VECTOR('',#6912,1.0);
#6910=VECTOR('',#6913,1.0);
#6911=VECTOR('',#6914,1.0);
#6912=DIRECTION('',(-0.0025729665744403506,0.9999966899160251,0));
#6913=DIRECTION('',(0.7934929723588192,-0.6085794137309988,0));
#6914=DIRECTION('',(-2.328705585429676E-06,-0.9999999999972886,0));
#6915=FACE_SURFACE('',(#6920),#6916,.T.);
#6916=PLANE('',#6917);
#6917=AXIS2_PLACEMENT_3D('',#254,#6918,#6919);
#6918=DIRECTION('',(0,0,-1));
#6919=DIRECTION('',(2.328705585429676E-06,0.9999999999972886,0));
#6920=FACE_BOUND('',#6921,.T.);
#6921=EDGE_LOOP('',(#6922,#6923,#6924));
#6922=ORIENTED_EDGE('',*,*,#6925,.T.);
#6923=ORIENTED_EDGE('',*,*,#6926,.T.);
#6924=ORIENTED_EDGE('',*,*,#6927,.T.);
#6925=EDGE_CURVE('',#255,#391,#6928,.F.);
#6926=EDGE_CURVE('',#391,#251,#6929,.T.);
#6927=EDGE_CURVE('',#251,#255,#6930,.T.);
#6928=LINE('',#254,#6931);
#6929=LINE('',#390,#6932);
#6930=LINE('',#250,#6933);
#6931=VECTOR('',#6934,1.0);
#6932=VECTOR('',#6935,1.0);
#6933=VECTOR('',#6936,1.0);
#6934=DIRECTION('',(2.328705585429676E-06,0.9999999999972886,0));
#6935=DIRECTION('',(0.0030060945865859117,-0.9999954816874608,0));
#6936=DIRECTION('',(-0.9238807634942466,-0.3826804604958138,0));
#6937=FACE_SURFACE('',(#6942),#6938,.T.);
#6938=PLANE('',#6939);
#6939=AXIS2_PLACEMENT_3D('',#250,#6940,#6941);
#6940=DIRECTION('',(0,0,-1));
#6941=DIRECTION('',(-0.0030060945865859117,0.9999954816874608,0));
#6942=FACE_BOUND('',#6943,.T.);
#6943=EDGE_LOOP('',(#6944,#6945,#6946));
#6944=ORIENTED_EDGE('',*,*,#6947,.T.);
#6945=ORIENTED_EDGE('',*,*,#6948,.T.);
#6946=ORIENTED_EDGE('',*,*,#6949,.T.);
#6947=EDGE_CURVE('',#251,#391,#6950,.F.);
#6948=EDGE_CURVE('',#391,#387,#6951,.T.);
#6949=EDGE_CURVE('',#387,#251,#6952,.T.);
#6950=LINE('',#250,#6953);
#6951=LINE('',#390,#6954);
#6952=LINE('',#386,#6955);
#6953=VECTOR('',#6956,1.0);
#6954=VECTOR('',#6957,1.0);
#6955=VECTOR('',#6958,1.0);
#6956=DIRECTION('',(-0.0030060945865859117,0.9999954816874608,0));
#6957=DIRECTION('',(0.9239565529113557,-0.38249743571972505,0));
#6958=DIRECTION('',(-2.2392285009709756E-06,-0.9999999999974929,0));
#6959=FACE_SURFACE('',(#6964),#6960,.T.);
#6960=PLANE('',#6961);
#6961=AXIS2_PLACEMENT_3D('',#250,#6962,#6963);
#6962=DIRECTION('',(0,0,-1));
#6963=DIRECTION('',(2.2392285009709756E-06,0.9999999999974929,0));
#6964=FACE_BOUND('',#6965,.T.);
#6965=EDGE_LOOP('',(#6966,#6967,#6968));
#6966=ORIENTED_EDGE('',*,*,#6969,.T.);
#6967=ORIENTED_EDGE('',*,*,#6970,.T.);
#6968=ORIENTED_EDGE('',*,*,#6971,.T.);
#6969=EDGE_CURVE('',#251,#387,#6972,.F.);
#6970=EDGE_CURVE('',#387,#247,#6973,.T.);
#6971=EDGE_CURVE('',#247,#251,#6974,.T.);
#6972=LINE('',#250,#6975);
#6973=LINE('',#386,#6976);
#6974=LINE('',#246,#6977);
#6975=VECTOR('',#6978,1.0);
#6976=VECTOR('',#6979,1.0);
#6977=VECTOR('',#6980,1.0);
#6978=DIRECTION('',(2.2392285009709756E-06,0.9999999999974929,0));
#6979=DIRECTION('',(0.003231612204767523,-0.999994778327646,0));
#6980=DIRECTION('',(-0.9914455395896884,-0.13052104055558156,0));
#6981=FACE_SURFACE('',(#6986),#6982,.T.);
#6982=PLANE('',#6983);
#6983=AXIS2_PLACEMENT_3D('',#246,#6984,#6985);
#6984=DIRECTION('',(0,0,-1));
#6985=DIRECTION('',(-0.003231612204767523,0.999994778327646,0));
#6986=FACE_BOUND('',#6987,.T.);
#6987=EDGE_LOOP('',(#6988,#6989,#6990));
#6988=ORIENTED_EDGE('',*,*,#6991,.T.);
#6989=ORIENTED_EDGE('',*,*,#6992,.T.);
#6990=ORIENTED_EDGE('',*,*,#6993,.T.);
#6991=EDGE_CURVE('',#247,#387,#6994,.F.);
#6992=EDGE_CURVE('',#387,#383,#6995,.T.);
#6993=EDGE_CURVE('',#383,#247,#6996,.T.);
#6994=LINE('',#246,#6997);
#6995=LINE('',#386,#6998);
#6996=LINE('',#382,#6999);
#6997=VECTOR('',#7000,1.0);
#6998=VECTOR('',#7001,1.0);
#6999=VECTOR('',#7002,1.0);
#7000=DIRECTION('',(-0.003231612204767523,0.999994778327646,0));
#7001=DIRECTION('',(0.9914679193953267,-0.1303509294554577,0));
#7002=DIRECTION('',(-2.0027160167006377E-06,-0.9999999999979945,0));
#7003=FACE_SURFACE('',(#7008),#7004,.T.);
#7004=PLANE('',#7005);
#7005=AXIS2_PLACEMENT_3D('',#246,#7006,#7007);
#7006=DIRECTION('',(0,0,-1));
#7007=DIRECTION('',(2.0027160167006377E-06,0.9999999999979945,0));
#7008=FACE_BOUND('',#7009,.T.);
#7009=EDGE_LOOP('',(#7010,#7011,#7012));
#7010=ORIENTED_EDGE('',*,*,#7013,.T.);
#7011=ORIENTED_EDGE('',*,*,#7014,.T.);
#7012=ORIENTED_EDGE('',*,*,#7015,.T.);
#7013=EDGE_CURVE('',#247,#383,#7016,.F.);
#7014=EDGE_CURVE('',#383,#243,#7017,.T.);
#7015=EDGE_CURVE('',#243,#247,#7018,.T.);
#7016=LINE('',#246,#7019);
#7017=LINE('',#382,#7020);
#7018=LINE('',#242,#7021);
#7019=VECTOR('',#7022,1.0);
#7020=VECTOR('',#7023,1.0);
#7021=VECTOR('',#7024,1.0);
#7022=DIRECTION('',(2.0027160167006377E-06,0.9999999999979945,0));
#7023=DIRECTION('',(0.0032318485927548143,-0.9999947775636998,0));
#7024=DIRECTION('',(-0.9914455395896884,0.13052104055558156,0));
#7025=FACE_SURFACE('',(#7030),#7026,.T.);
#7026=PLANE('',#7027);
#7027=AXIS2_PLACEMENT_3D('',#242,#7028,#7029);
#7028=DIRECTION('',(0,0,-1));
#7029=DIRECTION('',(-0.0032318485927548143,0.9999947775636998,0));
#7030=FACE_BOUND('',#7031,.T.);
#7031=EDGE_LOOP('',(#7032,#7033,#7034));
#7032=ORIENTED_EDGE('',*,*,#7035,.T.);
#7033=ORIENTED_EDGE('',*,*,#7036,.T.);
#7034=ORIENTED_EDGE('',*,*,#7037,.T.);
#7035=EDGE_CURVE('',#243,#383,#7038,.F.);
#7036=EDGE_CURVE('',#383,#379,#7039,.T.);
#7037=EDGE_CURVE('',#379,#243,#7040,.T.);
#7038=LINE('',#242,#7041);
#7039=LINE('',#382,#7042);
#7040=LINE('',#378,#7043);
#7041=VECTOR('',#7044,1.0);
#7042=VECTOR('',#7045,1.0);
#7043=VECTOR('',#7046,1.0);
#7044=DIRECTION('',(-0.0032318485927548143,0.9999947775636998,0));
#7045=DIRECTION('',(0.99142532091623,0.13067453097735035,0));
#7046=DIRECTION('',(-1.572222618716825E-06,-0.999999999998764,0));
#7047=FACE_SURFACE('',(#7052),#7048,.T.);
#7048=PLANE('',#7049);
#7049=AXIS2_PLACEMENT_3D('',#242,#7050,#7051);
#7050=DIRECTION('',(0,0,-1));
#7051=DIRECTION('',(1.572222618716825E-06,0.999999999998764,0));
#7052=FACE_BOUND('',#7053,.T.);
#7053=EDGE_LOOP('',(#7054,#7055,#7056));
#7054=ORIENTED_EDGE('',*,*,#7057,.T.);
#7055=ORIENTED_EDGE('',*,*,#7058,.T.);
#7056=ORIENTED_EDGE('',*,*,#7059,.T.);
#7057=EDGE_CURVE('',#243,#379,#7060,.F.);
#7058=EDGE_CURVE('',#379,#239,#7061,.T.);
#7059=EDGE_CURVE('',#239,#243,#7062,.T.);
#7060=LINE('',#242,#7063);
#7061=LINE('',#378,#7064);
#7062=LINE('',#238,#7065);
#7063=VECTOR('',#7066,1.0);
#7064=VECTOR('',#7067,1.0);
#7065=VECTOR('',#7068,1.0);
#7066=DIRECTION('',(1.572222618716825E-06,0.999999999998764,0));
#7067=DIRECTION('',(0.003006850552113752,-0.9999954794146607,0));
#7068=DIRECTION('',(-0.9238807634942466,0.3826804604958138,0));
#7069=FACE_SURFACE('',(#7074),#7070,.T.);
#7070=PLANE('',#7071);
#7071=AXIS2_PLACEMENT_3D('',#238,#7072,#7073);
#7072=DIRECTION('',(0,0,-1));
#7073=DIRECTION('',(-0.003006850552113752,0.9999954794146607,0));
#7074=FACE_BOUND('',#7075,.T.);
#7075=EDGE_LOOP('',(#7076,#7077,#7078));
#7076=ORIENTED_EDGE('',*,*,#7079,.T.);
#7077=ORIENTED_EDGE('',*,*,#7080,.T.);
#7078=ORIENTED_EDGE('',*,*,#7081,.T.);
#7079=EDGE_CURVE('',#239,#379,#7082,.F.);
#7080=EDGE_CURVE('',#379,#375,#7083,.T.);
#7081=EDGE_CURVE('',#375,#239,#7084,.T.);
#7082=LINE('',#238,#7085);
#7083=LINE('',#378,#7086);
#7084=LINE('',#374,#7087);
#7085=VECTOR('',#7088,1.0);
#7086=VECTOR('',#7089,1.0);
#7087=VECTOR('',#7090,1.0);
#7088=DIRECTION('',(-0.003006850552113752,0.9999954794146607,0));
#7089=DIRECTION('',(0.9238356612930403,0.38278932968834306,0));
#7090=DIRECTION('',(-1.1405881870699782E-06,-0.9999999999993495,0));
#7091=FACE_SURFACE('',(#7096),#7092,.T.);
#7092=PLANE('',#7093);
#7093=AXIS2_PLACEMENT_3D('',#238,#7094,#7095);
#7094=DIRECTION('',(0,0,-1));
#7095=DIRECTION('',(1.1405881870699782E-06,0.9999999999993495,0));
#7096=FACE_BOUND('',#7097,.T.);
#7097=EDGE_LOOP('',(#7098,#7099,#7100));
#7098=ORIENTED_EDGE('',*,*,#7101,.T.);
#7099=ORIENTED_EDGE('',*,*,#7102,.T.);
#7100=ORIENTED_EDGE('',*,*,#7103,.T.);
#7101=EDGE_CURVE('',#239,#375,#7104,.F.);
#7102=EDGE_CURVE('',#375,#235,#7105,.T.);
#7103=EDGE_CURVE('',#235,#239,#7106,.T.);
#7104=LINE('',#238,#7107);
#7105=LINE('',#374,#7108);
#7106=LINE('',#234,#7109);
#7107=VECTOR('',#7110,1.0);
#7108=VECTOR('',#7111,1.0);
#7109=VECTOR('',#7112,1.0);
#7110=DIRECTION('',(1.1405881870699782E-06,0.9999999999993495,0));
#7111=DIRECTION('',(0.0025739553459990716,-0.9999966873714516,0));
#7112=DIRECTION('',(-0.7933513418582181,0.6087640334084832,0));
#7113=FACE_SURFACE('',(#7118),#7114,.T.);
#7114=PLANE('',#7115);
#7115=AXIS2_PLACEMENT_3D('',#234,#7116,#7117);
#7116=DIRECTION('',(0,0,-1));
#7117=DIRECTION('',(-0.0025739553459990716,0.9999966873714516,0));
#7118=FACE_BOUND('',#7119,.T.);
#7119=EDGE_LOOP('',(#7120,#7121,#7122));
#7120=ORIENTED_EDGE('',*,*,#7123,.T.);
#7121=ORIENTED_EDGE('',*,*,#7124,.T.);
#7122=ORIENTED_EDGE('',*,*,#7125,.T.);
#7123=EDGE_CURVE('',#235,#375,#7126,.F.);
#7124=EDGE_CURVE('',#375,#371,#7127,.T.);
#7125=EDGE_CURVE('',#371,#235,#7128,.T.);
#7126=LINE('',#234,#7129);
#7127=LINE('',#374,#7130);
#7128=LINE('',#370,#7131);
#7129=VECTOR('',#7132,1.0);
#7130=VECTOR('',#7133,1.0);
#7131=VECTOR('',#7134,1.0);
#7132=DIRECTION('',(-0.0025739553459990716,0.9999966873714516,0));
#7133=DIRECTION('',(0.7932936495240146,0.6088392116354447,0));
#7134=DIRECTION('',(-6.627188975309923E-07,-0.9999999999997804,0));
#7135=FACE_SURFACE('',(#7140),#7136,.T.);
#7136=PLANE('',#7137);
#7137=AXIS2_PLACEMENT_3D('',#234,#7138,#7139);
#7138=DIRECTION('',(0,0,-1));
#7139=DIRECTION('',(6.627188975309923E-07,0.9999999999997804,0));
#7140=FACE_BOUND('',#7141,.T.);
#7141=EDGE_LOOP('',(#7142,#7143,#7144));
#7142=ORIENTED_EDGE('',*,*,#7145,.T.);
#7143=ORIENTED_EDGE('',*,*,#7146,.T.);
#7144=ORIENTED_EDGE('',*,*,#7147,.T.);
#7145=EDGE_CURVE('',#235,#371,#7148,.F.);
#7146=EDGE_CURVE('',#371,#231,#7149,.T.);
#7147=EDGE_CURVE('',#231,#235,#7150,.T.);
#7148=LINE('',#234,#7151);
#7149=LINE('',#370,#7152);
#7150=LINE('',#230,#7153);
#7151=VECTOR('',#7154,1.0);
#7152=VECTOR('',#7155,1.0);
#7153=VECTOR('',#7156,1.0);
#7154=DIRECTION('',(6.627188975309923E-07,0.9999999999997804,0));
#7155=DIRECTION('',(0.001966342014743039,-0.9999980667476719,0));
#7156=DIRECTION('',(-0.6087640334084832,0.7933513418582181,0));
#7157=FACE_SURFACE('',(#7162),#7158,.T.);
#7158=PLANE('',#7159);
#7159=AXIS2_PLACEMENT_3D('',#230,#7160,#7161);
#7160=DIRECTION('',(0,0,-1));
#7161=DIRECTION('',(-0.001966342014743039,0.9999980667476719,0));
#7162=FACE_BOUND('',#7163,.T.);
#7163=EDGE_LOOP('',(#7164,#7165,#7166));
#7164=ORIENTED_EDGE('',*,*,#7167,.T.);
#7165=ORIENTED_EDGE('',*,*,#7168,.T.);
#7166=ORIENTED_EDGE('',*,*,#7169,.T.);
#7167=EDGE_CURVE('',#231,#371,#7170,.F.);
#7168=EDGE_CURVE('',#371,#367,#7171,.T.);
#7169=EDGE_CURVE('',#367,#231,#7172,.T.);
#7170=LINE('',#230,#7173);
#7171=LINE('',#370,#7174);
#7172=LINE('',#366,#7175);
#7173=VECTOR('',#7176,1.0);
#7174=VECTOR('',#7177,1.0);
#7175=VECTOR('',#7178,1.0);
#7176=DIRECTION('',(-0.001966342014743039,0.9999980667476719,0));
#7177=DIRECTION('',(0.6087116202218464,0.7933915574335882,0));
#7178=DIRECTION('',(-2.825700014785362E-07,-0.99999999999996,0));
#7179=FACE_SURFACE('',(#7184),#7180,.T.);
#7180=PLANE('',#7181);
#7181=AXIS2_PLACEMENT_3D('',#230,#7182,#7183);
#7182=DIRECTION('',(0,0,-1));
#7183=DIRECTION('',(2.825700014785362E-07,0.99999999999996,0));
#7184=FACE_BOUND('',#7185,.T.);
#7185=EDGE_LOOP('',(#7186,#7187,#7188));
#7186=ORIENTED_EDGE('',*,*,#7189,.T.);
#7187=ORIENTED_EDGE('',*,*,#7190,.T.);
#7188=ORIENTED_EDGE('',*,*,#7191,.T.);
#7189=EDGE_CURVE('',#231,#367,#7192,.F.);
#7190=EDGE_CURVE('',#367,#75,#7193,.T.);
#7191=EDGE_CURVE('',#75,#231,#7194,.T.);
#7192=LINE('',#230,#7195);
#7193=LINE('',#366,#7196);
#7194=LINE('',#74,#7197);
#7195=VECTOR('',#7198,1.0);
#7196=VECTOR('',#7199,1.0);
#7197=VECTOR('',#7200,1.0);
#7198=DIRECTION('',(2.825700014785362E-07,0.99999999999996,0));
#7199=DIRECTION('',(0.6745283271660449,-0.738248966034208,0));
#7200=DIRECTION('',(-0.9975873527313164,0.06942242916035171,0));
#7201=FACE_SURFACE('',(#7206),#7202,.T.);
#7202=PLANE('',#7203);
#7203=AXIS2_PLACEMENT_3D('',#174,#7204,#7205);
#7204=DIRECTION('',(0,-0,-1));
#7205=DIRECTION('',(0.13053540432077632,-0.9914436485342026,0));
#7206=FACE_BOUND('',#7207,.T.);
#7207=EDGE_LOOP('',(#7208,#7209,#7210));
#7208=ORIENTED_EDGE('',*,*,#7211,.T.);
#7209=ORIENTED_EDGE('',*,*,#7212,.T.);
#7210=ORIENTED_EDGE('',*,*,#7213,.T.);
#7211=EDGE_CURVE('',#175,#179,#7214,.F.);
#7212=EDGE_CURVE('',#179,#453,#7215,.T.);
#7213=EDGE_CURVE('',#453,#175,#7216,.T.);
#7214=LINE('',#174,#7217);
#7215=LINE('',#178,#7218);
#7216=LINE('',#452,#7219);
#7217=VECTOR('',#7220,1.0);
#7218=VECTOR('',#7221,1.0);
#7219=VECTOR('',#7222,1.0);
#7220=DIRECTION('',(0.13053540432077632,-0.9914436485342026,0));
#7221=DIRECTION('',(-0.213095733322685,-0.9770313241854977,0));
#7222=DIRECTION('',(0.19611613513818404,0.9805806756909202,0));
#7223=FACE_SURFACE('',(#7228),#7224,.T.);
#7224=PLANE('',#7225);
#7225=AXIS2_PLACEMENT_3D('',#452,#7226,#7227);
#7226=DIRECTION('',(0,0,-1));
#7227=DIRECTION('',(0.213095733322685,0.9770313241854977,0));
#7228=FACE_BOUND('',#7229,.T.);
#7229=EDGE_LOOP('',(#7230,#7231,#7232));
#7230=ORIENTED_EDGE('',*,*,#7233,.T.);
#7231=ORIENTED_EDGE('',*,*,#7234,.T.);
#7232=ORIENTED_EDGE('',*,*,#7235,.T.);
#7233=EDGE_CURVE('',#453,#179,#7236,.F.);
#7234=EDGE_CURVE('',#179,#183,#7237,.T.);
#7235=EDGE_CURVE('',#183,#453,#7238,.T.);
#7236=LINE('',#452,#7239);
#7237=LINE('',#178,#7240);
#7238=LINE('',#182,#7241);
#7239=VECTOR('',#7242,1.0);
#7240=VECTOR('',#7243,1.0);
#7241=VECTOR('',#7244,1.0);
#7242=DIRECTION('',(0.213095733322685,0.9770313241854977,0));
#7243=DIRECTION('',(0.3826804604958138,-0.9238807634942466,0));
#7244=DIRECTION('',(-0.2443556177941192,-0.9696856872473959,0));
#7245=FACE_SURFACE('',(#7250),#7246,.T.);
#7246=PLANE('',#7247);
#7247=AXIS2_PLACEMENT_3D('',#452,#7248,#7249);
#7248=DIRECTION('',(0,0,-1));
#7249=DIRECTION('',(0.2443556177941192,0.9696856872473959,0));
#7250=FACE_BOUND('',#7251,.T.);
#7251=EDGE_LOOP('',(#7252,#7253,#7254));
#7252=ORIENTED_EDGE('',*,*,#7255,.T.);
#7253=ORIENTED_EDGE('',*,*,#7256,.T.);
#7254=ORIENTED_EDGE('',*,*,#7257,.T.);
#7255=EDGE_CURVE('',#453,#183,#7258,.F.);
#7256=EDGE_CURVE('',#183,#187,#7259,.T.);
#7257=EDGE_CURVE('',#187,#453,#7260,.T.);
#7258=LINE('',#452,#7261);
#7259=LINE('',#182,#7262);
#7260=LINE('',#186,#7263);
#7261=VECTOR('',#7264,1.0);
#7262=VECTOR('',#7265,1.0);
#7263=VECTOR('',#7266,1.0);
#7264=DIRECTION('',(0.2443556177941192,0.9696856872473959,0));
#7265=DIRECTION('',(0.6087548359754058,-0.7933583992601054,0));
#7266=DIRECTION('',(-0.28837593020461544,-0.9575172702769505,0));
#7267=FACE_SURFACE('',(#7272),#7268,.T.);
#7268=PLANE('',#7269);
#7269=AXIS2_PLACEMENT_3D('',#186,#7270,#7271);
#7270=DIRECTION('',(0,-0,-1));
#7271=DIRECTION('',(0.7933583992601054,-0.6087548359754058,0));
#7272=FACE_BOUND('',#7273,.T.);
#7273=EDGE_LOOP('',(#7274,#7275,#7276));
#7274=ORIENTED_EDGE('',*,*,#7277,.T.);
#7275=ORIENTED_EDGE('',*,*,#7278,.T.);
#7276=ORIENTED_EDGE('',*,*,#7279,.T.);
#7277=EDGE_CURVE('',#187,#191,#7280,.F.);
#7278=EDGE_CURVE('',#191,#453,#7281,.T.);
#7279=EDGE_CURVE('',#453,#187,#7282,.T.);
#7280=LINE('',#186,#7283);
#7281=LINE('',#190,#7284);
#7282=LINE('',#452,#7285);
#7283=VECTOR('',#7286,1.0);
#7284=VECTOR('',#7287,1.0);
#7285=VECTOR('',#7288,1.0);
#7286=DIRECTION('',(0.7933583992601054,-0.6087548359754058,0));
#7287=DIRECTION('',(-0.3410874559420421,-0.9400315672353698,0));
#7288=DIRECTION('',(0.28837593020461544,0.9575172702769505,0));
#7289=FACE_SURFACE('',(#7294),#7290,.T.);
#7290=PLANE('',#7291);
#7291=AXIS2_PLACEMENT_3D('',#452,#7292,#7293);
#7292=DIRECTION('',(0,0,-1));
#7293=DIRECTION('',(0.3410874559420421,0.9400315672353698,0));
#7294=FACE_BOUND('',#7295,.T.);
#7295=EDGE_LOOP('',(#7296,#7297,#7298));
#7296=ORIENTED_EDGE('',*,*,#7299,.T.);
#7297=ORIENTED_EDGE('',*,*,#7300,.T.);
#7298=ORIENTED_EDGE('',*,*,#7301,.T.);
#7299=EDGE_CURVE('',#453,#191,#7302,.F.);
#7300=EDGE_CURVE('',#191,#195,#7303,.T.);
#7301=EDGE_CURVE('',#195,#453,#7304,.T.);
#7302=LINE('',#452,#7305);
#7303=LINE('',#190,#7306);
#7304=LINE('',#194,#7307);
#7305=VECTOR('',#7308,1.0);
#7306=VECTOR('',#7309,1.0);
#7307=VECTOR('',#7310,1.0);
#7308=DIRECTION('',(0.3410874559420421,0.9400315672353698,0));
#7309=DIRECTION('',(0.9238807634942466,-0.3826804604958138,0));
#7310=DIRECTION('',(-0.39628116189807927,-0.9181292069881604,0));
#7311=FACE_SURFACE('',(#7316),#7312,.T.);
#7312=PLANE('',#7313);
#7313=AXIS2_PLACEMENT_3D('',#452,#7314,#7315);
#7314=DIRECTION('',(0,0,-1));
#7315=DIRECTION('',(0.39628116189807927,0.9181292069881604,0));
#7316=FACE_BOUND('',#7317,.T.);
#7317=EDGE_LOOP('',(#7318,#7319,#7320));
#7318=ORIENTED_EDGE('',*,*,#7321,.T.);
#7319=ORIENTED_EDGE('',*,*,#7322,.T.);
#7320=ORIENTED_EDGE('',*,*,#7323,.T.);
#7321=EDGE_CURVE('',#453,#195,#7324,.F.);
#7322=EDGE_CURVE('',#195,#199,#7325,.T.);
#7323=EDGE_CURVE('',#199,#453,#7326,.T.);
#7324=LINE('',#452,#7327);
#7325=LINE('',#194,#7328);
#7326=LINE('',#198,#7329);
#7327=VECTOR('',#7330,1.0);
#7328=VECTOR('',#7331,1.0);
#7329=VECTOR('',#7332,1.0);
#7330=DIRECTION('',(0.39628116189807927,0.9181292069881604,0));
#7331=DIRECTION('',(0.9914436485342026,-0.13053540432077632,0));
#7332=DIRECTION('',(-0.4472135954999579,-0.8944271909999159,0));
#7333=FACE_SURFACE('',(#7338),#7334,.T.);
#7334=PLANE('',#7335);
#7335=AXIS2_PLACEMENT_3D('',#198,#7336,#7337);
#7336=DIRECTION('',(0,-0,-1));
#7337=DIRECTION('',(0.9914436485342026,0.13053540432077632,0));
#7338=FACE_BOUND('',#7339,.T.);
#7339=EDGE_LOOP('',(#7340,#7341,#7342));
#7340=ORIENTED_EDGE('',*,*,#7343,.T.);
#7341=ORIENTED_EDGE('',*,*,#7344,.T.);
#7342=ORIENTED_EDGE('',*,*,#7345,.T.);
#7343=EDGE_CURVE('',#199,#203,#7346,.F.);
#7344=EDGE_CURVE('',#203,#453,#7347,.T.);
#7345=EDGE_CURVE('',#453,#199,#7348,.T.);
#7346=LINE('',#198,#7349);
#7347=LINE('',#202,#7350);
#7348=LINE('',#452,#7351);
#7349=VECTOR('',#7352,1.0);
#7350=VECTOR('',#7353,1.0);
#7351=VECTOR('',#7354,1.0);
#7352=DIRECTION('',(0.9914436485342026,0.13053540432077632,0));
#7353=DIRECTION('',(-0.48856000385388604,-0.872530298977801,0));
#7354=DIRECTION('',(0.4472135954999579,0.8944271909999159,0));
#7355=FACE_SURFACE('',(#7360),#7356,.T.);
#7356=PLANE('',#7357);
#7357=AXIS2_PLACEMENT_3D('',#452,#7358,#7359);
#7358=DIRECTION('',(0,0,-1));
#7359=DIRECTION('',(0.48856000385388604,0.872530298977801,0));
#7360=FACE_BOUND('',#7361,.T.);
#7361=EDGE_LOOP('',(#7362,#7363,#7364));
#7362=ORIENTED_EDGE('',*,*,#7365,.T.);
#7363=ORIENTED_EDGE('',*,*,#7366,.T.);
#7364=ORIENTED_EDGE('',*,*,#7367,.T.);
#7365=EDGE_CURVE('',#453,#203,#7368,.F.);
#7366=EDGE_CURVE('',#203,#207,#7369,.T.);
#7367=EDGE_CURVE('',#207,#453,#7370,.T.);
#7368=LINE('',#452,#7371);
#7369=LINE('',#202,#7372);
#7370=LINE('',#206,#7373);
#7371=VECTOR('',#7374,1.0);
#7372=VECTOR('',#7375,1.0);
#7373=VECTOR('',#7376,1.0);
#7374=DIRECTION('',(0.48856000385388604,0.872530298977801,0));
#7375=DIRECTION('',(0.9238807634942466,0.3826804604958138,0));
#7376=DIRECTION('',(-0.5174779388552965,-0.8556965483149234,0));
#7377=FACE_SURFACE('',(#7382),#7378,.T.);
#7378=PLANE('',#7379);
#7379=AXIS2_PLACEMENT_3D('',#452,#7380,#7381);
#7380=DIRECTION('',(0,0,-1));
#7381=DIRECTION('',(0.5174779388552965,0.8556965483149234,0));
#7382=FACE_BOUND('',#7383,.T.);
#7383=EDGE_LOOP('',(#7384,#7385,#7386));
#7384=ORIENTED_EDGE('',*,*,#7387,.T.);
#7385=ORIENTED_EDGE('',*,*,#7388,.T.);
#7386=ORIENTED_EDGE('',*,*,#7389,.T.);
#7387=EDGE_CURVE('',#453,#207,#7390,.F.);
#7388=EDGE_CURVE('',#207,#211,#7391,.T.);
#7389=EDGE_CURVE('',#211,#453,#7392,.T.);
#7390=LINE('',#452,#7393);
#7391=LINE('',#206,#7394);
#7392=LINE('',#210,#7395);
#7393=VECTOR('',#7396,1.0);
#7394=VECTOR('',#7397,1.0);
#7395=VECTOR('',#7398,1.0);
#7396=DIRECTION('',(0.5174779388552965,0.8556965483149234,0));
#7397=DIRECTION('',(0.7933583992601054,0.6087548359754058,0));
#7398=DIRECTION('',(-0.5334022721351129,-0.8458617003276002,0));
#7399=FACE_SURFACE('',(#7404),#7400,.T.);
#7400=PLANE('',#7401);
#7401=AXIS2_PLACEMENT_3D('',#210,#7402,#7403);
#7402=DIRECTION('',(0,-0,-1));
#7403=DIRECTION('',(0.6087640334084832,0.7933513418582181,0));
#7404=FACE_BOUND('',#7405,.T.);
#7405=EDGE_LOOP('',(#7406,#7407,#7408));
#7406=ORIENTED_EDGE('',*,*,#7409,.T.);
#7407=ORIENTED_EDGE('',*,*,#7410,.T.);
#7408=ORIENTED_EDGE('',*,*,#7411,.T.);
#7409=EDGE_CURVE('',#211,#215,#7412,.F.);
#7410=EDGE_CURVE('',#215,#453,#7413,.T.);
#7411=EDGE_CURVE('',#453,#211,#7414,.T.);
#7412=LINE('',#210,#7415);
#7413=LINE('',#214,#7416);
#7414=LINE('',#452,#7417);
#7415=VECTOR('',#7418,1.0);
#7416=VECTOR('',#7419,1.0);
#7417=VECTOR('',#7420,1.0);
#7418=DIRECTION('',(0.6087640334084832,0.7933513418582181,0));
#7419=DIRECTION('',(-0.5371944990278209,-0.8434583986268964,0));
#7420=DIRECTION('',(0.5334022721351129,0.8458617003276002,0));
#7421=FACE_SURFACE('',(#7426),#7422,.T.);
#7422=PLANE('',#7423);
#7423=AXIS2_PLACEMENT_3D('',#222,#7424,#7425);
#7424=DIRECTION('',(0,0,-1));
#7425=DIRECTION('',(-0.13052104055558156,0.9914455395896884,0));
#7426=FACE_BOUND('',#7427,.T.);
#7427=EDGE_LOOP('',(#7428,#7429,#7430));
#7428=ORIENTED_EDGE('',*,*,#7431,.T.);
#7429=ORIENTED_EDGE('',*,*,#7432,.T.);
#7430=ORIENTED_EDGE('',*,*,#7433,.T.);
#7431=EDGE_CURVE('',#223,#227,#7434,.F.);
#7432=EDGE_CURVE('',#227,#75,#7435,.T.);
#7433=EDGE_CURVE('',#75,#223,#7436,.T.);
#7434=LINE('',#222,#7437);
#7435=LINE('',#226,#7438);
#7436=LINE('',#74,#7439);
#7437=VECTOR('',#7440,1.0);
#7438=VECTOR('',#7441,1.0);
#7439=VECTOR('',#7442,1.0);
#7440=DIRECTION('',(-0.13052104055558156,0.9914455395896884,0));
#7441=DIRECTION('',(0.99778805314228,-0.06647556698922046,0));
#7442=DIRECTION('',(-0.9979980633997121,0.06324448948663026,0));
#7443=FACE_SURFACE('',(#7448),#7444,.T.);
#7444=PLANE('',#7445);
#7445=AXIS2_PLACEMENT_3D('',#74,#7446,#7447);
#7446=DIRECTION('',(0,0,-1));
#7447=DIRECTION('',(-0.99778805314228,0.06647556698922046,0));
#7448=FACE_BOUND('',#7449,.T.);
#7449=EDGE_LOOP('',(#7450,#7451,#7452));
#7450=ORIENTED_EDGE('',*,*,#7453,.T.);
#7451=ORIENTED_EDGE('',*,*,#7454,.T.);
#7452=ORIENTED_EDGE('',*,*,#7455,.T.);
#7453=EDGE_CURVE('',#75,#227,#7456,.F.);
#7454=EDGE_CURVE('',#227,#231,#7457,.T.);
#7455=EDGE_CURVE('',#231,#75,#7458,.T.);
#7456=LINE('',#74,#7459);
#7457=LINE('',#226,#7460);
#7458=LINE('',#230,#7461);
#7459=VECTOR('',#7462,1.0);
#7460=VECTOR('',#7463,1.0);
#7461=VECTOR('',#7464,1.0);
#7462=DIRECTION('',(-0.99778805314228,0.06647556698922046,0));
#7463=DIRECTION('',(-0.3826804604958138,0.9238807634942466,0));
#7464=DIRECTION('',(0.9975873527313164,-0.06942242916035171,0));
#7465=FACE_SURFACE('',(#7470),#7466,.T.);
#7466=PLANE('',#7467);
#7467=AXIS2_PLACEMENT_3D('',#456,#7468,#7469);
#7468=DIRECTION('',(0,0,1));
#7469=DIRECTION('',(0.10779454490057465,0.9941731922002716,0));
#7470=FACE_BOUND('',#7471,.T.);
#7471=EDGE_LOOP('',(#7472,#7473,#7474));
#7472=ORIENTED_EDGE('',*,*,#7475,.T.);
#7473=ORIENTED_EDGE('',*,*,#7476,.T.);
#7474=ORIENTED_EDGE('',*,*,#7477,.T.);
#7475=EDGE_CURVE('',#457,#59,#7478,.F.);
#7476=EDGE_CURVE('',#59,#459,#7479,.T.);
#7477=EDGE_CURVE('',#459,#457,#7480,.T.);
#7478=LINE('',#456,#7481);
#7479=LINE('',#58,#7482);
#7480=LINE('',#458,#7483);
#7481=VECTOR('',#7484,1.0);
#7482=VECTOR('',#7485,1.0);
#7483=VECTOR('',#7486,1.0);
#7484=DIRECTION('',(0.10779454490057465,0.9941731922002716,0));
#7485=DIRECTION('',(-0.8732348294595732,0.48729963330451026,0));
#7486=DIRECTION('',(0,-1,0));
#7487=FACE_SURFACE('',(#7492),#7488,.T.);
#7488=PLANE('',#7489);
#7489=AXIS2_PLACEMENT_3D('',#458,#7490,#7491);
#7490=DIRECTION('',(0,0,1));
#7491=DIRECTION('',(0.8732348294595732,-0.48729963330451026,0));
#7492=FACE_BOUND('',#7493,.T.);
#7493=EDGE_LOOP('',(#7494,#7495,#7496));
#7494=ORIENTED_EDGE('',*,*,#7497,.T.);
#7495=ORIENTED_EDGE('',*,*,#7498,.T.);
#7496=ORIENTED_EDGE('',*,*,#7499,.T.);
#7497=EDGE_CURVE('',#459,#59,#7500,.F.);
#7498=EDGE_CURVE('',#59,#55,#7501,.T.);
#7499=EDGE_CURVE('',#55,#459,#7502,.T.);
#7500=LINE('',#458,#7503);
#7501=LINE('',#58,#7504);
#7502=LINE('',#54,#7505);
#7503=VECTOR('',#7506,1.0);
#7504=VECTOR('',#7507,1.0);
#7505=VECTOR('',#7508,1.0);
#7506=DIRECTION('',(0.8732348294595732,-0.48729963330451026,0));
#7507=DIRECTION('',(-0.005847853223158801,0.9999829011601551,0));
#7508=DIRECTION('',(-0.8732604408557719,0.4872537351692472,0));
#7509=FACE_SURFACE('',(#7514),#7510,.T.);
#7510=PLANE('',#7511);
#7511=AXIS2_PLACEMENT_3D('',#458,#7512,#7513);
#7512=DIRECTION('',(0,0,1));
#7513=DIRECTION('',(0.8732604408557719,-0.4872537351692472,0));
#7514=FACE_BOUND('',#7515,.T.);
#7515=EDGE_LOOP('',(#7516,#7517,#7518));
#7516=ORIENTED_EDGE('',*,*,#7519,.T.);
#7517=ORIENTED_EDGE('',*,*,#7520,.T.);
#7518=ORIENTED_EDGE('',*,*,#7521,.T.);
#7519=EDGE_CURVE('',#459,#55,#7522,.F.);
#7520=EDGE_CURVE('',#55,#311,#7523,.T.);
#7521=EDGE_CURVE('',#311,#459,#7524,.T.);
#7522=LINE('',#458,#7525);
#7523=LINE('',#54,#7526);
#7524=LINE('',#310,#7527);
#7525=VECTOR('',#7528,1.0);
#7526=VECTOR('',#7529,1.0);
#7527=VECTOR('',#7530,1.0);
#7528=DIRECTION('',(0.8732604408557719,-0.4872537351692472,0));
#7529=DIRECTION('',(0.13051991331804294,0.9914456879867148,0));
#7530=DIRECTION('',(-0.8840746841205666,0.4673456460662926,0));
#7531=FACE_SURFACE('',(#7536),#7532,.T.);
#7532=PLANE('',#7533);
#7533=AXIS2_PLACEMENT_3D('',#460,#7534,#7535);
#7534=DIRECTION('',(0,0,1));
#7535=DIRECTION('',(-0.44982219090672615,0.8931181313621803,0));
#7536=FACE_BOUND('',#7537,.T.);
#7537=EDGE_LOOP('',(#7538,#7539,#7540));
#7538=ORIENTED_EDGE('',*,*,#7541,.T.);
#7539=ORIENTED_EDGE('',*,*,#7542,.T.);
#7540=ORIENTED_EDGE('',*,*,#7543,.T.);
#7541=EDGE_CURVE('',#461,#357,#7544,.F.);
#7542=EDGE_CURVE('',#357,#457,#7545,.T.);
#7543=EDGE_CURVE('',#457,#461,#7546,.T.);
#7544=LINE('',#460,#7547);
#7545=LINE('',#356,#7548);
#7546=LINE('',#456,#7549);
#7547=VECTOR('',#7550,1.0);
#7548=VECTOR('',#7551,1.0);
#7549=VECTOR('',#7552,1.0);
#7550=DIRECTION('',(-0.44982219090672615,0.8931181313621803,0));
#7551=DIRECTION('',(-0.9048969247993549,-0.42563077366265545,0));
#7552=DIRECTION('',(1,0,0));
#7553=FACE_SURFACE('',(#7558),#7554,.T.);
#7554=PLANE('',#7555);
#7555=AXIS2_PLACEMENT_3D('',#456,#7556,#7557);
#7556=DIRECTION('',(0,0,1));
#7557=DIRECTION('',(0.9048969247993549,0.42563077366265545,0));
#7558=FACE_BOUND('',#7559,.T.);
#7559=EDGE_LOOP('',(#7560,#7561,#7562));
#7560=ORIENTED_EDGE('',*,*,#7563,.T.);
#7561=ORIENTED_EDGE('',*,*,#7564,.T.);
#7562=ORIENTED_EDGE('',*,*,#7565,.T.);
#7563=EDGE_CURVE('',#457,#357,#7566,.F.);
#7564=EDGE_CURVE('',#357,#359,#7567,.T.);
#7565=EDGE_CURVE('',#359,#457,#7568,.T.);
#7566=LINE('',#456,#7569);
#7567=LINE('',#356,#7570);
#7568=LINE('',#358,#7571);
#7569=VECTOR('',#7572,1.0);
#7570=VECTOR('',#7573,1.0);
#7571=VECTOR('',#7574,1.0);
#7572=DIRECTION('',(0.9048969247993549,0.42563077366265545,0));
#7573=DIRECTION('',(-0.3826804604958138,0.9238807634942466,0));
#7574=DIRECTION('',(-0.894139931944545,-0.44778765291397254,0));
#7575=FACE_SURFACE('',(#7580),#7576,.T.);
#7576=PLANE('',#7577);
#7577=AXIS2_PLACEMENT_3D('',#456,#7578,#7579);
#7578=DIRECTION('',(0,0,1));
#7579=DIRECTION('',(0.894139931944545,0.44778765291397254,0));
#7580=FACE_BOUND('',#7581,.T.);
#7581=EDGE_LOOP('',(#7582,#7583,#7584));
#7582=ORIENTED_EDGE('',*,*,#7585,.T.);
#7583=ORIENTED_EDGE('',*,*,#7586,.T.);
#7584=ORIENTED_EDGE('',*,*,#7587,.T.);
#7585=EDGE_CURVE('',#457,#359,#7588,.F.);
#7586=EDGE_CURVE('',#359,#313,#7589,.T.);
#7587=EDGE_CURVE('',#313,#457,#7590,.T.);
#7588=LINE('',#456,#7591);
#7589=LINE('',#358,#7592);
#7590=LINE('',#312,#7593);
#7591=VECTOR('',#7594,1.0);
#7592=VECTOR('',#7595,1.0);
#7593=VECTOR('',#7596,1.0);
#7594=DIRECTION('',(0.894139931944545,0.44778765291397254,0));
#7595=DIRECTION('',(-0.13053540432077632,0.9914436485342026,0));
#7596=DIRECTION('',(-0.8835549083157039,-0.4683275819244773,0));
#7597=FACE_SURFACE('',(#7602),#7598,.T.);
#7598=PLANE('',#7599);
#7599=AXIS2_PLACEMENT_3D('',#462,#7600,#7601);
#7600=DIRECTION('',(0,0,1));
#7601=DIRECTION('',(-0.07586150353665123,-0.9971183642282188,0));
#7602=FACE_BOUND('',#7603,.T.);
#7603=EDGE_LOOP('',(#7604,#7605,#7606));
#7604=ORIENTED_EDGE('',*,*,#7607,.T.);
#7605=ORIENTED_EDGE('',*,*,#7608,.T.);
#7606=ORIENTED_EDGE('',*,*,#7609,.T.);
#7607=EDGE_CURVE('',#463,#289,#7610,.F.);
#7608=EDGE_CURVE('',#289,#461,#7611,.T.);
#7609=EDGE_CURVE('',#461,#463,#7612,.T.);
#7610=LINE('',#462,#7613);
#7611=LINE('',#288,#7614);
#7612=LINE('',#460,#7615);
#7613=VECTOR('',#7616,1.0);
#7614=VECTOR('',#7617,1.0);
#7615=VECTOR('',#7618,1.0);
#7616=DIRECTION('',(-0.07586150353665123,-0.9971183642282188,0));
#7617=DIRECTION('',(0.0046023974131103795,-0.9999894089129403,0));
#7618=DIRECTION('',(0,1,0));
#7619=FACE_SURFACE('',(#7624),#7620,.T.);
#7620=PLANE('',#7621);
#7621=AXIS2_PLACEMENT_3D('',#460,#7622,#7623);
#7622=DIRECTION('',(0,0,1));
#7623=DIRECTION('',(-0.0046023974131103795,0.9999894089129403,0));
#7624=FACE_BOUND('',#7625,.T.);
#7625=EDGE_LOOP('',(#7626,#7627,#7628));
#7626=ORIENTED_EDGE('',*,*,#7629,.T.);
#7627=ORIENTED_EDGE('',*,*,#7630,.T.);
#7628=ORIENTED_EDGE('',*,*,#7631,.T.);
#7629=EDGE_CURVE('',#461,#289,#7632,.F.);
#7630=EDGE_CURVE('',#289,#337,#7633,.T.);
#7631=EDGE_CURVE('',#337,#461,#7634,.T.);
#7632=LINE('',#460,#7635);
#7633=LINE('',#288,#7636);
#7634=LINE('',#336,#7637);
#7635=VECTOR('',#7638,1.0);
#7636=VECTOR('',#7639,1.0);
#7637=VECTOR('',#7640,1.0);
#7638=DIRECTION('',(-0.0046023974131103795,0.9999894089129403,0));
#7639=DIRECTION('',(0,-1,0));
#7640=DIRECTION('',(0.07982789212913656,-0.9968086614983935,0));
#7641=FACE_SURFACE('',(#7646),#7642,.T.);
#7642=PLANE('',#7643);
#7643=AXIS2_PLACEMENT_3D('',#460,#7644,#7645);
#7644=DIRECTION('',(0,0,1));
#7645=DIRECTION('',(-0.07982789212913656,0.9968086614983935,0));
#7646=FACE_BOUND('',#7647,.T.);
#7647=EDGE_LOOP('',(#7648,#7649,#7650));
#7648=ORIENTED_EDGE('',*,*,#7651,.T.);
#7649=ORIENTED_EDGE('',*,*,#7652,.T.);
#7650=ORIENTED_EDGE('',*,*,#7653,.T.);
#7651=EDGE_CURVE('',#461,#337,#7654,.F.);
#7652=EDGE_CURVE('',#337,#339,#7655,.T.);
#7653=EDGE_CURVE('',#339,#461,#7656,.T.);
#7654=LINE('',#460,#7657);
#7655=LINE('',#336,#7658);
#7656=LINE('',#338,#7659);
#7657=VECTOR('',#7660,1.0);
#7658=VECTOR('',#7661,1.0);
#7659=VECTOR('',#7662,1.0);
#7660=DIRECTION('',(-0.07982789212913656,0.9968086614983935,0));
#7661=DIRECTION('',(-0.13052104055558156,-0.9914455395896884,0));
#7662=DIRECTION('',(0.09125937134719442,-0.9958271572624011,0));
#7663=FACE_SURFACE('',(#7668),#7664,.T.);
#7664=PLANE('',#7665);
#7665=AXIS2_PLACEMENT_3D('',#458,#7666,#7667);
#7666=DIRECTION('',(-0,0,1));
#7667=DIRECTION('',(0.8951777085864606,-0.44570940089916644,0));
#7668=FACE_BOUND('',#7669,.T.);
#7669=EDGE_LOOP('',(#7670,#7671,#7672));
#7670=ORIENTED_EDGE('',*,*,#7673,.T.);
#7671=ORIENTED_EDGE('',*,*,#7674,.T.);
#7672=ORIENTED_EDGE('',*,*,#7675,.T.);
#7673=EDGE_CURVE('',#459,#309,#7676,.F.);
#7674=EDGE_CURVE('',#309,#463,#7677,.T.);
#7675=EDGE_CURVE('',#463,#459,#7678,.T.);
#7676=LINE('',#458,#7679);
#7677=LINE('',#308,#7680);
#7678=LINE('',#462,#7681);
#7679=VECTOR('',#7682,1.0);
#7680=VECTOR('',#7683,1.0);
#7681=VECTOR('',#7684,1.0);
#7682=DIRECTION('',(0.8951777085864606,-0.44570940089916644,0));
#7683=DIRECTION('',(0.4296503575741585,0.9029953323447457,0));
#7684=DIRECTION('',(-1,0,0));
#7685=FACE_SURFACE('',(#7690),#7686,.T.);
#7686=PLANE('',#7687);
#7687=AXIS2_PLACEMENT_3D('',#462,#7688,#7689);
#7688=DIRECTION('',(0,0,1));
#7689=DIRECTION('',(-0.4296503575741585,-0.9029953323447457,0));
#7690=FACE_BOUND('',#7691,.T.);
#7691=EDGE_LOOP('',(#7692,#7693,#7694));
#7692=ORIENTED_EDGE('',*,*,#7695,.T.);
#7693=ORIENTED_EDGE('',*,*,#7696,.T.);
#7694=ORIENTED_EDGE('',*,*,#7697,.T.);
#7695=EDGE_CURVE('',#463,#309,#7698,.F.);
#7696=EDGE_CURVE('',#309,#307,#7699,.T.);
#7697=EDGE_CURVE('',#307,#463,#7700,.T.);
#7698=LINE('',#462,#7701);
#7699=LINE('',#308,#7702);
#7700=LINE('',#306,#7703);
#7701=VECTOR('',#7704,1.0);
#7702=VECTOR('',#7705,1.0);
#7703=VECTOR('',#7706,1.0);
#7704=DIRECTION('',(-0.4296503575741585,-0.9029953323447457,0));
#7705=DIRECTION('',(0.6087116202218464,0.7933915574335882,0));
#7706=DIRECTION('',(0.41982232563365507,0.9076063105221059,0));
#7707=FACE_SURFACE('',(#7712),#7708,.T.);
#7708=PLANE('',#7709);
#7709=AXIS2_PLACEMENT_3D('',#462,#7710,#7711);
#7710=DIRECTION('',(0,0,1));
#7711=DIRECTION('',(-0.41982232563365507,-0.9076063105221059,0));
#7712=FACE_BOUND('',#7713,.T.);
#7713=EDGE_LOOP('',(#7714,#7715,#7716));
#7714=ORIENTED_EDGE('',*,*,#7717,.T.);
#7715=ORIENTED_EDGE('',*,*,#7718,.T.);
#7716=ORIENTED_EDGE('',*,*,#7719,.T.);
#7717=EDGE_CURVE('',#463,#307,#7720,.F.);
#7718=EDGE_CURVE('',#307,#305,#7721,.T.);
#7719=EDGE_CURVE('',#305,#463,#7722,.T.);
#7720=LINE('',#462,#7723);
#7721=LINE('',#306,#7724);
#7722=LINE('',#304,#7725);
#7723=VECTOR('',#7726,1.0);
#7724=VECTOR('',#7727,1.0);
#7725=VECTOR('',#7728,1.0);
#7726=DIRECTION('',(-0.41982232563365507,-0.9076063105221059,0));
#7727=DIRECTION('',(0.7932971787951643,0.608834613105754,0));
#7728=DIRECTION('',(0.39672190771346677,0.9179388476037974,0));
#7729=FACE_SURFACE('',(#7734),#7730,.T.);
#7730=PLANE('',#7731);
#7731=AXIS2_PLACEMENT_3D('',#310,#7732,#7733);
#7732=DIRECTION('',(0,-0,1));
#7733=DIRECTION('',(0.3826439243330663,0.9238958962843112,0));
#7734=FACE_BOUND('',#7735,.T.);
#7735=EDGE_LOOP('',(#7736,#7737,#7738));
#7736=ORIENTED_EDGE('',*,*,#7739,.T.);
#7737=ORIENTED_EDGE('',*,*,#7740,.T.);
#7738=ORIENTED_EDGE('',*,*,#7741,.T.);
#7739=EDGE_CURVE('',#311,#309,#7742,.F.);
#7740=EDGE_CURVE('',#309,#459,#7743,.T.);
#7741=EDGE_CURVE('',#459,#311,#7744,.T.);
#7742=LINE('',#310,#7745);
#7743=LINE('',#308,#7746);
#7744=LINE('',#458,#7747);
#7745=VECTOR('',#7748,1.0);
#7746=VECTOR('',#7749,1.0);
#7747=VECTOR('',#7750,1.0);
#7748=DIRECTION('',(0.3826439243330663,0.9238958962843112,0));
#7749=DIRECTION('',(-0.8951777085864606,0.44570940089916644,0));
#7750=DIRECTION('',(0.8840746841205666,-0.4673456460662926,0));
#7751=FACE_SURFACE('',(#7756),#7752,.T.);
#7752=PLANE('',#7753);
#7753=AXIS2_PLACEMENT_3D('',#304,#7754,#7755);
#7754=DIRECTION('',(0,0,1));
#7755=DIRECTION('',(0.9238335198672833,0.3827944978309196,0));
#7756=FACE_BOUND('',#7757,.T.);
#7757=EDGE_LOOP('',(#7758,#7759,#7760));
#7758=ORIENTED_EDGE('',*,*,#7761,.T.);
#7759=ORIENTED_EDGE('',*,*,#7762,.T.);
#7760=ORIENTED_EDGE('',*,*,#7763,.T.);
#7761=EDGE_CURVE('',#305,#303,#7764,.F.);
#7762=EDGE_CURVE('',#303,#463,#7765,.T.);
#7763=EDGE_CURVE('',#463,#305,#7766,.T.);
#7764=LINE('',#304,#7767);
#7765=LINE('',#302,#7768);
#7766=LINE('',#462,#7769);
#7767=VECTOR('',#7770,1.0);
#7768=VECTOR('',#7771,1.0);
#7769=VECTOR('',#7772,1.0);
#7770=DIRECTION('',(0.9238335198672833,0.3827944978309196,0));
#7771=DIRECTION('',(0.36020474892530174,0.9328732705205249,0));
#7772=DIRECTION('',(-0.39672190771346677,-0.9179388476037974,0));
#7773=FACE_SURFACE('',(#7778),#7774,.T.);
#7774=PLANE('',#7775);
#7775=AXIS2_PLACEMENT_3D('',#462,#7776,#7777);
#7776=DIRECTION('',(0,0,1));
#7777=DIRECTION('',(-0.36020474892530174,-0.9328732705205249,0));
#7778=FACE_BOUND('',#7779,.T.);
#7779=EDGE_LOOP('',(#7780,#7781,#7782));
#7780=ORIENTED_EDGE('',*,*,#7783,.T.);
#7781=ORIENTED_EDGE('',*,*,#7784,.T.);
#7782=ORIENTED_EDGE('',*,*,#7785,.T.);
#7783=EDGE_CURVE('',#463,#303,#7786,.F.);
#7784=EDGE_CURVE('',#303,#301,#7787,.T.);
#7785=EDGE_CURVE('',#301,#463,#7788,.T.);
#7786=LINE('',#462,#7789);
#7787=LINE('',#302,#7790);
#7788=LINE('',#300,#7791);
#7789=VECTOR('',#7792,1.0);
#7790=VECTOR('',#7793,1.0);
#7791=VECTOR('',#7794,1.0);
#7792=DIRECTION('',(-0.36020474892530174,-0.9328732705205249,0));
#7793=DIRECTION('',(0.991424623789346,0.13067981995761102,0));
#7794=DIRECTION('',(0.31210316629353413,0.9500482164551178,0));
#7795=FACE_SURFACE('',(#7800),#7796,.T.);
#7796=PLANE('',#7797);
#7797=AXIS2_PLACEMENT_3D('',#462,#7798,#7799);
#7798=DIRECTION('',(0,0,1));
#7799=DIRECTION('',(-0.31210316629353413,-0.9500482164551178,0));
#7800=FACE_BOUND('',#7801,.T.);
#7801=EDGE_LOOP('',(#7802,#7803,#7804));
#7802=ORIENTED_EDGE('',*,*,#7805,.T.);
#7803=ORIENTED_EDGE('',*,*,#7806,.T.);
#7804=ORIENTED_EDGE('',*,*,#7807,.T.);
#7805=EDGE_CURVE('',#463,#301,#7808,.F.);
#7806=EDGE_CURVE('',#301,#299,#7809,.T.);
#7807=EDGE_CURVE('',#299,#463,#7810,.T.);
#7808=LINE('',#462,#7811);
#7809=LINE('',#300,#7812);
#7810=LINE('',#298,#7813);
#7811=VECTOR('',#7814,1.0);
#7812=VECTOR('',#7815,1.0);
#7813=VECTOR('',#7816,1.0);
#7814=DIRECTION('',(-0.31210316629353413,-0.9500482164551178,0));
#7815=DIRECTION('',(0.9914686154350323,-0.13034563516796457,0));
#7816=DIRECTION('',(0.2567817623142749,0.9664694131439315,0));
#7817=FACE_SURFACE('',(#7822),#7818,.T.);
#7818=PLANE('',#7819);
#7819=AXIS2_PLACEMENT_3D('',#298,#7820,#7821);
#7820=DIRECTION('',(-0,0,1));
#7821=DIRECTION('',(0.9239561086200333,-0.38249850894313986,0));
#7822=FACE_BOUND('',#7823,.T.);
#7823=EDGE_LOOP('',(#7824,#7825,#7826));
#7824=ORIENTED_EDGE('',*,*,#7827,.T.);
#7825=ORIENTED_EDGE('',*,*,#7828,.T.);
#7826=ORIENTED_EDGE('',*,*,#7829,.T.);
#7827=EDGE_CURVE('',#299,#297,#7830,.F.);
#7828=EDGE_CURVE('',#297,#463,#7831,.T.);
#7829=EDGE_CURVE('',#463,#299,#7832,.T.);
#7830=LINE('',#298,#7833);
#7831=LINE('',#296,#7834);
#7832=LINE('',#462,#7835);
#7833=VECTOR('',#7836,1.0);
#7834=VECTOR('',#7837,1.0);
#7835=VECTOR('',#7838,1.0);
#7836=DIRECTION('',(0.9239561086200333,-0.38249850894313986,0));
#7837=DIRECTION('',(0.20064568130449065,0.9796638763238424,0));
#7838=DIRECTION('',(-0.2567817623142749,-0.9664694131439315,0));
#7839=FACE_SURFACE('',(#7844),#7840,.T.);
#7840=PLANE('',#7841);
#7841=AXIS2_PLACEMENT_3D('',#462,#7842,#7843);
#7842=DIRECTION('',(0,0,1));
#7843=DIRECTION('',(-0.20064568130449065,-0.9796638763238424,0));
#7844=FACE_BOUND('',#7845,.T.);
#7845=EDGE_LOOP('',(#7846,#7847,#7848));
#7846=ORIENTED_EDGE('',*,*,#7849,.T.);
#7847=ORIENTED_EDGE('',*,*,#7850,.T.);
#7848=ORIENTED_EDGE('',*,*,#7851,.T.);
#7849=EDGE_CURVE('',#463,#297,#7852,.F.);
#7850=EDGE_CURVE('',#297,#295,#7853,.T.);
#7851=EDGE_CURVE('',#295,#463,#7854,.T.);
#7852=LINE('',#462,#7855);
#7853=LINE('',#296,#7856);
#7854=LINE('',#294,#7857);
#7855=VECTOR('',#7858,1.0);
#7856=VECTOR('',#7859,1.0);
#7857=VECTOR('',#7860,1.0);
#7858=DIRECTION('',(-0.20064568130449065,-0.9796638763238424,0));
#7859=DIRECTION('',(0.7934929723588192,-0.6085794137309988,0));
#7860=DIRECTION('',(0.15047611575323466,0.9886136447509811,0));
#7861=FACE_SURFACE('',(#7866),#7862,.T.);
#7862=PLANE('',#7863);
#7863=AXIS2_PLACEMENT_3D('',#462,#7864,#7865);
#7864=DIRECTION('',(0,0,1));
#7865=DIRECTION('',(-0.15047611575323466,-0.9886136447509811,0));
#7866=FACE_BOUND('',#7867,.T.);
#7867=EDGE_LOOP('',(#7868,#7869,#7870));
#7868=ORIENTED_EDGE('',*,*,#7871,.T.);
#7869=ORIENTED_EDGE('',*,*,#7872,.T.);
#7870=ORIENTED_EDGE('',*,*,#7873,.T.);
#7871=EDGE_CURVE('',#463,#295,#7874,.F.);
#7872=EDGE_CURVE('',#295,#293,#7875,.T.);
#7873=EDGE_CURVE('',#293,#463,#7876,.T.);
#7874=LINE('',#462,#7877);
#7875=LINE('',#294,#7878);
#7876=LINE('',#292,#7879);
#7877=VECTOR('',#7880,1.0);
#7878=VECTOR('',#7881,1.0);
#7879=VECTOR('',#7882,1.0);
#7880=DIRECTION('',(-0.15047611575323466,-0.9886136447509811,0));
#7881=DIRECTION('',(0.6089667887102354,-0.7931957200136318,0));
#7882=DIRECTION('',(0.11152127351969626,0.9937620467458722,0));
#7883=FACE_SURFACE('',(#7888),#7884,.T.);
#7884=PLANE('',#7885);
#7885=AXIS2_PLACEMENT_3D('',#292,#7886,#7887);
#7886=DIRECTION('',(-0,0,1));
#7887=DIRECTION('',(0.3829523659129473,-0.9237680907249808,0));
#7888=FACE_BOUND('',#7889,.T.);
#7889=EDGE_LOOP('',(#7890,#7891,#7892));
#7890=ORIENTED_EDGE('',*,*,#7893,.T.);
#7891=ORIENTED_EDGE('',*,*,#7894,.T.);
#7892=ORIENTED_EDGE('',*,*,#7895,.T.);
#7893=EDGE_CURVE('',#293,#291,#7896,.F.);
#7894=EDGE_CURVE('',#291,#463,#7897,.T.);
#7895=EDGE_CURVE('',#463,#293,#7898,.T.);
#7896=LINE('',#292,#7899);
#7897=LINE('',#290,#7900);
#7898=LINE('',#462,#7901);
#7899=VECTOR('',#7902,1.0);
#7900=VECTOR('',#7903,1.0);
#7901=VECTOR('',#7904,1.0);
#7902=DIRECTION('',(0.3829523659129473,-0.9237680907249808,0));
#7903=DIRECTION('',(0.08651344301814715,0.9962506834010936,0));
#7904=DIRECTION('',(-0.11152127351969626,-0.9937620467458722,0));
#7905=FACE_SURFACE('',(#7910),#7906,.T.);
#7906=PLANE('',#7907);
#7907=AXIS2_PLACEMENT_3D('',#462,#7908,#7909);
#7908=DIRECTION('',(0,0,1));
#7909=DIRECTION('',(-0.08651344301814715,-0.9962506834010936,0));
#7910=FACE_BOUND('',#7911,.T.);
#7911=EDGE_LOOP('',(#7912,#7913,#7914));
#7912=ORIENTED_EDGE('',*,*,#7915,.T.);
#7913=ORIENTED_EDGE('',*,*,#7916,.T.);
#7914=ORIENTED_EDGE('',*,*,#7917,.T.);
#7915=EDGE_CURVE('',#463,#291,#7918,.F.);
#7916=EDGE_CURVE('',#291,#289,#7919,.T.);
#7917=EDGE_CURVE('',#289,#463,#7920,.T.);
#7918=LINE('',#462,#7921);
#7919=LINE('',#290,#7922);
#7920=LINE('',#288,#7923);
#7921=VECTOR('',#7924,1.0);
#7922=VECTOR('',#7925,1.0);
#7923=VECTOR('',#7926,1.0);
#7924=DIRECTION('',(-0.08651344301814715,-0.9962506834010936,0));
#7925=DIRECTION('',(0.1308272526749855,-0.9914051795091227,0));
#7926=DIRECTION('',(0.07586150353665123,0.9971183642282188,0));
#7927=FACE_SURFACE('',(#7932),#7928,.T.);
#7928=PLANE('',#7929);
#7929=AXIS2_PLACEMENT_3D('',#288,#7930,#7931);
#7930=DIRECTION('',(0,0,1));
#7931=DIRECTION('',(-0.13018288735074618,-0.9914899978522339,0));
#7932=FACE_BOUND('',#7933,.T.);
#7933=EDGE_LOOP('',(#7934,#7935,#7936));
#7934=ORIENTED_EDGE('',*,*,#7937,.T.);
#7935=ORIENTED_EDGE('',*,*,#7938,.T.);
#7936=ORIENTED_EDGE('',*,*,#7939,.T.);
#7937=EDGE_CURVE('',#289,#287,#7940,.F.);
#7938=EDGE_CURVE('',#287,#337,#7941,.T.);
#7939=EDGE_CURVE('',#337,#289,#7942,.T.);
#7940=LINE('',#288,#7943);
#7941=LINE('',#286,#7944);
#7942=LINE('',#336,#7945);
#7943=VECTOR('',#7946,1.0);
#7944=VECTOR('',#7947,1.0);
#7945=VECTOR('',#7948,1.0);
#7946=DIRECTION('',(-0.13018288735074618,-0.9914899978522339,0));
#7947=DIRECTION('',(0.000415713438746353,-0.9999999135911647,0));
#7948=DIRECTION('',(0,1,0));
#7949=FACE_SURFACE('',(#7954),#7950,.T.);
#7950=PLANE('',#7951);
#7951=AXIS2_PLACEMENT_3D('',#336,#7952,#7953);
#7952=DIRECTION('',(0,0,1));
#7953=DIRECTION('',(-0.000415713438746353,0.9999999135911647,0));
#7954=FACE_BOUND('',#7955,.T.);
#7955=EDGE_LOOP('',(#7956,#7957,#7958));
#7956=ORIENTED_EDGE('',*,*,#7959,.T.);
#7957=ORIENTED_EDGE('',*,*,#7960,.T.);
#7958=ORIENTED_EDGE('',*,*,#7961,.T.);
#7959=EDGE_CURVE('',#337,#287,#7962,.F.);
#7960=EDGE_CURVE('',#287,#335,#7963,.T.);
#7961=EDGE_CURVE('',#335,#337,#7964,.T.);
#7962=LINE('',#336,#7965);
#7963=LINE('',#286,#7966);
#7964=LINE('',#334,#7967);
#7965=VECTOR('',#7968,1.0);
#7966=VECTOR('',#7969,1.0);
#7967=VECTOR('',#7970,1.0);
#7968=DIRECTION('',(-0.000415713438746353,0.9999999135911647,0));
#7969=DIRECTION('',(-1.1235759114212476E-06,-0.9999999999993688,0));
#7970=DIRECTION('',(0.13052104055558156,-0.9914455395896884,0));
#7971=FACE_SURFACE('',(#7976),#7972,.T.);
#7972=PLANE('',#7973);
#7973=AXIS2_PLACEMENT_3D('',#334,#7974,#7975);
#7974=DIRECTION('',(0,-0,1));
#7975=DIRECTION('',(1.1235759114212476E-06,0.9999999999993688,0));
#7976=FACE_BOUND('',#7977,.T.);
#7977=EDGE_LOOP('',(#7978,#7979,#7980));
#7978=ORIENTED_EDGE('',*,*,#7981,.T.);
#7979=ORIENTED_EDGE('',*,*,#7982,.T.);
#7980=ORIENTED_EDGE('',*,*,#7983,.T.);
#7981=EDGE_CURVE('',#335,#287,#7984,.F.);
#7982=EDGE_CURVE('',#287,#285,#7985,.T.);
#7983=EDGE_CURVE('',#285,#335,#7986,.T.);
#7984=LINE('',#334,#7987);
#7985=LINE('',#286,#7988);
#7986=LINE('',#284,#7989);
#7987=VECTOR('',#7990,1.0);
#7988=VECTOR('',#7991,1.0);
#7989=VECTOR('',#7992,1.0);
#7990=DIRECTION('',(1.1235759114212476E-06,0.9999999999993688,0));
#7991=DIRECTION('',(-0.382340605673555,-0.9240214614678488,0));
#7992=DIRECTION('',(0.001227299701484459,-0.9999992468674377,0));
#7993=FACE_SURFACE('',(#7998),#7994,.T.);
#7994=PLANE('',#7995);
#7995=AXIS2_PLACEMENT_3D('',#334,#7996,#7997);
#7996=DIRECTION('',(0,0,1));
#7997=DIRECTION('',(-0.001227299701484459,0.9999992468674377,0));
#7998=FACE_BOUND('',#7999,.T.);
#7999=EDGE_LOOP('',(#8000,#8001,#8002));
#8000=ORIENTED_EDGE('',*,*,#8003,.T.);
#8001=ORIENTED_EDGE('',*,*,#8004,.T.);
#8002=ORIENTED_EDGE('',*,*,#8005,.T.);
#8003=EDGE_CURVE('',#335,#285,#8006,.F.);
#8004=EDGE_CURVE('',#285,#333,#8007,.T.);
#8005=EDGE_CURVE('',#333,#335,#8008,.T.);
#8006=LINE('',#334,#8009);
#8007=LINE('',#284,#8010);
#8008=LINE('',#332,#8011);
#8009=VECTOR('',#8012,1.0);
#8010=VECTOR('',#8013,1.0);
#8011=VECTOR('',#8014,1.0);
#8012=DIRECTION('',(-0.001227299701484459,0.9999992468674377,0));
#8013=DIRECTION('',(-2.3547228428748492E-06,-0.9999999999972277,0));
#8014=DIRECTION('',(0.3826804604958138,-0.9238807634942466,0));
#8015=FACE_SURFACE('',(#8020),#8016,.T.);
#8016=PLANE('',#8017);
#8017=AXIS2_PLACEMENT_3D('',#332,#8018,#8019);
#8018=DIRECTION('',(0,-0,1));
#8019=DIRECTION('',(2.3547228428748492E-06,0.9999999999972277,0));
#8020=FACE_BOUND('',#8021,.T.);
#8021=EDGE_LOOP('',(#8022,#8023,#8024));
#8022=ORIENTED_EDGE('',*,*,#8025,.T.);
#8023=ORIENTED_EDGE('',*,*,#8026,.T.);
#8024=ORIENTED_EDGE('',*,*,#8027,.T.);
#8025=EDGE_CURVE('',#333,#285,#8028,.F.);
#8026=EDGE_CURVE('',#285,#283,#8029,.T.);
#8027=EDGE_CURVE('',#283,#333,#8030,.T.);
#8028=LINE('',#332,#8031);
#8029=LINE('',#284,#8032);
#8030=LINE('',#282,#8033);
#8031=VECTOR('',#8034,1.0);
#8032=VECTOR('',#8035,1.0);
#8033=VECTOR('',#8036,1.0);
#8034=DIRECTION('',(2.3547228428748492E-06,0.9999999999972277,0));
#8035=DIRECTION('',(-0.6084507189626183,-0.7935916598565493,0));
#8036=DIRECTION('',(0.001963393196476995,-0.9999980725417204,0));
#8037=FACE_SURFACE('',(#8042),#8038,.T.);
#8038=PLANE('',#8039);
#8039=AXIS2_PLACEMENT_3D('',#332,#8040,#8041);
#8040=DIRECTION('',(0,0,1));
#8041=DIRECTION('',(-0.001963393196476995,0.9999980725417204,0));
#8042=FACE_BOUND('',#8043,.T.);
#8043=EDGE_LOOP('',(#8044,#8045,#8046));
#8044=ORIENTED_EDGE('',*,*,#8047,.T.);
#8045=ORIENTED_EDGE('',*,*,#8048,.T.);
#8046=ORIENTED_EDGE('',*,*,#8049,.T.);
#8047=EDGE_CURVE('',#333,#283,#8050,.F.);
#8048=EDGE_CURVE('',#283,#331,#8051,.T.);
#8049=EDGE_CURVE('',#331,#333,#8052,.T.);
#8050=LINE('',#332,#8053);
#8051=LINE('',#282,#8054);
#8052=LINE('',#330,#8055);
#8053=VECTOR('',#8056,1.0);
#8054=VECTOR('',#8057,1.0);
#8055=VECTOR('',#8058,1.0);
#8056=DIRECTION('',(-0.001963393196476995,0.9999980725417204,0));
#8057=DIRECTION('',(-3.5975774481269893E-06,-0.9999999999935287,0));
#8058=DIRECTION('',(0.6087640334084832,-0.7933513418582181,0));
#8059=FACE_SURFACE('',(#8064),#8060,.T.);
#8060=PLANE('',#8061);
#8061=AXIS2_PLACEMENT_3D('',#330,#8062,#8063);
#8062=DIRECTION('',(0,-0,1));
#8063=DIRECTION('',(3.5975774481269893E-06,0.9999999999935287,0));
#8064=FACE_BOUND('',#8065,.T.);
#8065=EDGE_LOOP('',(#8066,#8067,#8068));
#8066=ORIENTED_EDGE('',*,*,#8069,.T.);
#8067=ORIENTED_EDGE('',*,*,#8070,.T.);
#8068=ORIENTED_EDGE('',*,*,#8071,.T.);
#8069=EDGE_CURVE('',#331,#283,#8072,.F.);
#8070=EDGE_CURVE('',#283,#281,#8073,.T.);
#8071=EDGE_CURVE('',#281,#331,#8074,.T.);
#8072=LINE('',#330,#8075);
#8073=LINE('',#282,#8076);
#8074=LINE('',#280,#8077);
#8075=VECTOR('',#8078,1.0);
#8076=VECTOR('',#8079,1.0);
#8077=VECTOR('',#8080,1.0);
#8078=DIRECTION('',(3.5975774481269893E-06,0.9999999999935287,0));
#8079=DIRECTION('',(-0.7930961310174479,-0.609096484118202,0));
#8080=DIRECTION('',(0.002570372057673462,-0.9999966965882863,0));
#8081=FACE_SURFACE('',(#8086),#8082,.T.);
#8082=PLANE('',#8083);
#8083=AXIS2_PLACEMENT_3D('',#330,#8084,#8085);
#8084=DIRECTION('',(0,0,1));
#8085=DIRECTION('',(-0.002570372057673462,0.9999966965882863,0));
#8086=FACE_BOUND('',#8087,.T.);
#8087=EDGE_LOOP('',(#8088,#8089,#8090));
#8088=ORIENTED_EDGE('',*,*,#8091,.T.);
#8089=ORIENTED_EDGE('',*,*,#8092,.T.);
#8090=ORIENTED_EDGE('',*,*,#8093,.T.);
#8091=EDGE_CURVE('',#331,#281,#8094,.F.);
#8092=EDGE_CURVE('',#281,#329,#8095,.T.);
#8093=EDGE_CURVE('',#329,#331,#8096,.T.);
#8094=LINE('',#330,#8097);
#8095=LINE('',#280,#8098);
#8096=LINE('',#328,#8099);
#8097=VECTOR('',#8100,1.0);
#8098=VECTOR('',#8101,1.0);
#8099=VECTOR('',#8102,1.0);
#8100=DIRECTION('',(-0.002570372057673462,0.9999966965882863,0));
#8101=DIRECTION('',(-4.704878310052587E-06,-0.9999999999889321,0));
#8102=DIRECTION('',(0.7933583992601054,-0.6087548359754058,0));
#8103=FACE_SURFACE('',(#8108),#8104,.T.);
#8104=PLANE('',#8105);
#8105=AXIS2_PLACEMENT_3D('',#328,#8106,#8107);
#8106=DIRECTION('',(0,-0,1));
#8107=DIRECTION('',(4.704878310052587E-06,0.9999999999889321,0));
#8108=FACE_BOUND('',#8109,.T.);
#8109=EDGE_LOOP('',(#8110,#8111,#8112));
#8110=ORIENTED_EDGE('',*,*,#8113,.T.);
#8111=ORIENTED_EDGE('',*,*,#8114,.T.);
#8112=ORIENTED_EDGE('',*,*,#8115,.T.);
#8113=EDGE_CURVE('',#329,#281,#8116,.F.);
#8114=EDGE_CURVE('',#281,#279,#8117,.T.);
#8115=EDGE_CURVE('',#279,#329,#8118,.T.);
#8116=LINE('',#328,#8119);
#8117=LINE('',#280,#8120);
#8118=LINE('',#278,#8121);
#8119=VECTOR('',#8122,1.0);
#8120=VECTOR('',#8123,1.0);
#8121=VECTOR('',#8124,1.0);
#8122=DIRECTION('',(4.704878310052587E-06,0.9999999999889321,0));
#8123=DIRECTION('',(-0.9237078071984693,-0.3830977511296503,0));
#8124=DIRECTION('',(0.003002825923916056,-0.9999954915080721,0));
#8125=FACE_SURFACE('',(#8130),#8126,.T.);
#8126=PLANE('',#8127);
#8127=AXIS2_PLACEMENT_3D('',#328,#8128,#8129);
#8128=DIRECTION('',(0,0,1));
#8129=DIRECTION('',(-0.003002825923916056,0.9999954915080721,0));
#8130=FACE_BOUND('',#8131,.T.);
#8131=EDGE_LOOP('',(#8132,#8133,#8134));
#8132=ORIENTED_EDGE('',*,*,#8135,.T.);
#8133=ORIENTED_EDGE('',*,*,#8136,.T.);
#8134=ORIENTED_EDGE('',*,*,#8137,.T.);
#8135=EDGE_CURVE('',#329,#279,#8138,.F.);
#8136=EDGE_CURVE('',#279,#327,#8139,.T.);
#8137=EDGE_CURVE('',#327,#329,#8140,.T.);
#8138=LINE('',#328,#8141);
#8139=LINE('',#278,#8142);
#8140=LINE('',#326,#8143);
#8141=VECTOR('',#8144,1.0);
#8142=VECTOR('',#8145,1.0);
#8143=VECTOR('',#8146,1.0);
#8144=DIRECTION('',(-0.003002825923916056,0.9999954915080721,0));
#8145=DIRECTION('',(-5.574192707330481E-06,-0.9999999999844642,0));
#8146=DIRECTION('',(0.9238755970610649,-0.38269293324421466,0));
#8147=FACE_SURFACE('',(#8152),#8148,.T.);
#8148=PLANE('',#8149);
#8149=AXIS2_PLACEMENT_3D('',#326,#8150,#8151);
#8150=DIRECTION('',(0,-0,1));
#8151=DIRECTION('',(5.574192707330481E-06,0.9999999999844642,0));
#8152=FACE_BOUND('',#8153,.T.);
#8153=EDGE_LOOP('',(#8154,#8155,#8156));
#8154=ORIENTED_EDGE('',*,*,#8157,.T.);
#8155=ORIENTED_EDGE('',*,*,#8158,.T.);
#8156=ORIENTED_EDGE('',*,*,#8159,.T.);
#8157=EDGE_CURVE('',#327,#279,#8160,.F.);
#8158=EDGE_CURVE('',#279,#277,#8161,.T.);
#8159=EDGE_CURVE('',#277,#327,#8162,.T.);
#8160=LINE('',#326,#8163);
#8161=LINE('',#278,#8164);
#8162=LINE('',#276,#8165);
#8163=VECTOR('',#8166,1.0);
#8164=VECTOR('',#8167,1.0);
#8165=VECTOR('',#8168,1.0);
#8166=DIRECTION('',(5.574192707330481E-06,0.9999999999844642,0));
#8167=DIRECTION('',(-0.9913828662435797,-0.1309962309330492,0));
#8168=DIRECTION('',(0.003227675710798392,-0.9999947910411863,0));
#8169=FACE_SURFACE('',(#8174),#8170,.T.);
#8170=PLANE('',#8171);
#8171=AXIS2_PLACEMENT_3D('',#326,#8172,#8173);
#8172=DIRECTION('',(0,0,1));
#8173=DIRECTION('',(-0.003227675710798392,0.9999947910411863,0));
#8174=FACE_BOUND('',#8175,.T.);
#8175=EDGE_LOOP('',(#8176,#8177,#8178));
#8176=ORIENTED_EDGE('',*,*,#8179,.T.);
#8177=ORIENTED_EDGE('',*,*,#8180,.T.);
#8178=ORIENTED_EDGE('',*,*,#8181,.T.);
#8179=EDGE_CURVE('',#327,#277,#8182,.F.);
#8180=EDGE_CURVE('',#277,#325,#8183,.T.);
#8181=EDGE_CURVE('',#325,#327,#8184,.T.);
#8182=LINE('',#326,#8185);
#8183=LINE('',#276,#8186);
#8184=LINE('',#324,#8187);
#8185=VECTOR('',#8188,1.0);
#8186=VECTOR('',#8189,1.0);
#8187=VECTOR('',#8190,1.0);
#8188=DIRECTION('',(-0.003227675710798392,0.9999947910411863,0));
#8189=DIRECTION('',(-6.151149184753844E-06,-0.9999999999810816,0));
#8190=DIRECTION('',(0.9914455395896884,-0.13052104055558156,0));
#8191=FACE_SURFACE('',(#8196),#8192,.T.);
#8192=PLANE('',#8193);
#8193=AXIS2_PLACEMENT_3D('',#324,#8194,#8195);
#8194=DIRECTION('',(0,-0,1));
#8195=DIRECTION('',(6.151149184753844E-06,0.9999999999810816,0));
#8196=FACE_BOUND('',#8197,.T.);
#8197=EDGE_LOOP('',(#8198,#8199,#8200));
#8198=ORIENTED_EDGE('',*,*,#8201,.T.);
#8199=ORIENTED_EDGE('',*,*,#8202,.T.);
#8200=ORIENTED_EDGE('',*,*,#8203,.T.);
#8201=EDGE_CURVE('',#325,#277,#8204,.F.);
#8202=EDGE_CURVE('',#277,#275,#8205,.T.);
#8203=EDGE_CURVE('',#275,#325,#8206,.T.);
#8204=LINE('',#324,#8207);
#8205=LINE('',#276,#8208);
#8206=LINE('',#274,#8209);
#8207=VECTOR('',#8210,1.0);
#8208=VECTOR('',#8211,1.0);
#8209=VECTOR('',#8212,1.0);
#8210=DIRECTION('',(6.151149184753844E-06,0.9999999999810816,0));
#8211=DIRECTION('',(-0.9915101638042156,0.13002920853768843,0));
#8212=DIRECTION('',(0.0032275856935381378,-0.9999947913317303,0));
#8213=FACE_SURFACE('',(#8218),#8214,.T.);
#8214=PLANE('',#8215);
#8215=AXIS2_PLACEMENT_3D('',#324,#8216,#8217);
#8216=DIRECTION('',(0,0,1));
#8217=DIRECTION('',(-0.0032275856935381378,0.9999947913317303,0));
#8218=FACE_BOUND('',#8219,.T.);
#8219=EDGE_LOOP('',(#8220,#8221,#8222));
#8220=ORIENTED_EDGE('',*,*,#8223,.T.);
#8221=ORIENTED_EDGE('',*,*,#8224,.T.);
#8222=ORIENTED_EDGE('',*,*,#8225,.T.);
#8223=EDGE_CURVE('',#325,#275,#8226,.F.);
#8224=EDGE_CURVE('',#275,#323,#8227,.T.);
#8225=EDGE_CURVE('',#323,#325,#8228,.T.);
#8226=LINE('',#324,#8229);
#8227=LINE('',#274,#8230);
#8228=LINE('',#322,#8231);
#8229=VECTOR('',#8232,1.0);
#8230=VECTOR('',#8233,1.0);
#8231=VECTOR('',#8234,1.0);
#8232=DIRECTION('',(-0.0032275856935381378,0.9999947913317303,0));
#8233=DIRECTION('',(-6.193566927720268E-06,-0.9999999999808199,0));
#8234=DIRECTION('',(0.99144529064532,0.13052293153778352,0));
#8235=FACE_SURFACE('',(#8240),#8236,.T.);
#8236=PLANE('',#8237);
#8237=AXIS2_PLACEMENT_3D('',#322,#8238,#8239);
#8238=DIRECTION('',(0,-0,1));
#8239=DIRECTION('',(6.193566927720268E-06,0.9999999999808199,0));
#8240=FACE_BOUND('',#8241,.T.);
#8241=EDGE_LOOP('',(#8242,#8243,#8244));
#8242=ORIENTED_EDGE('',*,*,#8245,.T.);
#8243=ORIENTED_EDGE('',*,*,#8246,.T.);
#8244=ORIENTED_EDGE('',*,*,#8247,.T.);
#8245=EDGE_CURVE('',#323,#275,#8248,.F.);
#8246=EDGE_CURVE('',#275,#273,#8249,.T.);
#8247=EDGE_CURVE('',#273,#323,#8250,.T.);
#8248=LINE('',#322,#8251);
#8249=LINE('',#274,#8252);
#8250=LINE('',#272,#8253);
#8251=VECTOR('',#8254,1.0);
#8252=VECTOR('',#8255,1.0);
#8253=VECTOR('',#8256,1.0);
#8254=DIRECTION('',(6.193566927720268E-06,0.9999999999808199,0));
#8255=DIRECTION('',(-0.9240816268599302,0.3821951685983283,0));
#8256=DIRECTION('',(0.0030025551435937433,-0.9999954923211453,0));
#8257=FACE_SURFACE('',(#8262),#8258,.T.);
#8258=PLANE('',#8259);
#8259=AXIS2_PLACEMENT_3D('',#322,#8260,#8261);
#8260=DIRECTION('',(0,0,1));
#8261=DIRECTION('',(-0.0030025551435937433,0.9999954923211453,0));
#8262=FACE_BOUND('',#8263,.T.);
#8263=EDGE_LOOP('',(#8264,#8265,#8266));
#8264=ORIENTED_EDGE('',*,*,#8267,.T.);
#8265=ORIENTED_EDGE('',*,*,#8268,.T.);
#8266=ORIENTED_EDGE('',*,*,#8269,.T.);
#8267=EDGE_CURVE('',#323,#273,#8270,.F.);
#8268=EDGE_CURVE('',#273,#321,#8271,.T.);
#8269=EDGE_CURVE('',#321,#323,#8272,.T.);
#8270=LINE('',#322,#8273);
#8271=LINE('',#272,#8274);
#8272=LINE('',#320,#8275);
#8273=VECTOR('',#8276,1.0);
#8274=VECTOR('',#8277,1.0);
#8275=VECTOR('',#8278,1.0);
#8276=DIRECTION('',(-0.0030025551435937433,0.9999954923211453,0));
#8277=DIRECTION('',(-5.893014741012667E-06,-0.9999999999826362,0));
#8278=DIRECTION('',(0.923877737109574,0.382687766819496,0));
#8279=FACE_SURFACE('',(#8284),#8280,.T.);
#8280=PLANE('',#8281);
#8281=AXIS2_PLACEMENT_3D('',#320,#8282,#8283);
#8282=DIRECTION('',(0,-0,1));
#8283=DIRECTION('',(5.893014741012667E-06,0.9999999999826362,0));
#8284=FACE_BOUND('',#8285,.T.);
#8285=EDGE_LOOP('',(#8286,#8287,#8288));
#8286=ORIENTED_EDGE('',*,*,#8289,.T.);
#8287=ORIENTED_EDGE('',*,*,#8290,.T.);
#8288=ORIENTED_EDGE('',*,*,#8291,.T.);
#8289=EDGE_CURVE('',#321,#273,#8292,.F.);
#8290=EDGE_CURVE('',#273,#271,#8293,.T.);
#8291=EDGE_CURVE('',#271,#321,#8294,.T.);
#8292=LINE('',#320,#8295);
#8293=LINE('',#272,#8296);
#8294=LINE('',#270,#8297);
#8295=VECTOR('',#8298,1.0);
#8296=VECTOR('',#8299,1.0);
#8297=VECTOR('',#8300,1.0);
#8298=DIRECTION('',(5.893014741012667E-06,0.9999999999826362,0));
#8299=DIRECTION('',(-0.7936903273977238,0.6083220069957144,0));
#8300=DIRECTION('',(0.002570012367486233,-0.9999966975127623,0));
#8301=FACE_SURFACE('',(#8306),#8302,.T.);
#8302=PLANE('',#8303);
#8303=AXIS2_PLACEMENT_3D('',#320,#8304,#8305);
#8304=DIRECTION('',(0,0,1));
#8305=DIRECTION('',(-0.002570012367486233,0.9999966975127623,0));
#8306=FACE_BOUND('',#8307,.T.);
#8307=EDGE_LOOP('',(#8308,#8309,#8310));
#8308=ORIENTED_EDGE('',*,*,#8311,.T.);
#8309=ORIENTED_EDGE('',*,*,#8312,.T.);
#8310=ORIENTED_EDGE('',*,*,#8313,.T.);
#8311=EDGE_CURVE('',#321,#271,#8314,.F.);
#8312=EDGE_CURVE('',#271,#319,#8315,.T.);
#8313=EDGE_CURVE('',#319,#321,#8316,.T.);
#8314=LINE('',#320,#8317);
#8315=LINE('',#270,#8318);
#8316=LINE('',#318,#8319);
#8317=VECTOR('',#8320,1.0);
#8318=VECTOR('',#8321,1.0);
#8319=VECTOR('',#8322,1.0);
#8320=DIRECTION('',(-0.002570012367486233,0.9999966975127623,0));
#8321=DIRECTION('',(-5.017716919330359E-06,-0.9999999999874113,0));
#8322=DIRECTION('',(0.793352983916918,0.6087618934444915,0));
#8323=FACE_SURFACE('',(#8328),#8324,.T.);
#8324=PLANE('',#8325);
#8325=AXIS2_PLACEMENT_3D('',#318,#8326,#8327);
#8326=DIRECTION('',(0,-0,1));
#8327=DIRECTION('',(5.017716919330359E-06,0.9999999999874113,0));
#8328=FACE_BOUND('',#8329,.T.);
#8329=EDGE_LOOP('',(#8330,#8331,#8332));
#8330=ORIENTED_EDGE('',*,*,#8333,.T.);
#8331=ORIENTED_EDGE('',*,*,#8334,.T.);
#8332=ORIENTED_EDGE('',*,*,#8335,.T.);
#8333=EDGE_CURVE('',#319,#271,#8336,.F.);
#8334=EDGE_CURVE('',#271,#269,#8337,.T.);
#8335=EDGE_CURVE('',#269,#319,#8338,.T.);
#8336=LINE('',#318,#8339);
#8337=LINE('',#270,#8340);
#8338=LINE('',#268,#8341);
#8339=VECTOR('',#8342,1.0);
#8340=VECTOR('',#8343,1.0);
#8341=VECTOR('',#8344,1.0);
#8342=DIRECTION('',(5.017716919330359E-06,0.9999999999874113,0));
#8343=DIRECTION('',(-0.6092240296187931,0.7929981599821276,0));
#8344=DIRECTION('',(0.0019632711568687783,-0.9999980727813251,0));
#8345=FACE_SURFACE('',(#8350),#8346,.T.);
#8346=PLANE('',#8347);
#8347=AXIS2_PLACEMENT_3D('',#318,#8348,#8349);
#8348=DIRECTION('',(0,0,1));
#8349=DIRECTION('',(-0.0019632711568687783,0.9999980727813251,0));
#8350=FACE_BOUND('',#8351,.T.);
#8351=EDGE_LOOP('',(#8352,#8353,#8354));
#8352=ORIENTED_EDGE('',*,*,#8355,.T.);
#8353=ORIENTED_EDGE('',*,*,#8356,.T.);
#8354=ORIENTED_EDGE('',*,*,#8357,.T.);
#8355=EDGE_CURVE('',#319,#269,#8358,.F.);
#8356=EDGE_CURVE('',#269,#317,#8359,.T.);
#8357=EDGE_CURVE('',#317,#319,#8360,.T.);
#8358=LINE('',#318,#8361);
#8359=LINE('',#268,#8362);
#8360=LINE('',#316,#8363);
#8361=VECTOR('',#8364,1.0);
#8362=VECTOR('',#8365,1.0);
#8363=VECTOR('',#8366,1.0);
#8364=DIRECTION('',(-0.0019632711568687783,0.9999980727813251,0));
#8365=DIRECTION('',(-3.7205009894509073E-06,-0.999999999993079,0));
#8366=DIRECTION('',(0.6087640334084832,0.7933513418582181,0));
#8367=FACE_SURFACE('',(#8372),#8368,.T.);
#8368=PLANE('',#8369);
#8369=AXIS2_PLACEMENT_3D('',#316,#8370,#8371);
#8370=DIRECTION('',(0,-0,1));
#8371=DIRECTION('',(3.7205009894509073E-06,0.999999999993079,0));
#8372=FACE_BOUND('',#8373,.T.);
#8373=EDGE_LOOP('',(#8374,#8375,#8376));
#8374=ORIENTED_EDGE('',*,*,#8377,.T.);
#8375=ORIENTED_EDGE('',*,*,#8378,.T.);
#8376=ORIENTED_EDGE('',*,*,#8379,.T.);
#8377=EDGE_CURVE('',#317,#269,#8380,.F.);
#8378=EDGE_CURVE('',#269,#267,#8381,.T.);
#8379=EDGE_CURVE('',#267,#317,#8382,.T.);
#8380=LINE('',#316,#8383);
#8381=LINE('',#268,#8384);
#8382=LINE('',#266,#8385);
#8383=VECTOR('',#8386,1.0);
#8384=VECTOR('',#8387,1.0);
#8385=VECTOR('',#8388,1.0);
#8386=DIRECTION('',(3.7205009894509073E-06,0.999999999993079,0));
#8387=DIRECTION('',(-0.3832581805718321,0.923641254505649,0));
#8388=DIRECTION('',(0.0012276894321895928,-0.999999246389045,0));
#8389=FACE_SURFACE('',(#8394),#8390,.T.);
#8390=PLANE('',#8391);
#8391=AXIS2_PLACEMENT_3D('',#316,#8392,#8393);
#8392=DIRECTION('',(0,0,1));
#8393=DIRECTION('',(-0.0012276894321895928,0.999999246389045,0));
#8394=FACE_BOUND('',#8395,.T.);
#8395=EDGE_LOOP('',(#8396,#8397,#8398));
#8396=ORIENTED_EDGE('',*,*,#8399,.T.);
#8397=ORIENTED_EDGE('',*,*,#8400,.T.);
#8398=ORIENTED_EDGE('',*,*,#8401,.T.);
#8399=EDGE_CURVE('',#317,#267,#8402,.F.);
#8400=EDGE_CURVE('',#267,#315,#8403,.T.);
#8401=EDGE_CURVE('',#315,#317,#8404,.T.);
#8402=LINE('',#316,#8405);
#8403=LINE('',#266,#8406);
#8404=LINE('',#314,#8407);
#8405=VECTOR('',#8408,1.0);
#8406=VECTOR('',#8409,1.0);
#8407=VECTOR('',#8410,1.0);
#8408=DIRECTION('',(-0.0012276894321895928,0.999999246389045,0));
#8409=DIRECTION('',(-1.966280628035595E-06,-0.9999999999980669,0));
#8410=DIRECTION('',(0.3826804604958138,0.9238807634942466,0));
#8411=FACE_SURFACE('',(#8416),#8412,.T.);
#8412=PLANE('',#8413);
#8413=AXIS2_PLACEMENT_3D('',#314,#8414,#8415);
#8414=DIRECTION('',(0,-0,1));
#8415=DIRECTION('',(1.966280628035595E-06,0.9999999999980669,0));
#8416=FACE_BOUND('',#8417,.T.);
#8417=EDGE_LOOP('',(#8418,#8419,#8420));
#8418=ORIENTED_EDGE('',*,*,#8421,.T.);
#8419=ORIENTED_EDGE('',*,*,#8422,.T.);
#8420=ORIENTED_EDGE('',*,*,#8423,.T.);
#8421=EDGE_CURVE('',#315,#267,#8424,.F.);
#8422=EDGE_CURVE('',#267,#59,#8425,.T.);
#8423=EDGE_CURVE('',#59,#315,#8426,.T.);
#8424=LINE('',#314,#8427);
#8425=LINE('',#266,#8428);
#8426=LINE('',#58,#8429);
#8427=VECTOR('',#8430,1.0);
#8428=VECTOR('',#8431,1.0);
#8429=VECTOR('',#8432,1.0);
#8430=DIRECTION('',(1.966280628035595E-06,0.9999999999980669,0));
#8431=DIRECTION('',(-0.13114894449562617,0.991362675491509,0));
#8432=DIRECTION('',(0.0004168385242464992,-0.9999999131228186,0));
#8433=FACE_SURFACE('',(#8438),#8434,.T.);
#8434=PLANE('',#8435);
#8435=AXIS2_PLACEMENT_3D('',#314,#8436,#8437);
#8436=DIRECTION('',(0,0,1));
#8437=DIRECTION('',(-0.0004168385242464992,0.9999999131228186,0));
#8438=FACE_BOUND('',#8439,.T.);
#8439=EDGE_LOOP('',(#8440,#8441,#8442));
#8440=ORIENTED_EDGE('',*,*,#8443,.T.);
#8441=ORIENTED_EDGE('',*,*,#8444,.T.);
#8442=ORIENTED_EDGE('',*,*,#8445,.T.);
#8443=EDGE_CURVE('',#315,#59,#8446,.F.);
#8444=EDGE_CURVE('',#59,#313,#8447,.T.);
#8445=EDGE_CURVE('',#313,#315,#8448,.T.);
#8446=LINE('',#314,#8449);
#8447=LINE('',#58,#8450);
#8448=LINE('',#312,#8451);
#8449=VECTOR('',#8452,1.0);
#8450=VECTOR('',#8453,1.0);
#8451=VECTOR('',#8454,1.0);
#8452=DIRECTION('',(-0.0004168385242464992,0.9999999131228186,0));
#8453=DIRECTION('',(-4.6520698361280436E-08,-0.999999999999999,0));
#8454=DIRECTION('',(0.13053540432077632,0.9914436485342026,0));
#8455=FACE_SURFACE('',(#8460),#8456,.T.);
#8456=PLANE('',#8457);
#8457=AXIS2_PLACEMENT_3D('',#312,#8458,#8459);
#8458=DIRECTION('',(0,-0,1));
#8459=DIRECTION('',(4.6520698361280436E-08,0.999999999999999,0));
#8460=FACE_BOUND('',#8461,.T.);
#8461=EDGE_LOOP('',(#8462,#8463,#8464));
#8462=ORIENTED_EDGE('',*,*,#8465,.T.);
#8463=ORIENTED_EDGE('',*,*,#8466,.T.);
#8464=ORIENTED_EDGE('',*,*,#8467,.T.);
#8465=EDGE_CURVE('',#313,#59,#8468,.F.);
#8466=EDGE_CURVE('',#59,#457,#8469,.T.);
#8467=EDGE_CURVE('',#457,#313,#8470,.T.);
#8468=LINE('',#312,#8471);
#8469=LINE('',#58,#8472);
#8470=LINE('',#456,#8473);
#8471=VECTOR('',#8474,1.0);
#8472=VECTOR('',#8475,1.0);
#8473=VECTOR('',#8476,1.0);
#8474=DIRECTION('',(4.6520698361280436E-08,0.999999999999999,0));
#8475=DIRECTION('',(-0.10779454490057465,-0.9941731922002716,0));
#8476=DIRECTION('',(0.8835549083157039,0.4683275819244773,0));
#8477=FACE_SURFACE('',(#8482),#8478,.T.);
#8478=PLANE('',#8479);
#8479=AXIS2_PLACEMENT_3D('',#338,#8480,#8481);
#8480=DIRECTION('',(0,0,1));
#8481=DIRECTION('',(-0.3826804604958138,-0.9238807634942466,0));
#8482=FACE_BOUND('',#8483,.T.);
#8483=EDGE_LOOP('',(#8484,#8485,#8486));
#8484=ORIENTED_EDGE('',*,*,#8487,.T.);
#8485=ORIENTED_EDGE('',*,*,#8488,.T.);
#8486=ORIENTED_EDGE('',*,*,#8489,.T.);
#8487=EDGE_CURVE('',#339,#341,#8490,.F.);
#8488=EDGE_CURVE('',#341,#461,#8491,.T.);
#8489=EDGE_CURVE('',#461,#339,#8492,.T.);
#8490=LINE('',#338,#8493);
#8491=LINE('',#340,#8494);
#8492=LINE('',#460,#8495);
#8493=VECTOR('',#8496,1.0);
#8494=VECTOR('',#8497,1.0);
#8495=VECTOR('',#8498,1.0);
#8496=DIRECTION('',(-0.3826804604958138,-0.9238807634942466,0));
#8497=DIRECTION('',(0.11792462649587547,-0.9930225488204224,0));
#8498=DIRECTION('',(-0.09125937134719442,0.9958271572624011,0));
#8499=FACE_SURFACE('',(#8504),#8500,.T.);
#8500=PLANE('',#8501);
#8501=AXIS2_PLACEMENT_3D('',#460,#8502,#8503);
#8502=DIRECTION('',(0,0,1));
#8503=DIRECTION('',(-0.11792462649587547,0.9930225488204224,0));
#8504=FACE_BOUND('',#8505,.T.);
#8505=EDGE_LOOP('',(#8506,#8507,#8508));
#8506=ORIENTED_EDGE('',*,*,#8509,.T.);
#8507=ORIENTED_EDGE('',*,*,#8510,.T.);
#8508=ORIENTED_EDGE('',*,*,#8511,.T.);
#8509=EDGE_CURVE('',#461,#341,#8512,.F.);
#8510=EDGE_CURVE('',#341,#343,#8513,.T.);
#8511=EDGE_CURVE('',#343,#461,#8514,.T.);
#8512=LINE('',#460,#8515);
#8513=LINE('',#340,#8516);
#8514=LINE('',#342,#8517);
#8515=VECTOR('',#8518,1.0);
#8516=VECTOR('',#8519,1.0);
#8517=VECTOR('',#8520,1.0);
#8518=DIRECTION('',(-0.11792462649587547,0.9930225488204224,0));
#8519=DIRECTION('',(-0.6087640334084832,-0.7933513418582181,0));
#8520=DIRECTION('',(0.15943589749598117,-0.9872082832865873,0));
#8521=FACE_SURFACE('',(#8526),#8522,.T.);
#8522=PLANE('',#8523);
#8523=AXIS2_PLACEMENT_3D('',#460,#8524,#8525);
#8524=DIRECTION('',(0,0,1));
#8525=DIRECTION('',(-0.15943589749598117,0.9872082832865873,0));
#8526=FACE_BOUND('',#8527,.T.);
#8527=EDGE_LOOP('',(#8528,#8529,#8530));
#8528=ORIENTED_EDGE('',*,*,#8531,.T.);
#8529=ORIENTED_EDGE('',*,*,#8532,.T.);
#8530=ORIENTED_EDGE('',*,*,#8533,.T.);
#8531=EDGE_CURVE('',#461,#343,#8534,.F.);
#8532=EDGE_CURVE('',#343,#345,#8535,.T.);
#8533=EDGE_CURVE('',#345,#461,#8536,.T.);
#8534=LINE('',#460,#8537);
#8535=LINE('',#342,#8538);
#8536=LINE('',#344,#8539);
#8537=VECTOR('',#8540,1.0);
#8538=VECTOR('',#8541,1.0);
#8539=VECTOR('',#8542,1.0);
#8540=DIRECTION('',(-0.15943589749598117,0.9872082832865873,0));
#8541=DIRECTION('',(-0.7933583992601054,-0.6087548359754058,0));
#8542=DIRECTION('',(0.2128193715988021,-0.9770915592063474,0));
#8543=FACE_SURFACE('',(#8548),#8544,.T.);
#8544=PLANE('',#8545);
#8545=AXIS2_PLACEMENT_3D('',#344,#8546,#8547);
#8546=DIRECTION('',(0,0,1));
#8547=DIRECTION('',(-0.9238755970610649,-0.38269293324421466,0));
#8548=FACE_BOUND('',#8549,.T.);
#8549=EDGE_LOOP('',(#8550,#8551,#8552));
#8550=ORIENTED_EDGE('',*,*,#8553,.T.);
#8551=ORIENTED_EDGE('',*,*,#8554,.T.);
#8552=ORIENTED_EDGE('',*,*,#8555,.T.);
#8553=EDGE_CURVE('',#345,#347,#8556,.F.);
#8554=EDGE_CURVE('',#347,#461,#8557,.T.);
#8555=EDGE_CURVE('',#461,#345,#8558,.T.);
#8556=LINE('',#344,#8559);
#8557=LINE('',#346,#8560);
#8558=LINE('',#460,#8561);
#8559=VECTOR('',#8562,1.0);
#8560=VECTOR('',#8563,1.0);
#8561=VECTOR('',#8564,1.0);
#8562=DIRECTION('',(-0.9238755970610649,-0.38269293324421466,0));
#8563=DIRECTION('',(0.2722957469626316,-0.9622136073586064,0));
#8564=DIRECTION('',(-0.2128193715988021,0.9770915592063474,0));
#8565=FACE_SURFACE('',(#8570),#8566,.T.);
#8566=PLANE('',#8567);
#8567=AXIS2_PLACEMENT_3D('',#460,#8568,#8569);
#8568=DIRECTION('',(0,0,1));
#8569=DIRECTION('',(-0.2722957469626316,0.9622136073586064,0));
#8570=FACE_BOUND('',#8571,.T.);
#8571=EDGE_LOOP('',(#8572,#8573,#8574));
#8572=ORIENTED_EDGE('',*,*,#8575,.T.);
#8573=ORIENTED_EDGE('',*,*,#8576,.T.);
#8574=ORIENTED_EDGE('',*,*,#8577,.T.);
#8575=EDGE_CURVE('',#461,#347,#8578,.F.);
#8576=EDGE_CURVE('',#347,#349,#8579,.T.);
#8577=EDGE_CURVE('',#349,#461,#8580,.T.);
#8578=LINE('',#460,#8581);
#8579=LINE('',#346,#8582);
#8580=LINE('',#348,#8583);
#8581=VECTOR('',#8584,1.0);
#8582=VECTOR('',#8585,1.0);
#8583=VECTOR('',#8586,1.0);
#8584=DIRECTION('',(-0.2722957469626316,0.9622136073586064,0));
#8585=DIRECTION('',(-0.9914455395896884,-0.13052104055558156,0));
#8586=DIRECTION('',(0.3304381483775243,-0.9438276485126049,0));
#8587=FACE_SURFACE('',(#8592),#8588,.T.);
#8588=PLANE('',#8589);
#8589=AXIS2_PLACEMENT_3D('',#460,#8590,#8591);
#8590=DIRECTION('',(0,0,1));
#8591=DIRECTION('',(-0.3304381483775243,0.9438276485126049,0));
#8592=FACE_BOUND('',#8593,.T.);
#8593=EDGE_LOOP('',(#8594,#8595,#8596));
#8594=ORIENTED_EDGE('',*,*,#8597,.T.);
#8595=ORIENTED_EDGE('',*,*,#8598,.T.);
#8596=ORIENTED_EDGE('',*,*,#8599,.T.);
#8597=EDGE_CURVE('',#461,#349,#8600,.F.);
#8598=EDGE_CURVE('',#349,#351,#8601,.T.);
#8599=EDGE_CURVE('',#351,#461,#8602,.T.);
#8600=LINE('',#460,#8603);
#8601=LINE('',#348,#8604);
#8602=LINE('',#350,#8605);
#8603=VECTOR('',#8606,1.0);
#8604=VECTOR('',#8607,1.0);
#8605=VECTOR('',#8608,1.0);
#8606=DIRECTION('',(-0.3304381483775243,0.9438276485126049,0));
#8607=DIRECTION('',(-0.99144529064532,0.13052293153778352,0));
#8608=DIRECTION('',(0.3803860157850934,-0.9248278104572455,0));
#8609=FACE_SURFACE('',(#8614),#8610,.T.);
#8610=PLANE('',#8611);
#8611=AXIS2_PLACEMENT_3D('',#350,#8612,#8613);
#8612=DIRECTION('',(0,0,1));
#8613=DIRECTION('',(-0.923877737109574,0.382687766819496,0));
#8614=FACE_BOUND('',#8615,.T.);
#8615=EDGE_LOOP('',(#8616,#8617,#8618));
#8616=ORIENTED_EDGE('',*,*,#8619,.T.);
#8617=ORIENTED_EDGE('',*,*,#8620,.T.);
#8618=ORIENTED_EDGE('',*,*,#8621,.T.);
#8619=EDGE_CURVE('',#351,#353,#8622,.F.);
#8620=EDGE_CURVE('',#353,#461,#8623,.T.);
#8621=EDGE_CURVE('',#461,#351,#8624,.T.);
#8622=LINE('',#350,#8625);
#8623=LINE('',#352,#8626);
#8624=LINE('',#460,#8627);
#8625=VECTOR('',#8628,1.0);
#8626=VECTOR('',#8629,1.0);
#8627=VECTOR('',#8630,1.0);
#8628=DIRECTION('',(-0.923877737109574,0.382687766819496,0));
#8629=DIRECTION('',(0.41768580526301397,-0.908591529831633,0));
#8630=DIRECTION('',(-0.3803860157850934,0.9248278104572455,0));
#8631=FACE_SURFACE('',(#8636),#8632,.T.);
#8632=PLANE('',#8633);
#8633=AXIS2_PLACEMENT_3D('',#460,#8634,#8635);
#8634=DIRECTION('',(0,0,1));
#8635=DIRECTION('',(-0.41768580526301397,0.908591529831633,0));
#8636=FACE_BOUND('',#8637,.T.);
#8637=EDGE_LOOP('',(#8638,#8639,#8640));
#8638=ORIENTED_EDGE('',*,*,#8641,.T.);
#8639=ORIENTED_EDGE('',*,*,#8642,.T.);
#8640=ORIENTED_EDGE('',*,*,#8643,.T.);
#8641=EDGE_CURVE('',#461,#353,#8644,.F.);
#8642=EDGE_CURVE('',#353,#355,#8645,.T.);
#8643=EDGE_CURVE('',#355,#461,#8646,.T.);
#8644=LINE('',#460,#8647);
#8645=LINE('',#352,#8648);
#8646=LINE('',#354,#8649);
#8647=VECTOR('',#8650,1.0);
#8648=VECTOR('',#8651,1.0);
#8649=VECTOR('',#8652,1.0);
#8650=DIRECTION('',(-0.41768580526301397,0.908591529831633,0));
#8651=DIRECTION('',(-0.793352983916918,0.6087618934444915,0));
#8652=DIRECTION('',(0.440690229694203,-0.8976592457341875,0));
#8653=FACE_SURFACE('',(#8658),#8654,.T.);
#8654=PLANE('',#8655);
#8655=AXIS2_PLACEMENT_3D('',#460,#8656,#8657);
#8656=DIRECTION('',(0,0,1));
#8657=DIRECTION('',(-0.440690229694203,0.8976592457341875,0));
#8658=FACE_BOUND('',#8659,.T.);
#8659=EDGE_LOOP('',(#8660,#8661,#8662));
#8660=ORIENTED_EDGE('',*,*,#8663,.T.);
#8661=ORIENTED_EDGE('',*,*,#8664,.T.);
#8662=ORIENTED_EDGE('',*,*,#8665,.T.);
#8663=EDGE_CURVE('',#461,#355,#8666,.F.);
#8664=EDGE_CURVE('',#355,#357,#8667,.T.);
#8665=EDGE_CURVE('',#357,#461,#8668,.T.);
#8666=LINE('',#460,#8669);
#8667=LINE('',#354,#8670);
#8668=LINE('',#356,#8671);
#8669=VECTOR('',#8672,1.0);
#8670=VECTOR('',#8673,1.0);
#8671=VECTOR('',#8674,1.0);
#8672=DIRECTION('',(-0.440690229694203,0.8976592457341875,0));
#8673=DIRECTION('',(-0.6087640334084832,0.7933513418582181,0));
#8674=DIRECTION('',(0.44982219090672615,-0.8931181313621803,0));
#8675=FACE_SURFACE('',(#8680),#8676,.T.);
#8676=PLANE('',#8677);
#8677=AXIS2_PLACEMENT_3D('',#464,#8678,#8679);
#8678=DIRECTION('',(-1,0,0));
#8679=DIRECTION('',(0,1,0));
#8680=FACE_BOUND('',#8681,.T.);
#8681=EDGE_LOOP('',(#8682,#8683,#8684));
#8682=ORIENTED_EDGE('',*,*,#8685,.T.);
#8683=ORIENTED_EDGE('',*,*,#8686,.T.);
#8684=ORIENTED_EDGE('',*,*,#8687,.T.);
#8685=EDGE_CURVE('',#465,#467,#8688,.F.);
#8686=EDGE_CURVE('',#467,#453,#8689,.T.);
#8687=EDGE_CURVE('',#453,#465,#8690,.T.);
#8688=LINE('',#464,#8691);
#8689=LINE('',#466,#8692);
#8690=LINE('',#452,#8693);
#8691=VECTOR('',#8694,1.0);
#8692=VECTOR('',#8695,1.0);
#8693=VECTOR('',#8696,1.0);
#8694=DIRECTION('',(0,1,0));
#8695=DIRECTION('',(0,-0.9997651383760678,-0.021671827054542236));
#8696=DIRECTION('',(0,0,1));
#8697=FACE_SURFACE('',(#8702),#8698,.T.);
#8698=PLANE('',#8699);
#8699=AXIS2_PLACEMENT_3D('',#452,#8700,#8701);
#8700=DIRECTION('',(-1,0,0));
#8701=DIRECTION('',(0,0.9997651383760678,0.021671827054542236));
#8702=FACE_BOUND('',#8703,.T.);
#8703=EDGE_LOOP('',(#8704,#8705,#8706));
#8704=ORIENTED_EDGE('',*,*,#8707,.T.);
#8705=ORIENTED_EDGE('',*,*,#8708,.T.);
#8706=ORIENTED_EDGE('',*,*,#8709,.T.);
#8707=EDGE_CURVE('',#453,#467,#8710,.F.);
#8708=EDGE_CURVE('',#467,#455,#8711,.T.);
#8709=EDGE_CURVE('',#455,#453,#8712,.T.);
#8710=LINE('',#452,#8713);
#8711=LINE('',#466,#8714);
#8712=LINE('',#454,#8715);
#8713=VECTOR('',#8716,1.0);
#8714=VECTOR('',#8717,1.0);
#8715=VECTOR('',#8718,1.0);
#8716=DIRECTION('',(0,0.9997651383760678,0.021671827054542236));
#8717=DIRECTION('',(0,0,-1));
#8718=DIRECTION('',(0,-1,0));
#8719=FACE_SURFACE('',(#8724),#8720,.T.);
#8720=PLANE('',#8721);
#8721=AXIS2_PLACEMENT_3D('',#462,#8722,#8723);
#8722=DIRECTION('',(1,0,0));
#8723=DIRECTION('',(0,-1,0));
#8724=FACE_BOUND('',#8725,.T.);
#8725=EDGE_LOOP('',(#8726,#8727,#8728));
#8726=ORIENTED_EDGE('',*,*,#8729,.T.);
#8727=ORIENTED_EDGE('',*,*,#8730,.T.);
#8728=ORIENTED_EDGE('',*,*,#8731,.T.);
#8729=EDGE_CURVE('',#463,#461,#8732,.F.);
#8730=EDGE_CURVE('',#461,#129,#8733,.T.);
#8731=EDGE_CURVE('',#129,#463,#8734,.T.);
#8732=LINE('',#462,#8735);
#8733=LINE('',#460,#8736);
#8734=LINE('',#128,#8737);
#8735=VECTOR('',#8738,1.0);
#8736=VECTOR('',#8739,1.0);
#8737=VECTOR('',#8740,1.0);
#8738=DIRECTION('',(0,-1,0));
#8739=DIRECTION('',(0,0.9997651383760678,-0.021671827054542236));
#8740=DIRECTION('',(0,0,1));
#8741=FACE_SURFACE('',(#8746),#8742,.T.);
#8742=PLANE('',#8743);
#8743=AXIS2_PLACEMENT_3D('',#128,#8744,#8745);
#8744=DIRECTION('',(1,0,0));
#8745=DIRECTION('',(0,-0.9997651383760678,0.021671827054542236));
#8746=FACE_BOUND('',#8747,.T.);
#8747=EDGE_LOOP('',(#8748,#8749,#8750));
#8748=ORIENTED_EDGE('',*,*,#8751,.T.);
#8749=ORIENTED_EDGE('',*,*,#8752,.T.);
#8750=ORIENTED_EDGE('',*,*,#8753,.T.);
#8751=EDGE_CURVE('',#129,#461,#8754,.F.);
#8752=EDGE_CURVE('',#461,#127,#8755,.T.);
#8753=EDGE_CURVE('',#127,#129,#8756,.T.);
#8754=LINE('',#128,#8757);
#8755=LINE('',#460,#8758);
#8756=LINE('',#126,#8759);
#8757=VECTOR('',#8760,1.0);
#8758=VECTOR('',#8761,1.0);
#8759=VECTOR('',#8762,1.0);
#8760=DIRECTION('',(0,-0.9997651383760678,0.021671827054542236));
#8761=DIRECTION('',(0,0,-1));
#8762=DIRECTION('',(0,1,0));
#8763=FACE_SURFACE('',(#8768),#8764,.T.);
#8764=PLANE('',#8765);
#8765=AXIS2_PLACEMENT_3D('',#454,#8766,#8767);
#8766=DIRECTION('',(0,1,0));
#8767=DIRECTION('',(0,0,1));
#8768=FACE_BOUND('',#8769,.T.);
#8769=EDGE_LOOP('',(#8770,#8771,#8772));
#8770=ORIENTED_EDGE('',*,*,#8773,.T.);
#8771=ORIENTED_EDGE('',*,*,#8774,.T.);
#8772=ORIENTED_EDGE('',*,*,#8775,.T.);
#8773=EDGE_CURVE('',#455,#467,#8776,.F.);
#8774=EDGE_CURVE('',#467,#69,#8777,.T.);
#8775=EDGE_CURVE('',#69,#455,#8778,.T.);
#8776=LINE('',#454,#8779);
#8777=LINE('',#466,#8780);
#8778=LINE('',#68,#8781);
#8779=VECTOR('',#8782,1.0);
#8780=VECTOR('',#8783,1.0);
#8781=VECTOR('',#8784,1.0);
#8782=DIRECTION('',(0,0,1));
#8783=DIRECTION('',(0.9997019645054729,0,-0.02441274593113616));
#8784=DIRECTION('',(-1,0,0));
#8785=FACE_SURFACE('',(#8790),#8786,.T.);
#8786=PLANE('',#8787);
#8787=AXIS2_PLACEMENT_3D('',#68,#8788,#8789);
#8788=DIRECTION('',(0,1,-0));
#8789=DIRECTION('',(-0.9997019645054729,0,0.02441274593113616));
#8790=FACE_BOUND('',#8791,.T.);
#8791=EDGE_LOOP('',(#8792,#8793,#8794));
#8792=ORIENTED_EDGE('',*,*,#8795,.T.);
#8793=ORIENTED_EDGE('',*,*,#8796,.T.);
#8794=ORIENTED_EDGE('',*,*,#8797,.T.);
#8795=EDGE_CURVE('',#69,#467,#8798,.F.);
#8796=EDGE_CURVE('',#467,#459,#8799,.T.);
#8797=EDGE_CURVE('',#459,#69,#8800,.T.);
#8798=LINE('',#68,#8801);
#8799=LINE('',#466,#8802);
#8800=LINE('',#458,#8803);
#8801=VECTOR('',#8804,1.0);
#8802=VECTOR('',#8805,1.0);
#8803=VECTOR('',#8806,1.0);
#8804=DIRECTION('',(-0.9997019645054729,0,0.02441274593113616));
#8805=DIRECTION('',(1,0,0));
#8806=DIRECTION('',(0,0,-1));
#8807=FACE_SURFACE('',(#8812),#8808,.T.);
#8808=PLANE('',#8809);
#8809=AXIS2_PLACEMENT_3D('',#68,#8810,#8811);
#8810=DIRECTION('',(0,1,0));
#8811=DIRECTION('',(0,0,1));
#8812=FACE_BOUND('',#8813,.T.);
#8813=EDGE_LOOP('',(#8814,#8815,#8816));
#8814=ORIENTED_EDGE('',*,*,#8817,.T.);
#8815=ORIENTED_EDGE('',*,*,#8818,.T.);
#8816=ORIENTED_EDGE('',*,*,#8819,.T.);
#8817=EDGE_CURVE('',#69,#459,#8820,.F.);
#8818=EDGE_CURVE('',#459,#129,#8821,.T.);
#8819=EDGE_CURVE('',#129,#69,#8822,.T.);
#8820=LINE('',#68,#8823);
#8821=LINE('',#458,#8824);
#8822=LINE('',#128,#8825);
#8823=VECTOR('',#8826,1.0);
#8824=VECTOR('',#8827,1.0);
#8825=VECTOR('',#8828,1.0);
#8826=DIRECTION('',(0,0,1));
#8827=DIRECTION('',(0.9860164081422784,0,-0.16664826093962018));
#8828=DIRECTION('',(-1,0,0));
#8829=FACE_SURFACE('',(#8834),#8830,.T.);
#8830=PLANE('',#8831);
#8831=AXIS2_PLACEMENT_3D('',#128,#8832,#8833);
#8832=DIRECTION('',(0,1,-0));
#8833=DIRECTION('',(-0.9860164081422784,0,0.16664826093962018));
#8834=FACE_BOUND('',#8835,.T.);
#8835=EDGE_LOOP('',(#8836,#8837,#8838));
#8836=ORIENTED_EDGE('',*,*,#8839,.T.);
#8837=ORIENTED_EDGE('',*,*,#8840,.T.);
#8838=ORIENTED_EDGE('',*,*,#8841,.T.);
#8839=EDGE_CURVE('',#129,#459,#8842,.F.);
#8840=EDGE_CURVE('',#459,#463,#8843,.T.);
#8841=EDGE_CURVE('',#463,#129,#8844,.T.);
#8842=LINE('',#128,#8845);
#8843=LINE('',#458,#8846);
#8844=LINE('',#462,#8847);
#8845=VECTOR('',#8848,1.0);
#8846=VECTOR('',#8849,1.0);
#8847=VECTOR('',#8850,1.0);
#8848=DIRECTION('',(-0.9860164081422784,0,0.16664826093962018));
#8849=DIRECTION('',(1,0,0));
#8850=DIRECTION('',(0,0,-1));
#8851=FACE_SURFACE('',(#8856),#8852,.T.);
#8852=PLANE('',#8853);
#8853=AXIS2_PLACEMENT_3D('',#60,#8854,#8855);
#8854=DIRECTION('',(-0,0,1));
#8855=DIRECTION('',(0.005847853223158801,-0.9999829011601551,0));
#8856=FACE_BOUND('',#8857,.T.);
#8857=EDGE_LOOP('',(#8858,#8859,#8860));
#8858=ORIENTED_EDGE('',*,*,#8861,.T.);
#8859=ORIENTED_EDGE('',*,*,#8862,.T.);
#8860=ORIENTED_EDGE('',*,*,#8863,.T.);
#8861=EDGE_CURVE('',#61,#65,#8864,.F.);
#8862=EDGE_CURVE('',#65,#459,#8865,.T.);
#8863=EDGE_CURVE('',#459,#61,#8866,.T.);
#8864=LINE('',#60,#8867);
#8865=LINE('',#64,#8868);
#8866=LINE('',#458,#8869);
#8867=VECTOR('',#8870,1.0);
#8868=VECTOR('',#8871,1.0);
#8869=VECTOR('',#8872,1.0);
#8870=DIRECTION('',(0.005847853223158801,-0.9999829011601551,0));
#8871=DIRECTION('',(0.997781767292833,0.06656984946648886,0));
#8872=DIRECTION('',(-0.9977823154065976,-0.06656163355754553,0));
#8873=FACE_SURFACE('',(#8878),#8874,.T.);
#8874=PLANE('',#8875);
#8875=AXIS2_PLACEMENT_3D('',#458,#8876,#8877);
#8876=DIRECTION('',(0,0,1));
#8877=DIRECTION('',(-0.997781767292833,-0.06656984946648886,0));
#8878=FACE_BOUND('',#8879,.T.);
#8879=EDGE_LOOP('',(#8880,#8881,#8882));
#8880=ORIENTED_EDGE('',*,*,#8883,.T.);
#8881=ORIENTED_EDGE('',*,*,#8884,.T.);
#8882=ORIENTED_EDGE('',*,*,#8885,.T.);
#8883=EDGE_CURVE('',#459,#65,#8886,.F.);
#8884=EDGE_CURVE('',#65,#361,#8887,.T.);
#8885=EDGE_CURVE('',#361,#459,#8888,.T.);
#8886=LINE('',#458,#8889);
#8887=LINE('',#64,#8890);
#8888=LINE('',#360,#8891);
#8889=VECTOR('',#8892,1.0);
#8890=VECTOR('',#8893,1.0);
#8891=VECTOR('',#8894,1.0);
#8892=DIRECTION('',(-0.997781767292833,-0.06656984946648886,0));
#8893=DIRECTION('',(-0.13051991331804294,-0.9914456879867148,0));
#8894=DIRECTION('',(0.997561214992533,0.06979700812084329,0));
#8895=FACE_SURFACE('',(#8900),#8896,.T.);
#8896=PLANE('',#8897);
#8897=AXIS2_PLACEMENT_3D('',#458,#8898,#8899);
#8898=DIRECTION('',(0,0,1));
#8899=DIRECTION('',(-0.997561214992533,-0.06979700812084329,0));
#8900=FACE_BOUND('',#8901,.T.);
#8901=EDGE_LOOP('',(#8902,#8903,#8904));
#8902=ORIENTED_EDGE('',*,*,#8905,.T.);
#8903=ORIENTED_EDGE('',*,*,#8906,.T.);
#8904=ORIENTED_EDGE('',*,*,#8907,.T.);
#8905=EDGE_CURVE('',#459,#361,#8908,.F.);
#8906=EDGE_CURVE('',#361,#365,#8909,.T.);
#8907=EDGE_CURVE('',#365,#459,#8910,.T.);
#8908=LINE('',#458,#8911);
#8909=LINE('',#360,#8912);
#8910=LINE('',#364,#8913);
#8911=VECTOR('',#8914,1.0);
#8912=VECTOR('',#8915,1.0);
#8913=VECTOR('',#8916,1.0);
#8914=DIRECTION('',(-0.997561214992533,-0.06979700812084329,0));
#8915=DIRECTION('',(-0.38264650758022895,-0.9238948263934883,0));
#8916=DIRECTION('',(0.9973511286807428,0.07273737773145426,0));
#8917=FACE_SURFACE('',(#8922),#8918,.T.);
#8918=PLANE('',#8919);
#8919=AXIS2_PLACEMENT_3D('',#368,#8920,#8921);
#8920=DIRECTION('',(-0,0,1));
#8921=DIRECTION('',(0.001966342014743039,-0.9999980667476719,0));
#8922=FACE_BOUND('',#8923,.T.);
#8923=EDGE_LOOP('',(#8924,#8925,#8926));
#8924=ORIENTED_EDGE('',*,*,#8927,.T.);
#8925=ORIENTED_EDGE('',*,*,#8928,.T.);
#8926=ORIENTED_EDGE('',*,*,#8929,.T.);
#8927=EDGE_CURVE('',#369,#233,#8930,.F.);
#8928=EDGE_CURVE('',#233,#365,#8931,.T.);
#8929=EDGE_CURVE('',#365,#369,#8932,.T.);
#8930=LINE('',#368,#8933);
#8931=LINE('',#232,#8934);
#8932=LINE('',#364,#8935);
#8933=VECTOR('',#8936,1.0);
#8934=VECTOR('',#8937,1.0);
#8935=VECTOR('',#8938,1.0);
#8936=DIRECTION('',(0.001966342014743039,-0.9999980667476719,0));
#8937=DIRECTION('',(2.825700014785362E-07,0.99999999999996,0));
#8938=DIRECTION('',(-0.6087116202218464,-0.7933915574335882,0));
#8939=FACE_SURFACE('',(#8944),#8940,.T.);
#8940=PLANE('',#8941);
#8941=AXIS2_PLACEMENT_3D('',#364,#8942,#8943);
#8942=DIRECTION('',(0,0,1));
#8943=DIRECTION('',(-2.825700014785362E-07,-0.99999999999996,0));
#8944=FACE_BOUND('',#8945,.T.);
#8945=EDGE_LOOP('',(#8946,#8947,#8948));
#8946=ORIENTED_EDGE('',*,*,#8949,.T.);
#8947=ORIENTED_EDGE('',*,*,#8950,.T.);
#8948=ORIENTED_EDGE('',*,*,#8951,.T.);
#8949=EDGE_CURVE('',#365,#233,#8952,.F.);
#8950=EDGE_CURVE('',#233,#457,#8953,.T.);
#8951=EDGE_CURVE('',#457,#365,#8954,.T.);
#8952=LINE('',#364,#8955);
#8953=LINE('',#232,#8956);
#8954=LINE('',#456,#8957);
#8955=VECTOR('',#8958,1.0);
#8956=VECTOR('',#8959,1.0);
#8957=VECTOR('',#8960,1.0);
#8958=DIRECTION('',(-2.825700014785362E-07,-0.99999999999996,0));
#8959=DIRECTION('',(0.9975873527313164,-0.06942242916035171,0));
#8960=DIRECTION('',(-0.6745283271660449,0.738248966034208,0));
#8961=FACE_SURFACE('',(#8966),#8962,.T.);
#8962=PLANE('',#8963);
#8963=AXIS2_PLACEMENT_3D('',#364,#8964,#8965);
#8964=DIRECTION('',(-0,0,1));
#8965=DIRECTION('',(0.6745283271660449,-0.738248966034208,0));
#8966=FACE_BOUND('',#8967,.T.);
#8967=EDGE_LOOP('',(#8968,#8969,#8970));
#8968=ORIENTED_EDGE('',*,*,#8971,.T.);
#8969=ORIENTED_EDGE('',*,*,#8972,.T.);
#8970=ORIENTED_EDGE('',*,*,#8973,.T.);
#8971=EDGE_CURVE('',#365,#457,#8974,.F.);
#8972=EDGE_CURVE('',#457,#459,#8975,.T.);
#8973=EDGE_CURVE('',#459,#365,#8976,.T.);
#8974=LINE('',#364,#8977);
#8975=LINE('',#456,#8978);
#8976=LINE('',#458,#8979);
#8977=VECTOR('',#8980,1.0);
#8978=VECTOR('',#8981,1.0);
#8979=VECTOR('',#8982,1.0);
#8980=DIRECTION('',(0.6745283271660449,-0.738248966034208,0));
#8981=DIRECTION('',(0,1,0));
#8982=DIRECTION('',(-0.9973511286807428,-0.07273737773145426,0));
#8983=FACE_SURFACE('',(#8988),#8984,.T.);
#8984=PLANE('',#8985);
#8985=AXIS2_PLACEMENT_3D('',#232,#8986,#8987);
#8986=DIRECTION('',(0,0,1));
#8987=DIRECTION('',(-0.001966342014743039,0.9999980667476719,0));
#8988=FACE_BOUND('',#8989,.T.);
#8989=EDGE_LOOP('',(#8990,#8991,#8992));
#8990=ORIENTED_EDGE('',*,*,#8993,.T.);
#8991=ORIENTED_EDGE('',*,*,#8994,.T.);
#8992=ORIENTED_EDGE('',*,*,#8995,.T.);
#8993=EDGE_CURVE('',#233,#369,#8996,.F.);
#8994=EDGE_CURVE('',#369,#237,#8997,.T.);
#8995=EDGE_CURVE('',#237,#233,#8998,.T.);
#8996=LINE('',#232,#8999);
#8997=LINE('',#368,#9000);
#8998=LINE('',#236,#9001);
#8999=VECTOR('',#9002,1.0);
#9000=VECTOR('',#9003,1.0);
#9001=VECTOR('',#9004,1.0);
#9002=DIRECTION('',(-0.001966342014743039,0.9999980667476719,0));
#9003=DIRECTION('',(-6.627188975309923E-07,-0.9999999999997804,0));
#9004=DIRECTION('',(0.6087640334084832,-0.7933513418582181,0));
#9005=FACE_SURFACE('',(#9010),#9006,.T.);
#9006=PLANE('',#9007);
#9007=AXIS2_PLACEMENT_3D('',#236,#9008,#9009);
#9008=DIRECTION('',(0,-0,1));
#9009=DIRECTION('',(6.627188975309923E-07,0.9999999999997804,0));
#9010=FACE_BOUND('',#9011,.T.);
#9011=EDGE_LOOP('',(#9012,#9013,#9014));
#9012=ORIENTED_EDGE('',*,*,#9015,.T.);
#9013=ORIENTED_EDGE('',*,*,#9016,.T.);
#9014=ORIENTED_EDGE('',*,*,#9017,.T.);
#9015=EDGE_CURVE('',#237,#369,#9018,.F.);
#9016=EDGE_CURVE('',#369,#373,#9019,.T.);
#9017=EDGE_CURVE('',#373,#237,#9020,.T.);
#9018=LINE('',#236,#9021);
#9019=LINE('',#368,#9022);
#9020=LINE('',#372,#9023);
#9021=VECTOR('',#9024,1.0);
#9022=VECTOR('',#9025,1.0);
#9023=VECTOR('',#9026,1.0);
#9024=DIRECTION('',(6.627188975309923E-07,0.9999999999997804,0));
#9025=DIRECTION('',(-0.7932936495240146,-0.6088392116354447,0));
#9026=DIRECTION('',(0.0025739553459990716,-0.9999966873714516,0));
#9027=FACE_SURFACE('',(#9032),#9028,.T.);
#9028=PLANE('',#9029);
#9029=AXIS2_PLACEMENT_3D('',#236,#9030,#9031);
#9030=DIRECTION('',(0,0,1));
#9031=DIRECTION('',(-0.0025739553459990716,0.9999966873714516,0));
#9032=FACE_BOUND('',#9033,.T.);
#9033=EDGE_LOOP('',(#9034,#9035,#9036));
#9034=ORIENTED_EDGE('',*,*,#9037,.T.);
#9035=ORIENTED_EDGE('',*,*,#9038,.T.);
#9036=ORIENTED_EDGE('',*,*,#9039,.T.);
#9037=EDGE_CURVE('',#237,#373,#9040,.F.);
#9038=EDGE_CURVE('',#373,#241,#9041,.T.);
#9039=EDGE_CURVE('',#241,#237,#9042,.T.);
#9040=LINE('',#236,#9043);
#9041=LINE('',#372,#9044);
#9042=LINE('',#240,#9045);
#9043=VECTOR('',#9046,1.0);
#9044=VECTOR('',#9047,1.0);
#9045=VECTOR('',#9048,1.0);
#9046=DIRECTION('',(-0.0025739553459990716,0.9999966873714516,0));
#9047=DIRECTION('',(-1.1405881870699782E-06,-0.9999999999993495,0));
#9048=DIRECTION('',(0.7933513418582181,-0.6087640334084832,0));
#9049=FACE_SURFACE('',(#9054),#9050,.T.);
#9050=PLANE('',#9051);
#9051=AXIS2_PLACEMENT_3D('',#240,#9052,#9053);
#9052=DIRECTION('',(0,-0,1));
#9053=DIRECTION('',(1.1405881870699782E-06,0.9999999999993495,0));
#9054=FACE_BOUND('',#9055,.T.);
#9055=EDGE_LOOP('',(#9056,#9057,#9058));
#9056=ORIENTED_EDGE('',*,*,#9059,.T.);
#9057=ORIENTED_EDGE('',*,*,#9060,.T.);
#9058=ORIENTED_EDGE('',*,*,#9061,.T.);
#9059=EDGE_CURVE('',#241,#373,#9062,.F.);
#9060=EDGE_CURVE('',#373,#377,#9063,.T.);
#9061=EDGE_CURVE('',#377,#241,#9064,.T.);
#9062=LINE('',#240,#9065);
#9063=LINE('',#372,#9066);
#9064=LINE('',#376,#9067);
#9065=VECTOR('',#9068,1.0);
#9066=VECTOR('',#9069,1.0);
#9067=VECTOR('',#9070,1.0);
#9068=DIRECTION('',(1.1405881870699782E-06,0.9999999999993495,0));
#9069=DIRECTION('',(-0.9238356612930403,-0.38278932968834306,0));
#9070=DIRECTION('',(0.003006850552113752,-0.9999954794146607,0));
#9071=FACE_SURFACE('',(#9076),#9072,.T.);
#9072=PLANE('',#9073);
#9073=AXIS2_PLACEMENT_3D('',#240,#9074,#9075);
#9074=DIRECTION('',(0,0,1));
#9075=DIRECTION('',(-0.003006850552113752,0.9999954794146607,0));
#9076=FACE_BOUND('',#9077,.T.);
#9077=EDGE_LOOP('',(#9078,#9079,#9080));
#9078=ORIENTED_EDGE('',*,*,#9081,.T.);
#9079=ORIENTED_EDGE('',*,*,#9082,.T.);
#9080=ORIENTED_EDGE('',*,*,#9083,.T.);
#9081=EDGE_CURVE('',#241,#377,#9084,.F.);
#9082=EDGE_CURVE('',#377,#245,#9085,.T.);
#9083=EDGE_CURVE('',#245,#241,#9086,.T.);
#9084=LINE('',#240,#9087);
#9085=LINE('',#376,#9088);
#9086=LINE('',#244,#9089);
#9087=VECTOR('',#9090,1.0);
#9088=VECTOR('',#9091,1.0);
#9089=VECTOR('',#9092,1.0);
#9090=DIRECTION('',(-0.003006850552113752,0.9999954794146607,0));
#9091=DIRECTION('',(-1.572222618716825E-06,-0.999999999998764,0));
#9092=DIRECTION('',(0.9238807634942466,-0.3826804604958138,0));
#9093=FACE_SURFACE('',(#9098),#9094,.T.);
#9094=PLANE('',#9095);
#9095=AXIS2_PLACEMENT_3D('',#244,#9096,#9097);
#9096=DIRECTION('',(0,-0,1));
#9097=DIRECTION('',(1.572222618716825E-06,0.999999999998764,0));
#9098=FACE_BOUND('',#9099,.T.);
#9099=EDGE_LOOP('',(#9100,#9101,#9102));
#9100=ORIENTED_EDGE('',*,*,#9103,.T.);
#9101=ORIENTED_EDGE('',*,*,#9104,.T.);
#9102=ORIENTED_EDGE('',*,*,#9105,.T.);
#9103=EDGE_CURVE('',#245,#377,#9106,.F.);
#9104=EDGE_CURVE('',#377,#381,#9107,.T.);
#9105=EDGE_CURVE('',#381,#245,#9108,.T.);
#9106=LINE('',#244,#9109);
#9107=LINE('',#376,#9110);
#9108=LINE('',#380,#9111);
#9109=VECTOR('',#9112,1.0);
#9110=VECTOR('',#9113,1.0);
#9111=VECTOR('',#9114,1.0);
#9112=DIRECTION('',(1.572222618716825E-06,0.999999999998764,0));
#9113=DIRECTION('',(-0.99142532091623,-0.13067453097735035,0));
#9114=DIRECTION('',(0.0032318485927548143,-0.9999947775636998,0));
#9115=FACE_SURFACE('',(#9120),#9116,.T.);
#9116=PLANE('',#9117);
#9117=AXIS2_PLACEMENT_3D('',#244,#9118,#9119);
#9118=DIRECTION('',(0,0,1));
#9119=DIRECTION('',(-0.0032318485927548143,0.9999947775636998,0));
#9120=FACE_BOUND('',#9121,.T.);
#9121=EDGE_LOOP('',(#9122,#9123,#9124));
#9122=ORIENTED_EDGE('',*,*,#9125,.T.);
#9123=ORIENTED_EDGE('',*,*,#9126,.T.);
#9124=ORIENTED_EDGE('',*,*,#9127,.T.);
#9125=EDGE_CURVE('',#245,#381,#9128,.F.);
#9126=EDGE_CURVE('',#381,#249,#9129,.T.);
#9127=EDGE_CURVE('',#249,#245,#9130,.T.);
#9128=LINE('',#244,#9131);
#9129=LINE('',#380,#9132);
#9130=LINE('',#248,#9133);
#9131=VECTOR('',#9134,1.0);
#9132=VECTOR('',#9135,1.0);
#9133=VECTOR('',#9136,1.0);
#9134=DIRECTION('',(-0.0032318485927548143,0.9999947775636998,0));
#9135=DIRECTION('',(-2.0027160167006377E-06,-0.9999999999979945,0));
#9136=DIRECTION('',(0.9914455395896884,-0.13052104055558156,0));
#9137=FACE_SURFACE('',(#9142),#9138,.T.);
#9138=PLANE('',#9139);
#9139=AXIS2_PLACEMENT_3D('',#248,#9140,#9141);
#9140=DIRECTION('',(0,-0,1));
#9141=DIRECTION('',(2.0027160167006377E-06,0.9999999999979945,0));
#9142=FACE_BOUND('',#9143,.T.);
#9143=EDGE_LOOP('',(#9144,#9145,#9146));
#9144=ORIENTED_EDGE('',*,*,#9147,.T.);
#9145=ORIENTED_EDGE('',*,*,#9148,.T.);
#9146=ORIENTED_EDGE('',*,*,#9149,.T.);
#9147=EDGE_CURVE('',#249,#381,#9150,.F.);
#9148=EDGE_CURVE('',#381,#385,#9151,.T.);
#9149=EDGE_CURVE('',#385,#249,#9152,.T.);
#9150=LINE('',#248,#9153);
#9151=LINE('',#380,#9154);
#9152=LINE('',#384,#9155);
#9153=VECTOR('',#9156,1.0);
#9154=VECTOR('',#9157,1.0);
#9155=VECTOR('',#9158,1.0);
#9156=DIRECTION('',(2.0027160167006377E-06,0.9999999999979945,0));
#9157=DIRECTION('',(-0.9914679193953267,0.1303509294554577,0));
#9158=DIRECTION('',(0.003231612204767523,-0.999994778327646,0));
#9159=FACE_SURFACE('',(#9164),#9160,.T.);
#9160=PLANE('',#9161);
#9161=AXIS2_PLACEMENT_3D('',#248,#9162,#9163);
#9162=DIRECTION('',(0,0,1));
#9163=DIRECTION('',(-0.003231612204767523,0.999994778327646,0));
#9164=FACE_BOUND('',#9165,.T.);
#9165=EDGE_LOOP('',(#9166,#9167,#9168));
#9166=ORIENTED_EDGE('',*,*,#9169,.T.);
#9167=ORIENTED_EDGE('',*,*,#9170,.T.);
#9168=ORIENTED_EDGE('',*,*,#9171,.T.);
#9169=EDGE_CURVE('',#249,#385,#9172,.F.);
#9170=EDGE_CURVE('',#385,#253,#9173,.T.);
#9171=EDGE_CURVE('',#253,#249,#9174,.T.);
#9172=LINE('',#248,#9175);
#9173=LINE('',#384,#9176);
#9174=LINE('',#252,#9177);
#9175=VECTOR('',#9178,1.0);
#9176=VECTOR('',#9179,1.0);
#9177=VECTOR('',#9180,1.0);
#9178=DIRECTION('',(-0.003231612204767523,0.999994778327646,0));
#9179=DIRECTION('',(-2.2392285009709756E-06,-0.9999999999974929,0));
#9180=DIRECTION('',(0.9914455395896884,0.13052104055558156,0));
#9181=FACE_SURFACE('',(#9186),#9182,.T.);
#9182=PLANE('',#9183);
#9183=AXIS2_PLACEMENT_3D('',#252,#9184,#9185);
#9184=DIRECTION('',(0,-0,1));
#9185=DIRECTION('',(2.2392285009709756E-06,0.9999999999974929,0));
#9186=FACE_BOUND('',#9187,.T.);
#9187=EDGE_LOOP('',(#9188,#9189,#9190));
#9188=ORIENTED_EDGE('',*,*,#9191,.T.);
#9189=ORIENTED_EDGE('',*,*,#9192,.T.);
#9190=ORIENTED_EDGE('',*,*,#9193,.T.);
#9191=EDGE_CURVE('',#253,#385,#9194,.F.);
#9192=EDGE_CURVE('',#385,#389,#9195,.T.);
#9193=EDGE_CURVE('',#389,#253,#9196,.T.);
#9194=LINE('',#252,#9197);
#9195=LINE('',#384,#9198);
#9196=LINE('',#388,#9199);
#9197=VECTOR('',#9200,1.0);
#9198=VECTOR('',#9201,1.0);
#9199=VECTOR('',#9202,1.0);
#9200=DIRECTION('',(2.2392285009709756E-06,0.9999999999974929,0));
#9201=DIRECTION('',(-0.9239565529113557,0.38249743571972505,0));
#9202=DIRECTION('',(0.0030060945865859117,-0.9999954816874608,0));
#9203=FACE_SURFACE('',(#9208),#9204,.T.);
#9204=PLANE('',#9205);
#9205=AXIS2_PLACEMENT_3D('',#252,#9206,#9207);
#9206=DIRECTION('',(0,0,1));
#9207=DIRECTION('',(-0.0030060945865859117,0.9999954816874608,0));
#9208=FACE_BOUND('',#9209,.T.);
#9209=EDGE_LOOP('',(#9210,#9211,#9212));
#9210=ORIENTED_EDGE('',*,*,#9213,.T.);
#9211=ORIENTED_EDGE('',*,*,#9214,.T.);
#9212=ORIENTED_EDGE('',*,*,#9215,.T.);
#9213=EDGE_CURVE('',#253,#389,#9216,.F.);
#9214=EDGE_CURVE('',#389,#257,#9217,.T.);
#9215=EDGE_CURVE('',#257,#253,#9218,.T.);
#9216=LINE('',#252,#9219);
#9217=LINE('',#388,#9220);
#9218=LINE('',#256,#9221);
#9219=VECTOR('',#9222,1.0);
#9220=VECTOR('',#9223,1.0);
#9221=VECTOR('',#9224,1.0);
#9222=DIRECTION('',(-0.0030060945865859117,0.9999954816874608,0));
#9223=DIRECTION('',(-2.328705585429676E-06,-0.9999999999972886,0));
#9224=DIRECTION('',(0.9238807634942466,0.3826804604958138,0));
#9225=FACE_SURFACE('',(#9230),#9226,.T.);
#9226=PLANE('',#9227);
#9227=AXIS2_PLACEMENT_3D('',#256,#9228,#9229);
#9228=DIRECTION('',(0,-0,1));
#9229=DIRECTION('',(2.328705585429676E-06,0.9999999999972886,0));
#9230=FACE_BOUND('',#9231,.T.);
#9231=EDGE_LOOP('',(#9232,#9233,#9234));
#9232=ORIENTED_EDGE('',*,*,#9235,.T.);
#9233=ORIENTED_EDGE('',*,*,#9236,.T.);
#9234=ORIENTED_EDGE('',*,*,#9237,.T.);
#9235=EDGE_CURVE('',#257,#389,#9238,.F.);
#9236=EDGE_CURVE('',#389,#393,#9239,.T.);
#9237=EDGE_CURVE('',#393,#257,#9240,.T.);
#9238=LINE('',#256,#9241);
#9239=LINE('',#388,#9242);
#9240=LINE('',#392,#9243);
#9241=VECTOR('',#9244,1.0);
#9242=VECTOR('',#9245,1.0);
#9243=VECTOR('',#9246,1.0);
#9244=DIRECTION('',(2.328705585429676E-06,0.9999999999972886,0));
#9245=DIRECTION('',(-0.7934929723588192,0.6085794137309988,0));
#9246=DIRECTION('',(0.0025729665744403506,-0.9999966899160251,0));
#9247=FACE_SURFACE('',(#9252),#9248,.T.);
#9248=PLANE('',#9249);
#9249=AXIS2_PLACEMENT_3D('',#256,#9250,#9251);
#9250=DIRECTION('',(0,0,1));
#9251=DIRECTION('',(-0.0025729665744403506,0.9999966899160251,0));
#9252=FACE_BOUND('',#9253,.T.);
#9253=EDGE_LOOP('',(#9254,#9255,#9256));
#9254=ORIENTED_EDGE('',*,*,#9257,.T.);
#9255=ORIENTED_EDGE('',*,*,#9258,.T.);
#9256=ORIENTED_EDGE('',*,*,#9259,.T.);
#9257=EDGE_CURVE('',#257,#393,#9260,.F.);
#9258=EDGE_CURVE('',#393,#261,#9261,.T.);
#9259=EDGE_CURVE('',#261,#257,#9262,.T.);
#9260=LINE('',#256,#9263);
#9261=LINE('',#392,#9264);
#9262=LINE('',#260,#9265);
#9263=VECTOR('',#9266,1.0);
#9264=VECTOR('',#9267,1.0);
#9265=VECTOR('',#9268,1.0);
#9266=DIRECTION('',(-0.0025729665744403506,0.9999966899160251,0));
#9267=DIRECTION('',(-2.130173935087489E-06,-0.9999999999977311,0));
#9268=DIRECTION('',(0.7933513418582181,0.6087640334084832,0));
#9269=FACE_SURFACE('',(#9274),#9270,.T.);
#9270=PLANE('',#9271);
#9271=AXIS2_PLACEMENT_3D('',#260,#9272,#9273);
#9272=DIRECTION('',(0,-0,1));
#9273=DIRECTION('',(2.130173935087489E-06,0.9999999999977311,0));
#9274=FACE_BOUND('',#9275,.T.);
#9275=EDGE_LOOP('',(#9276,#9277,#9278));
#9276=ORIENTED_EDGE('',*,*,#9279,.T.);
#9277=ORIENTED_EDGE('',*,*,#9280,.T.);
#9278=ORIENTED_EDGE('',*,*,#9281,.T.);
#9279=EDGE_CURVE('',#261,#393,#9282,.F.);
#9280=EDGE_CURVE('',#393,#397,#9283,.T.);
#9281=EDGE_CURVE('',#397,#261,#9284,.T.);
#9282=LINE('',#260,#9285);
#9283=LINE('',#392,#9286);
#9284=LINE('',#396,#9287);
#9285=VECTOR('',#9288,1.0);
#9286=VECTOR('',#9289,1.0);
#9287=VECTOR('',#9290,1.0);
#9288=DIRECTION('',(2.130173935087489E-06,0.9999999999977311,0));
#9289=DIRECTION('',(-0.6089632591326786,0.7931984297932683,0));
#9290=DIRECTION('',(0.001965310373633961,-0.999998068775703,0));
#9291=FACE_SURFACE('',(#9296),#9292,.T.);
#9292=PLANE('',#9293);
#9293=AXIS2_PLACEMENT_3D('',#260,#9294,#9295);
#9294=DIRECTION('',(0,0,1));
#9295=DIRECTION('',(-0.001965310373633961,0.999998068775703,0));
#9296=FACE_BOUND('',#9297,.T.);
#9297=EDGE_LOOP('',(#9298,#9299,#9300));
#9298=ORIENTED_EDGE('',*,*,#9301,.T.);
#9299=ORIENTED_EDGE('',*,*,#9302,.T.);
#9300=ORIENTED_EDGE('',*,*,#9303,.T.);
#9301=EDGE_CURVE('',#261,#397,#9304,.F.);
#9302=EDGE_CURVE('',#397,#265,#9305,.T.);
#9303=EDGE_CURVE('',#265,#261,#9306,.T.);
#9304=LINE('',#260,#9307);
#9305=LINE('',#396,#9308);
#9306=LINE('',#264,#9309);
#9307=VECTOR('',#9310,1.0);
#9308=VECTOR('',#9311,1.0);
#9309=VECTOR('',#9312,1.0);
#9310=DIRECTION('',(-0.001965310373633961,0.999998068775703,0));
#9311=DIRECTION('',(-1.648330714290573E-06,-0.9999999999986415,0));
#9312=DIRECTION('',(0.6087548359754058,0.7933583992601054,0));
#9313=FACE_SURFACE('',(#9318),#9314,.T.);
#9314=PLANE('',#9315);
#9315=AXIS2_PLACEMENT_3D('',#264,#9316,#9317);
#9316=DIRECTION('',(0,-0,1));
#9317=DIRECTION('',(1.648330714290573E-06,0.9999999999986415,0));
#9318=FACE_BOUND('',#9319,.T.);
#9319=EDGE_LOOP('',(#9320,#9321,#9322));
#9320=ORIENTED_EDGE('',*,*,#9323,.T.);
#9321=ORIENTED_EDGE('',*,*,#9324,.T.);
#9322=ORIENTED_EDGE('',*,*,#9325,.T.);
#9323=EDGE_CURVE('',#265,#397,#9326,.F.);
#9324=EDGE_CURVE('',#397,#401,#9327,.T.);
#9325=EDGE_CURVE('',#401,#265,#9328,.T.);
#9326=LINE('',#264,#9329);
#9327=LINE('',#396,#9330);
#9328=LINE('',#400,#9331);
#9329=VECTOR('',#9332,1.0);
#9330=VECTOR('',#9333,1.0);
#9331=VECTOR('',#9334,1.0);
#9332=DIRECTION('',(1.648330714290573E-06,0.9999999999986415,0));
#9333=DIRECTION('',(-0.3829523659129473,0.9237680907249808,0));
#9334=DIRECTION('',(0.0012287744764383213,-0.999999245056358,0));
#9335=FACE_SURFACE('',(#9340),#9336,.T.);
#9336=PLANE('',#9337);
#9337=AXIS2_PLACEMENT_3D('',#264,#9338,#9339);
#9338=DIRECTION('',(0,0,1));
#9339=DIRECTION('',(-0.0012287744764383213,0.999999245056358,0));
#9340=FACE_BOUND('',#9341,.T.);
#9341=EDGE_LOOP('',(#9342,#9343,#9344));
#9342=ORIENTED_EDGE('',*,*,#9345,.T.);
#9343=ORIENTED_EDGE('',*,*,#9346,.T.);
#9344=ORIENTED_EDGE('',*,*,#9347,.T.);
#9345=EDGE_CURVE('',#265,#401,#9348,.F.);
#9346=EDGE_CURVE('',#401,#173,#9349,.T.);
#9347=EDGE_CURVE('',#173,#265,#9350,.T.);
#9348=LINE('',#264,#9351);
#9349=LINE('',#400,#9352);
#9350=LINE('',#172,#9353);
#9351=VECTOR('',#9354,1.0);
#9352=VECTOR('',#9355,1.0);
#9353=VECTOR('',#9356,1.0);
#9354=DIRECTION('',(-0.0012287744764383213,0.999999245056358,0));
#9355=DIRECTION('',(-8.895115677932807E-07,-0.9999999999996044,0));
#9356=DIRECTION('',(0.3826804604958138,0.9238807634942466,0));
#9357=FACE_SURFACE('',(#9362),#9358,.T.);
#9358=PLANE('',#9359);
#9359=AXIS2_PLACEMENT_3D('',#172,#9360,#9361);
#9360=DIRECTION('',(0,-0,1));
#9361=DIRECTION('',(8.895115677932807E-07,0.9999999999996044,0));
#9362=FACE_BOUND('',#9363,.T.);
#9363=EDGE_LOOP('',(#9364,#9365,#9366));
#9364=ORIENTED_EDGE('',*,*,#9367,.T.);
#9365=ORIENTED_EDGE('',*,*,#9368,.T.);
#9366=ORIENTED_EDGE('',*,*,#9369,.T.);
#9367=EDGE_CURVE('',#173,#401,#9370,.F.);
#9368=EDGE_CURVE('',#401,#465,#9371,.T.);
#9369=EDGE_CURVE('',#465,#173,#9372,.T.);
#9370=LINE('',#172,#9373);
#9371=LINE('',#400,#9374);
#9372=LINE('',#464,#9375);
#9373=VECTOR('',#9376,1.0);
#9374=VECTOR('',#9377,1.0);
#9375=VECTOR('',#9378,1.0);
#9376=DIRECTION('',(8.895115677932807E-07,0.9999999999996044,0));
#9377=DIRECTION('',(-0.011921432082581333,-0.9999289372035897,0));
#9378=DIRECTION('',(0.1929418885311634,0.9812101852559564,0));
#9379=FACE_SURFACE('',(#9384),#9380,.T.);
#9380=PLANE('',#9381);
#9381=AXIS2_PLACEMENT_3D('',#172,#9382,#9383);
#9382=DIRECTION('',(0,0,1));
#9383=DIRECTION('',(-0.1929418885311634,-0.9812101852559564,0));
#9384=FACE_BOUND('',#9385,.T.);
#9385=EDGE_LOOP('',(#9386,#9387,#9388));
#9386=ORIENTED_EDGE('',*,*,#9389,.T.);
#9387=ORIENTED_EDGE('',*,*,#9390,.T.);
#9388=ORIENTED_EDGE('',*,*,#9391,.T.);
#9389=EDGE_CURVE('',#173,#465,#9392,.F.);
#9390=EDGE_CURVE('',#465,#177,#9393,.T.);
#9391=EDGE_CURVE('',#177,#173,#9394,.T.);
#9392=LINE('',#172,#9395);
#9393=LINE('',#464,#9396);
#9394=LINE('',#176,#9397);
#9395=VECTOR('',#9398,1.0);
#9396=VECTOR('',#9399,1.0);
#9397=VECTOR('',#9400,1.0);
#9398=DIRECTION('',(-0.1929418885311634,-0.9812101852559564,0));
#9399=DIRECTION('',(0.19611613513818404,0.9805806756909202,0));
#9400=DIRECTION('',(0.13053540432077632,0.9914436485342026,0));
#9401=FACE_SURFACE('',(#9406),#9402,.T.);
#9402=PLANE('',#9403);
#9403=AXIS2_PLACEMENT_3D('',#176,#9404,#9405);
#9404=DIRECTION('',(0,0,1));
#9405=DIRECTION('',(-0.19611613513818404,-0.9805806756909202,0));
#9406=FACE_BOUND('',#9407,.T.);
#9407=EDGE_LOOP('',(#9408,#9409,#9410));
#9408=ORIENTED_EDGE('',*,*,#9411,.T.);
#9409=ORIENTED_EDGE('',*,*,#9412,.T.);
#9410=ORIENTED_EDGE('',*,*,#9413,.T.);
#9411=EDGE_CURVE('',#177,#465,#9414,.F.);
#9412=EDGE_CURVE('',#465,#181,#9415,.T.);
#9413=EDGE_CURVE('',#181,#177,#9416,.T.);
#9414=LINE('',#176,#9417);
#9415=LINE('',#464,#9418);
#9416=LINE('',#180,#9419);
#9417=VECTOR('',#9420,1.0);
#9418=VECTOR('',#9421,1.0);
#9419=VECTOR('',#9422,1.0);
#9420=DIRECTION('',(-0.19611613513818404,-0.9805806756909202,0));
#9421=DIRECTION('',(0.213095733322685,0.9770313241854977,0));
#9422=DIRECTION('',(-0.13053540432077632,0.9914436485342026,0));
#9423=FACE_SURFACE('',(#9428),#9424,.T.);
#9424=PLANE('',#9425);
#9425=AXIS2_PLACEMENT_3D('',#180,#9426,#9427);
#9426=DIRECTION('',(0,0,1));
#9427=DIRECTION('',(-0.213095733322685,-0.9770313241854977,0));
#9428=FACE_BOUND('',#9429,.T.);
#9429=EDGE_LOOP('',(#9430,#9431,#9432));
#9430=ORIENTED_EDGE('',*,*,#9433,.T.);
#9431=ORIENTED_EDGE('',*,*,#9434,.T.);
#9432=ORIENTED_EDGE('',*,*,#9435,.T.);
#9433=EDGE_CURVE('',#181,#465,#9436,.F.);
#9434=EDGE_CURVE('',#465,#185,#9437,.T.);
#9435=EDGE_CURVE('',#185,#181,#9438,.T.);
#9436=LINE('',#180,#9439);
#9437=LINE('',#464,#9440);
#9438=LINE('',#184,#9441);
#9439=VECTOR('',#9442,1.0);
#9440=VECTOR('',#9443,1.0);
#9441=VECTOR('',#9444,1.0);
#9442=DIRECTION('',(-0.213095733322685,-0.9770313241854977,0));
#9443=DIRECTION('',(0.2443556177941192,0.9696856872473959,0));
#9444=DIRECTION('',(-0.3826804604958138,0.9238807634942466,0));
#9445=FACE_SURFACE('',(#9450),#9446,.T.);
#9446=PLANE('',#9447);
#9447=AXIS2_PLACEMENT_3D('',#184,#9448,#9449);
#9448=DIRECTION('',(0,0,1));
#9449=DIRECTION('',(-0.2443556177941192,-0.9696856872473959,0));
#9450=FACE_BOUND('',#9451,.T.);
#9451=EDGE_LOOP('',(#9452,#9453,#9454));
#9452=ORIENTED_EDGE('',*,*,#9455,.T.);
#9453=ORIENTED_EDGE('',*,*,#9456,.T.);
#9454=ORIENTED_EDGE('',*,*,#9457,.T.);
#9455=EDGE_CURVE('',#185,#465,#9458,.F.);
#9456=EDGE_CURVE('',#465,#189,#9459,.T.);
#9457=EDGE_CURVE('',#189,#185,#9460,.T.);
#9458=LINE('',#184,#9461);
#9459=LINE('',#464,#9462);
#9460=LINE('',#188,#9463);
#9461=VECTOR('',#9464,1.0);
#9462=VECTOR('',#9465,1.0);
#9463=VECTOR('',#9466,1.0);
#9464=DIRECTION('',(-0.2443556177941192,-0.9696856872473959,0));
#9465=DIRECTION('',(0.28837593020461544,0.9575172702769505,0));
#9466=DIRECTION('',(-0.6087548359754058,0.7933583992601054,0));
#9467=FACE_SURFACE('',(#9472),#9468,.T.);
#9468=PLANE('',#9469);
#9469=AXIS2_PLACEMENT_3D('',#188,#9470,#9471);
#9470=DIRECTION('',(0,0,1));
#9471=DIRECTION('',(-0.28837593020461544,-0.9575172702769505,0));
#9472=FACE_BOUND('',#9473,.T.);
#9473=EDGE_LOOP('',(#9474,#9475,#9476));
#9474=ORIENTED_EDGE('',*,*,#9477,.T.);
#9475=ORIENTED_EDGE('',*,*,#9478,.T.);
#9476=ORIENTED_EDGE('',*,*,#9479,.T.);
#9477=EDGE_CURVE('',#189,#465,#9480,.F.);
#9478=EDGE_CURVE('',#465,#193,#9481,.T.);
#9479=EDGE_CURVE('',#193,#189,#9482,.T.);
#9480=LINE('',#188,#9483);
#9481=LINE('',#464,#9484);
#9482=LINE('',#192,#9485);
#9483=VECTOR('',#9486,1.0);
#9484=VECTOR('',#9487,1.0);
#9485=VECTOR('',#9488,1.0);
#9486=DIRECTION('',(-0.28837593020461544,-0.9575172702769505,0));
#9487=DIRECTION('',(0.3410874559420421,0.9400315672353698,0));
#9488=DIRECTION('',(-0.7933583992601054,0.6087548359754058,0));
#9489=FACE_SURFACE('',(#9494),#9490,.T.);
#9490=PLANE('',#9491);
#9491=AXIS2_PLACEMENT_3D('',#192,#9492,#9493);
#9492=DIRECTION('',(0,0,1));
#9493=DIRECTION('',(-0.3410874559420421,-0.9400315672353698,0));
#9494=FACE_BOUND('',#9495,.T.);
#9495=EDGE_LOOP('',(#9496,#9497,#9498));
#9496=ORIENTED_EDGE('',*,*,#9499,.T.);
#9497=ORIENTED_EDGE('',*,*,#9500,.T.);
#9498=ORIENTED_EDGE('',*,*,#9501,.T.);
#9499=EDGE_CURVE('',#193,#465,#9502,.F.);
#9500=EDGE_CURVE('',#465,#197,#9503,.T.);
#9501=EDGE_CURVE('',#197,#193,#9504,.T.);
#9502=LINE('',#192,#9505);
#9503=LINE('',#464,#9506);
#9504=LINE('',#196,#9507);
#9505=VECTOR('',#9508,1.0);
#9506=VECTOR('',#9509,1.0);
#9507=VECTOR('',#9510,1.0);
#9508=DIRECTION('',(-0.3410874559420421,-0.9400315672353698,0));
#9509=DIRECTION('',(0.39628116189807927,0.9181292069881604,0));
#9510=DIRECTION('',(-0.9238807634942466,0.3826804604958138,0));
#9511=FACE_SURFACE('',(#9516),#9512,.T.);
#9512=PLANE('',#9513);
#9513=AXIS2_PLACEMENT_3D('',#196,#9514,#9515);
#9514=DIRECTION('',(0,0,1));
#9515=DIRECTION('',(-0.39628116189807927,-0.9181292069881604,0));
#9516=FACE_BOUND('',#9517,.T.);
#9517=EDGE_LOOP('',(#9518,#9519,#9520));
#9518=ORIENTED_EDGE('',*,*,#9521,.T.);
#9519=ORIENTED_EDGE('',*,*,#9522,.T.);
#9520=ORIENTED_EDGE('',*,*,#9523,.T.);
#9521=EDGE_CURVE('',#197,#465,#9524,.F.);
#9522=EDGE_CURVE('',#465,#201,#9525,.T.);
#9523=EDGE_CURVE('',#201,#197,#9526,.T.);
#9524=LINE('',#196,#9527);
#9525=LINE('',#464,#9528);
#9526=LINE('',#200,#9529);
#9527=VECTOR('',#9530,1.0);
#9528=VECTOR('',#9531,1.0);
#9529=VECTOR('',#9532,1.0);
#9530=DIRECTION('',(-0.39628116189807927,-0.9181292069881604,0));
#9531=DIRECTION('',(0.4472135954999579,0.8944271909999159,0));
#9532=DIRECTION('',(-0.9914436485342026,0.13053540432077632,0));
#9533=FACE_SURFACE('',(#9538),#9534,.T.);
#9534=PLANE('',#9535);
#9535=AXIS2_PLACEMENT_3D('',#200,#9536,#9537);
#9536=DIRECTION('',(-0,0,1));
#9537=DIRECTION('',(-0.4472135954999579,-0.8944271909999159,0));
#9538=FACE_BOUND('',#9539,.T.);
#9539=EDGE_LOOP('',(#9540,#9541,#9542));
#9540=ORIENTED_EDGE('',*,*,#9543,.T.);
#9541=ORIENTED_EDGE('',*,*,#9544,.T.);
#9542=ORIENTED_EDGE('',*,*,#9545,.T.);
#9543=EDGE_CURVE('',#201,#465,#9546,.F.);
#9544=EDGE_CURVE('',#465,#205,#9547,.T.);
#9545=EDGE_CURVE('',#205,#201,#9548,.T.);
#9546=LINE('',#200,#9549);
#9547=LINE('',#464,#9550);
#9548=LINE('',#204,#9551);
#9549=VECTOR('',#9552,1.0);
#9550=VECTOR('',#9553,1.0);
#9551=VECTOR('',#9554,1.0);
#9552=DIRECTION('',(-0.4472135954999579,-0.8944271909999159,0));
#9553=DIRECTION('',(0.48856000385388604,0.872530298977801,0));
#9554=DIRECTION('',(-0.9914436485342026,-0.13053540432077632,0));
#9555=FACE_SURFACE('',(#9560),#9556,.T.);
#9556=PLANE('',#9557);
#9557=AXIS2_PLACEMENT_3D('',#204,#9558,#9559);
#9558=DIRECTION('',(-0,0,1));
#9559=DIRECTION('',(-0.48856000385388604,-0.872530298977801,0));
#9560=FACE_BOUND('',#9561,.T.);
#9561=EDGE_LOOP('',(#9562,#9563,#9564));
#9562=ORIENTED_EDGE('',*,*,#9565,.T.);
#9563=ORIENTED_EDGE('',*,*,#9566,.T.);
#9564=ORIENTED_EDGE('',*,*,#9567,.T.);
#9565=EDGE_CURVE('',#205,#465,#9568,.F.);
#9566=EDGE_CURVE('',#465,#209,#9569,.T.);
#9567=EDGE_CURVE('',#209,#205,#9570,.T.);
#9568=LINE('',#204,#9571);
#9569=LINE('',#464,#9572);
#9570=LINE('',#208,#9573);
#9571=VECTOR('',#9574,1.0);
#9572=VECTOR('',#9575,1.0);
#9573=VECTOR('',#9576,1.0);
#9574=DIRECTION('',(-0.48856000385388604,-0.872530298977801,0));
#9575=DIRECTION('',(0.5174779388552965,0.8556965483149234,0));
#9576=DIRECTION('',(-0.9238807634942466,-0.3826804604958138,0));
#9577=FACE_SURFACE('',(#9582),#9578,.T.);
#9578=PLANE('',#9579);
#9579=AXIS2_PLACEMENT_3D('',#208,#9580,#9581);
#9580=DIRECTION('',(-0,0,1));
#9581=DIRECTION('',(-0.5174779388552965,-0.8556965483149234,0));
#9582=FACE_BOUND('',#9583,.T.);
#9583=EDGE_LOOP('',(#9584,#9585,#9586));
#9584=ORIENTED_EDGE('',*,*,#9587,.T.);
#9585=ORIENTED_EDGE('',*,*,#9588,.T.);
#9586=ORIENTED_EDGE('',*,*,#9589,.T.);
#9587=EDGE_CURVE('',#209,#465,#9590,.F.);
#9588=EDGE_CURVE('',#465,#213,#9591,.T.);
#9589=EDGE_CURVE('',#213,#209,#9592,.T.);
#9590=LINE('',#208,#9593);
#9591=LINE('',#464,#9594);
#9592=LINE('',#212,#9595);
#9593=VECTOR('',#9596,1.0);
#9594=VECTOR('',#9597,1.0);
#9595=VECTOR('',#9598,1.0);
#9596=DIRECTION('',(-0.5174779388552965,-0.8556965483149234,0));
#9597=DIRECTION('',(0.5334022721351129,0.8458617003276002,0));
#9598=DIRECTION('',(-0.7933583992601054,-0.6087548359754058,0));
#9599=FACE_SURFACE('',(#9604),#9600,.T.);
#9600=PLANE('',#9601);
#9601=AXIS2_PLACEMENT_3D('',#212,#9602,#9603);
#9602=DIRECTION('',(-0,0,1));
#9603=DIRECTION('',(-0.5334022721351129,-0.8458617003276002,0));
#9604=FACE_BOUND('',#9605,.T.);
#9605=EDGE_LOOP('',(#9606,#9607,#9608));
#9606=ORIENTED_EDGE('',*,*,#9609,.T.);
#9607=ORIENTED_EDGE('',*,*,#9610,.T.);
#9608=ORIENTED_EDGE('',*,*,#9611,.T.);
#9609=EDGE_CURVE('',#213,#465,#9612,.F.);
#9610=EDGE_CURVE('',#465,#217,#9613,.T.);
#9611=EDGE_CURVE('',#217,#213,#9614,.T.);
#9612=LINE('',#212,#9615);
#9613=LINE('',#464,#9616);
#9614=LINE('',#216,#9617);
#9615=VECTOR('',#9618,1.0);
#9616=VECTOR('',#9619,1.0);
#9617=VECTOR('',#9620,1.0);
#9618=DIRECTION('',(-0.5334022721351129,-0.8458617003276002,0));
#9619=DIRECTION('',(0.5371944990278209,0.8434583986268964,0));
#9620=DIRECTION('',(-0.6087640334084832,-0.7933513418582181,0));
#9621=FACE_SURFACE('',(#9626),#9622,.T.);
#9622=PLANE('',#9623);
#9623=AXIS2_PLACEMENT_3D('',#216,#9624,#9625);
#9624=DIRECTION('',(0,0,1));
#9625=DIRECTION('',(-0.5371944990278209,-0.8434583986268964,0));
#9626=FACE_BOUND('',#9627,.T.);
#9627=EDGE_LOOP('',(#9628,#9629,#9630));
#9628=ORIENTED_EDGE('',*,*,#9631,.T.);
#9629=ORIENTED_EDGE('',*,*,#9632,.T.);
#9630=ORIENTED_EDGE('',*,*,#9633,.T.);
#9631=EDGE_CURVE('',#217,#465,#9634,.F.);
#9632=EDGE_CURVE('',#465,#457,#9635,.T.);
#9633=EDGE_CURVE('',#457,#217,#9636,.T.);
#9634=LINE('',#216,#9637);
#9635=LINE('',#464,#9638);
#9636=LINE('',#456,#9639);
#9637=VECTOR('',#9640,1.0);
#9638=VECTOR('',#9641,1.0);
#9639=VECTOR('',#9642,1.0);
#9640=DIRECTION('',(-0.5371944990278209,-0.8434583986268964,0));
#9641=DIRECTION('',(1,0,0));
#9642=DIRECTION('',(-0.9983829888579028,0.0568454708764099,0));
#9643=FACE_SURFACE('',(#9648),#9644,.T.);
#9644=PLANE('',#9645);
#9645=AXIS2_PLACEMENT_3D('',#216,#9646,#9647);
#9646=DIRECTION('',(-0,0,1));
#9647=DIRECTION('',(0.9983829888579028,-0.0568454708764099,0));
#9648=FACE_BOUND('',#9649,.T.);
#9649=EDGE_LOOP('',(#9650,#9651,#9652));
#9650=ORIENTED_EDGE('',*,*,#9653,.T.);
#9651=ORIENTED_EDGE('',*,*,#9654,.T.);
#9652=ORIENTED_EDGE('',*,*,#9655,.T.);
#9653=EDGE_CURVE('',#217,#457,#9656,.F.);
#9654=EDGE_CURVE('',#457,#221,#9657,.T.);
#9655=EDGE_CURVE('',#221,#217,#9658,.T.);
#9656=LINE('',#216,#9659);
#9657=LINE('',#456,#9660);
#9658=LINE('',#220,#9661);
#9659=VECTOR('',#9662,1.0);
#9660=VECTOR('',#9663,1.0);
#9661=VECTOR('',#9664,1.0);
#9662=DIRECTION('',(0.9983829888579028,-0.0568454708764099,0));
#9663=DIRECTION('',(-0.9982009603862531,0.05995700696300641,0));
#9664=DIRECTION('',(-0.3826804604958138,-0.9238807634942466,0));
#9665=FACE_SURFACE('',(#9670),#9666,.T.);
#9666=PLANE('',#9667);
#9667=AXIS2_PLACEMENT_3D('',#220,#9668,#9669);
#9668=DIRECTION('',(-0,0,1));
#9669=DIRECTION('',(0.9982009603862531,-0.05995700696300641,0));
#9670=FACE_BOUND('',#9671,.T.);
#9671=EDGE_LOOP('',(#9672,#9673,#9674));
#9672=ORIENTED_EDGE('',*,*,#9675,.T.);
#9673=ORIENTED_EDGE('',*,*,#9676,.T.);
#9674=ORIENTED_EDGE('',*,*,#9677,.T.);
#9675=EDGE_CURVE('',#221,#457,#9678,.F.);
#9676=EDGE_CURVE('',#457,#225,#9679,.T.);
#9677=EDGE_CURVE('',#225,#221,#9680,.T.);
#9678=LINE('',#220,#9681);
#9679=LINE('',#456,#9682);
#9680=LINE('',#224,#9683);
#9681=VECTOR('',#9684,1.0);
#9682=VECTOR('',#9685,1.0);
#9683=VECTOR('',#9686,1.0);
#9684=DIRECTION('',(0.9982009603862531,-0.05995700696300641,0));
#9685=DIRECTION('',(-0.9979980633997121,0.06324448948663026,0));
#9686=DIRECTION('',(-0.13052104055558156,-0.9914455395896884,0));
#9687=FACE_SURFACE('',(#9692),#9688,.T.);
#9688=PLANE('',#9689);
#9689=AXIS2_PLACEMENT_3D('',#224,#9690,#9691);
#9690=DIRECTION('',(-0,-0,1));
#9691=DIRECTION('',(0.9979980633997121,-0.06324448948663026,0));
#9692=FACE_BOUND('',#9693,.T.);
#9693=EDGE_LOOP('',(#9694,#9695,#9696));
#9694=ORIENTED_EDGE('',*,*,#9697,.T.);
#9695=ORIENTED_EDGE('',*,*,#9698,.T.);
#9696=ORIENTED_EDGE('',*,*,#9699,.T.);
#9697=EDGE_CURVE('',#225,#457,#9700,.F.);
#9698=EDGE_CURVE('',#457,#229,#9701,.T.);
#9699=EDGE_CURVE('',#229,#225,#9702,.T.);
#9700=LINE('',#224,#9703);
#9701=LINE('',#456,#9704);
#9702=LINE('',#228,#9705);
#9703=VECTOR('',#9706,1.0);
#9704=VECTOR('',#9707,1.0);
#9705=VECTOR('',#9708,1.0);
#9706=DIRECTION('',(0.9979980633997121,-0.06324448948663026,0));
#9707=DIRECTION('',(-0.99778805314228,0.06647556698922046,0));
#9708=DIRECTION('',(0.13052104055558156,-0.9914455395896884,0));
#9709=FACE_SURFACE('',(#9714),#9710,.T.);
#9710=PLANE('',#9711);
#9711=AXIS2_PLACEMENT_3D('',#228,#9712,#9713);
#9712=DIRECTION('',(-0,-0,1));
#9713=DIRECTION('',(0.99778805314228,-0.06647556698922046,0));
#9714=FACE_BOUND('',#9715,.T.);
#9715=EDGE_LOOP('',(#9716,#9717,#9718));
#9716=ORIENTED_EDGE('',*,*,#9719,.T.);
#9717=ORIENTED_EDGE('',*,*,#9720,.T.);
#9718=ORIENTED_EDGE('',*,*,#9721,.T.);
#9719=EDGE_CURVE('',#229,#457,#9722,.F.);
#9720=EDGE_CURVE('',#457,#233,#9723,.T.);
#9721=EDGE_CURVE('',#233,#229,#9724,.T.);
#9722=LINE('',#228,#9725);
#9723=LINE('',#456,#9726);
#9724=LINE('',#232,#9727);
#9725=VECTOR('',#9728,1.0);
#9726=VECTOR('',#9729,1.0);
#9727=VECTOR('',#9730,1.0);
#9728=DIRECTION('',(0.99778805314228,-0.06647556698922046,0));
#9729=DIRECTION('',(-0.9975873527313164,0.06942242916035171,0));
#9730=DIRECTION('',(0.3826804604958138,-0.9238807634942466,0));
#9731=FACE_SURFACE('',(#9736),#9732,.T.);
#9732=PLANE('',#9733);
#9733=AXIS2_PLACEMENT_3D('',#464,#9734,#9735);
#9734=DIRECTION('',(0,0,1));
#9735=DIRECTION('',(0.011921432082581333,0.9999289372035897,0));
#9736=FACE_BOUND('',#9737,.T.);
#9737=EDGE_LOOP('',(#9738,#9739,#9740));
#9738=ORIENTED_EDGE('',*,*,#9741,.T.);
#9739=ORIENTED_EDGE('',*,*,#9742,.T.);
#9740=ORIENTED_EDGE('',*,*,#9743,.T.);
#9741=EDGE_CURVE('',#465,#401,#9744,.F.);
#9742=EDGE_CURVE('',#401,#467,#9745,.T.);
#9743=EDGE_CURVE('',#467,#465,#9746,.T.);
#9744=LINE('',#464,#9747);
#9745=LINE('',#400,#9748);
#9746=LINE('',#466,#9749);
#9747=VECTOR('',#9750,1.0);
#9748=VECTOR('',#9751,1.0);
#9749=VECTOR('',#9752,1.0);
#9750=DIRECTION('',(0.011921432082581333,0.9999289372035897,0));
#9751=DIRECTION('',(-0.184040915758165,0.9829185832646038,0));
#9752=DIRECTION('',(0,-1,0));
#9753=FACE_SURFACE('',(#9758),#9754,.T.);
#9754=PLANE('',#9755);
#9755=AXIS2_PLACEMENT_3D('',#466,#9756,#9757);
#9756=DIRECTION('',(0,0,1));
#9757=DIRECTION('',(0.184040915758165,-0.9829185832646038,0));
#9758=FACE_BOUND('',#9759,.T.);
#9759=EDGE_LOOP('',(#9760,#9761,#9762));
#9760=ORIENTED_EDGE('',*,*,#9763,.T.);
#9761=ORIENTED_EDGE('',*,*,#9764,.T.);
#9762=ORIENTED_EDGE('',*,*,#9765,.T.);
#9763=EDGE_CURVE('',#467,#401,#9766,.F.);
#9764=EDGE_CURVE('',#401,#405,#9767,.T.);
#9765=EDGE_CURVE('',#405,#467,#9768,.T.);
#9766=LINE('',#466,#9769);
#9767=LINE('',#400,#9770);
#9768=LINE('',#404,#9771);
#9769=VECTOR('',#9772,1.0);
#9770=VECTOR('',#9773,1.0);
#9771=VECTOR('',#9774,1.0);
#9772=DIRECTION('',(0.184040915758165,-0.9829185832646038,0));
#9773=DIRECTION('',(-0.13082630492357708,0.9914053045752999,0));
#9774=DIRECTION('',(-0.1866194922352802,0.9824322699900723,0));
#9775=FACE_SURFACE('',(#9780),#9776,.T.);
#9776=PLANE('',#9777);
#9777=AXIS2_PLACEMENT_3D('',#466,#9778,#9779);
#9778=DIRECTION('',(0,0,1));
#9779=DIRECTION('',(0.1866194922352802,-0.9824322699900723,0));
#9780=FACE_BOUND('',#9781,.T.);
#9781=EDGE_LOOP('',(#9782,#9783,#9784));
#9782=ORIENTED_EDGE('',*,*,#9785,.T.);
#9783=ORIENTED_EDGE('',*,*,#9786,.T.);
#9784=ORIENTED_EDGE('',*,*,#9787,.T.);
#9785=EDGE_CURVE('',#467,#405,#9788,.F.);
#9786=EDGE_CURVE('',#405,#415,#9789,.T.);
#9787=EDGE_CURVE('',#415,#467,#9790,.T.);
#9788=LINE('',#466,#9791);
#9789=LINE('',#404,#9792);
#9790=LINE('',#414,#9793);
#9791=VECTOR('',#9794,1.0);
#9792=VECTOR('',#9795,1.0);
#9793=VECTOR('',#9796,1.0);
#9794=DIRECTION('',(0.1866194922352802,-0.9824322699900723,0));
#9795=DIRECTION('',(0.1301847737002706,0.9914897501722393,0));
#9796=DIRECTION('',(-0.20229577013943248,0.9793244719620223,0));
#9797=FACE_SURFACE('',(#9802),#9798,.T.);
#9798=PLANE('',#9799);
#9799=AXIS2_PLACEMENT_3D('',#414,#9800,#9801);
#9800=DIRECTION('',(0,-0,1));
#9801=DIRECTION('',(0.382340605673555,0.9240214614678488,0));
#9802=FACE_BOUND('',#9803,.T.);
#9803=EDGE_LOOP('',(#9804,#9805,#9806));
#9804=ORIENTED_EDGE('',*,*,#9807,.T.);
#9805=ORIENTED_EDGE('',*,*,#9808,.T.);
#9806=ORIENTED_EDGE('',*,*,#9809,.T.);
#9807=EDGE_CURVE('',#415,#413,#9810,.F.);
#9808=EDGE_CURVE('',#413,#467,#9811,.T.);
#9809=EDGE_CURVE('',#467,#415,#9812,.T.);
#9810=LINE('',#414,#9813);
#9811=LINE('',#412,#9814);
#9812=LINE('',#466,#9815);
#9813=VECTOR('',#9816,1.0);
#9814=VECTOR('',#9817,1.0);
#9815=VECTOR('',#9818,1.0);
#9816=DIRECTION('',(0.382340605673555,0.9240214614678488,0));
#9817=DIRECTION('',(-0.23150623492570518,0.9728334200625122,0));
#9818=DIRECTION('',(0.20229577013943248,-0.9793244719620223,0));
#9819=FACE_SURFACE('',(#9824),#9820,.T.);
#9820=PLANE('',#9821);
#9821=AXIS2_PLACEMENT_3D('',#466,#9822,#9823);
#9822=DIRECTION('',(0,0,1));
#9823=DIRECTION('',(0.23150623492570518,-0.9728334200625122,0));
#9824=FACE_BOUND('',#9825,.T.);
#9825=EDGE_LOOP('',(#9826,#9827,#9828));
#9826=ORIENTED_EDGE('',*,*,#9829,.T.);
#9827=ORIENTED_EDGE('',*,*,#9830,.T.);
#9828=ORIENTED_EDGE('',*,*,#9831,.T.);
#9829=EDGE_CURVE('',#467,#413,#9832,.F.);
#9830=EDGE_CURVE('',#413,#417,#9833,.T.);
#9831=EDGE_CURVE('',#417,#467,#9834,.T.);
#9832=LINE('',#466,#9835);
#9833=LINE('',#412,#9836);
#9834=LINE('',#416,#9837);
#9835=VECTOR('',#9838,1.0);
#9836=VECTOR('',#9839,1.0);
#9837=VECTOR('',#9840,1.0);
#9838=DIRECTION('',(0.23150623492570518,-0.9728334200625122,0));
#9839=DIRECTION('',(0.6084471906423417,0.7935943650250056,0));
#9840=DIRECTION('',(-0.2728744172267785,0.9620496621397183,0));
#9841=FACE_SURFACE('',(#9846),#9842,.T.);
#9842=PLANE('',#9843);
#9843=AXIS2_PLACEMENT_3D('',#466,#9844,#9845);
#9844=DIRECTION('',(0,0,1));
#9845=DIRECTION('',(0.2728744172267785,-0.9620496621397183,0));
#9846=FACE_BOUND('',#9847,.T.);
#9847=EDGE_LOOP('',(#9848,#9849,#9850));
#9848=ORIENTED_EDGE('',*,*,#9851,.T.);
#9849=ORIENTED_EDGE('',*,*,#9852,.T.);
#9850=ORIENTED_EDGE('',*,*,#9853,.T.);
#9851=EDGE_CURVE('',#467,#417,#9854,.F.);
#9852=EDGE_CURVE('',#417,#421,#9855,.T.);
#9853=EDGE_CURVE('',#421,#467,#9856,.T.);
#9854=LINE('',#466,#9857);
#9855=LINE('',#416,#9858);
#9856=LINE('',#420,#9859);
#9857=VECTOR('',#9860,1.0);
#9858=VECTOR('',#9861,1.0);
#9859=VECTOR('',#9862,1.0);
#9860=DIRECTION('',(0.2728744172267785,-0.9620496621397183,0));
#9861=DIRECTION('',(0.7930996608673198,0.6090918879217998,0));
#9862=DIRECTION('',(-0.32271760297116264,0.9464952977868126,0));
#9863=FACE_SURFACE('',(#9868),#9864,.T.);
#9864=PLANE('',#9865);
#9865=AXIS2_PLACEMENT_3D('',#420,#9866,#9867);
#9866=DIRECTION('',(0,-0,1));
#9867=DIRECTION('',(0.9237078071984693,0.3830977511296503,0));
#9868=FACE_BOUND('',#9869,.T.);
#9869=EDGE_LOOP('',(#9870,#9871,#9872));
#9870=ORIENTED_EDGE('',*,*,#9873,.T.);
#9871=ORIENTED_EDGE('',*,*,#9874,.T.);
#9872=ORIENTED_EDGE('',*,*,#9875,.T.);
#9873=EDGE_CURVE('',#421,#425,#9876,.F.);
#9874=EDGE_CURVE('',#425,#467,#9877,.T.);
#9875=EDGE_CURVE('',#467,#421,#9878,.T.);
#9876=LINE('',#420,#9879);
#9877=LINE('',#424,#9880);
#9878=LINE('',#466,#9881);
#9879=VECTOR('',#9882,1.0);
#9880=VECTOR('',#9883,1.0);
#9881=VECTOR('',#9884,1.0);
#9882=DIRECTION('',(0.9237078071984693,0.3830977511296503,0));
#9883=DIRECTION('',(-0.37537333974099907,0.9268737000323661,0));
#9884=DIRECTION('',(0.32271760297116264,-0.9464952977868126,0));
#9885=FACE_SURFACE('',(#9890),#9886,.T.);
#9886=PLANE('',#9887);
#9887=AXIS2_PLACEMENT_3D('',#466,#9888,#9889);
#9888=DIRECTION('',(0,0,1));
#9889=DIRECTION('',(0.37537333974099907,-0.9268737000323661,0));
#9890=FACE_BOUND('',#9891,.T.);
#9891=EDGE_LOOP('',(#9892,#9893,#9894));
#9892=ORIENTED_EDGE('',*,*,#9895,.T.);
#9893=ORIENTED_EDGE('',*,*,#9896,.T.);
#9894=ORIENTED_EDGE('',*,*,#9897,.T.);
#9895=EDGE_CURVE('',#467,#425,#9898,.F.);
#9896=EDGE_CURVE('',#425,#429,#9899,.T.);
#9897=EDGE_CURVE('',#429,#467,#9900,.T.);
#9898=LINE('',#466,#9901);
#9899=LINE('',#424,#9902);
#9900=LINE('',#428,#9903);
#9901=VECTOR('',#9904,1.0);
#9902=VECTOR('',#9905,1.0);
#9903=VECTOR('',#9906,1.0);
#9904=DIRECTION('',(0.37537333974099907,-0.9268737000323661,0));
#9905=DIRECTION('',(0.9913840659367756,0.13098715130373276,0));
#9906=DIRECTION('',(-0.42456336622582813,0.9053982262292065,0));
#9907=FACE_SURFACE('',(#9912),#9908,.T.);
#9908=PLANE('',#9909);
#9909=AXIS2_PLACEMENT_3D('',#466,#9910,#9911);
#9910=DIRECTION('',(0,0,1));
#9911=DIRECTION('',(0.42456336622582813,-0.9053982262292065,0));
#9912=FACE_BOUND('',#9913,.T.);
#9913=EDGE_LOOP('',(#9914,#9915,#9916));
#9914=ORIENTED_EDGE('',*,*,#9917,.T.);
#9915=ORIENTED_EDGE('',*,*,#9918,.T.);
#9916=ORIENTED_EDGE('',*,*,#9919,.T.);
#9917=EDGE_CURVE('',#467,#429,#9920,.F.);
#9918=EDGE_CURVE('',#429,#433,#9921,.T.);
#9919=EDGE_CURVE('',#433,#467,#9922,.T.);
#9920=LINE('',#466,#9923);
#9921=LINE('',#428,#9924);
#9922=LINE('',#432,#9925);
#9923=VECTOR('',#9926,1.0);
#9924=VECTOR('',#9927,1.0);
#9925=VECTOR('',#9928,1.0);
#9926=DIRECTION('',(0.42456336622582813,-0.9053982262292065,0));
#9927=DIRECTION('',(0.9915108587763359,-0.1300239090652673,0));
#9928=DIRECTION('',(-0.46513769574020675,0.8852383430475043,0));
#9929=FACE_SURFACE('',(#9934),#9930,.T.);
#9930=PLANE('',#9931);
#9931=AXIS2_PLACEMENT_3D('',#432,#9932,#9933);
#9932=DIRECTION('',(-0,-0,1));
#9933=DIRECTION('',(0.9240816268599302,-0.3821951685983283,0));
#9934=FACE_BOUND('',#9935,.T.);
#9935=EDGE_LOOP('',(#9936,#9937,#9938));
#9936=ORIENTED_EDGE('',*,*,#9939,.T.);
#9937=ORIENTED_EDGE('',*,*,#9940,.T.);
#9938=ORIENTED_EDGE('',*,*,#9941,.T.);
#9939=EDGE_CURVE('',#433,#437,#9942,.F.);
#9940=EDGE_CURVE('',#437,#467,#9943,.T.);
#9941=EDGE_CURVE('',#467,#433,#9944,.T.);
#9942=LINE('',#432,#9945);
#9943=LINE('',#436,#9946);
#9944=LINE('',#466,#9947);
#9945=VECTOR('',#9948,1.0);
#9946=VECTOR('',#9949,1.0);
#9947=VECTOR('',#9950,1.0);
#9948=DIRECTION('',(0.9240816268599302,-0.3821951685983283,0));
#9949=DIRECTION('',(-0.49413066253570054,0.8693876513627449,0));
#9950=DIRECTION('',(0.46513769574020675,-0.8852383430475043,0));
#9951=FACE_SURFACE('',(#9956),#9952,.T.);
#9952=PLANE('',#9953);
#9953=AXIS2_PLACEMENT_3D('',#466,#9954,#9955);
#9954=DIRECTION('',(0,0,1));
#9955=DIRECTION('',(0.49413066253570054,-0.8693876513627449,0));
#9956=FACE_BOUND('',#9957,.T.);
#9957=EDGE_LOOP('',(#9958,#9959,#9960));
#9958=ORIENTED_EDGE('',*,*,#9961,.T.);
#9959=ORIENTED_EDGE('',*,*,#9962,.T.);
#9960=ORIENTED_EDGE('',*,*,#9963,.T.);
#9961=EDGE_CURVE('',#467,#437,#9964,.F.);
#9962=EDGE_CURVE('',#437,#441,#9965,.T.);
#9963=EDGE_CURVE('',#441,#467,#9966,.T.);
#9964=LINE('',#466,#9967);
#9965=LINE('',#436,#9968);
#9966=LINE('',#440,#9969);
#9967=VECTOR('',#9970,1.0);
#9968=VECTOR('',#9971,1.0);
#9969=VECTOR('',#9972,1.0);
#9970=DIRECTION('',(0.49413066253570054,-0.8693876513627449,0));
#9971=DIRECTION('',(0.7936957354238543,-0.608314950967003,0));
#9972=DIRECTION('',(-0.5107153232866515,0.8597498813958692,0));
#9973=FACE_SURFACE('',(#9978),#9974,.T.);
#9974=PLANE('',#9975);
#9975=AXIS2_PLACEMENT_3D('',#466,#9976,#9977);
#9976=DIRECTION('',(0,0,1));
#9977=DIRECTION('',(0.5107153232866515,-0.8597498813958692,0));
#9978=FACE_BOUND('',#9979,.T.);
#9979=EDGE_LOOP('',(#9980,#9981,#9982));
#9980=ORIENTED_EDGE('',*,*,#9983,.T.);
#9981=ORIENTED_EDGE('',*,*,#9984,.T.);
#9982=ORIENTED_EDGE('',*,*,#9985,.T.);
#9983=EDGE_CURVE('',#467,#441,#9986,.F.);
#9984=EDGE_CURVE('',#441,#445,#9987,.T.);
#9985=EDGE_CURVE('',#445,#467,#9988,.T.);
#9986=LINE('',#466,#9989);
#9987=LINE('',#440,#9990);
#9988=LINE('',#444,#9991);
#9989=VECTOR('',#9992,1.0);
#9990=VECTOR('',#9993,1.0);
#9991=VECTOR('',#9994,1.0);
#9992=DIRECTION('',(0.5107153232866515,-0.8597498813958692,0));
#9993=DIRECTION('',(0.6092240296187931,-0.7929981599821276,0));
#9994=DIRECTION('',(-0.5155026135851585,0.856888006326889,0));
#9995=FACE_SURFACE('',(#10000),#9996,.T.);
#9996=PLANE('',#9997);
#9997=AXIS2_PLACEMENT_3D('',#466,#9998,#9999);
#9998=DIRECTION('',(-0,0,1));
#9999=DIRECTION('',(0.5155026135851585,-0.856888006326889,0));
#10000=FACE_BOUND('',#10001,.T.);
#10001=EDGE_LOOP('',(#10002,#10003,#10004));
#10002=ORIENTED_EDGE('',*,*,#10005,.T.);
#10003=ORIENTED_EDGE('',*,*,#10006,.T.);
#10004=ORIENTED_EDGE('',*,*,#10007,.T.);
#10005=EDGE_CURVE('',#467,#445,#10008,.F.);
#10006=EDGE_CURVE('',#445,#459,#10009,.T.);
#10007=EDGE_CURVE('',#459,#467,#10010,.T.);
#10008=LINE('',#466,#10011);
#10009=LINE('',#444,#10012);
#10010=LINE('',#458,#10013);
#10011=VECTOR('',#10014,1.0);
#10012=VECTOR('',#10015,1.0);
#10013=VECTOR('',#10016,1.0);
#10014=DIRECTION('',(0.5155026135851585,-0.856888006326889,0));
#10015=DIRECTION('',(0.9981886030001228,0.06016238725868023,0));
#10016=DIRECTION('',(-1,0,0));
#10017=FACE_SURFACE('',(#10022),#10018,.T.);
#10018=PLANE('',#10019);
#10019=AXIS2_PLACEMENT_3D('',#458,#10020,#10021);
#10020=DIRECTION('',(0,0,1));
#10021=DIRECTION('',(-0.9981886030001228,-0.06016238725868023,0));
#10022=FACE_BOUND('',#10023,.T.);
#10023=EDGE_LOOP('',(#10024,#10025,#10026));
#10024=ORIENTED_EDGE('',*,*,#10027,.T.);
#10025=ORIENTED_EDGE('',*,*,#10028,.T.);
#10026=ORIENTED_EDGE('',*,*,#10029,.T.);
#10027=EDGE_CURVE('',#459,#445,#10030,.F.);
#10028=EDGE_CURVE('',#445,#449,#10031,.T.);
#10029=EDGE_CURVE('',#449,#459,#10032,.T.);
#10030=LINE('',#458,#10033);
#10031=LINE('',#444,#10034);
#10032=LINE('',#448,#10035);
#10033=VECTOR('',#10036,1.0);
#10034=VECTOR('',#10037,1.0);
#10035=VECTOR('',#10038,1.0);
#10036=DIRECTION('',(-0.9981886030001228,-0.06016238725868023,0));
#10037=DIRECTION('',(0.3832431262781716,-0.9236475010308497,0));
#10038=DIRECTION('',(0.9979961108429632,0.06327529330093884,0));
#10039=FACE_SURFACE('',(#10044),#10040,.T.);
#10040=PLANE('',#10041);
#10041=AXIS2_PLACEMENT_3D('',#458,#10042,#10043);
#10042=DIRECTION('',(0,0,1));
#10043=DIRECTION('',(-0.9979961108429632,-0.06327529330093884,0));
#10044=FACE_BOUND('',#10045,.T.);
#10045=EDGE_LOOP('',(#10046,#10047,#10048));
#10046=ORIENTED_EDGE('',*,*,#10049,.T.);
#10047=ORIENTED_EDGE('',*,*,#10050,.T.);
#10048=ORIENTED_EDGE('',*,*,#10051,.T.);
#10049=EDGE_CURVE('',#459,#449,#10052,.F.);
#10050=EDGE_CURVE('',#449,#61,#10053,.T.);
#10051=EDGE_CURVE('',#61,#459,#10054,.T.);
#10052=LINE('',#458,#10055);
#10053=LINE('',#448,#10056);
#10054=LINE('',#60,#10057);
#10055=VECTOR('',#10058,1.0);
#10056=VECTOR('',#10059,1.0);
#10057=VECTOR('',#10060,1.0);
#10058=DIRECTION('',(-0.9979961108429632,-0.06327529330093884,0));
#10059=DIRECTION('',(0.13114894449562617,-0.991362675491509,0));
#10060=DIRECTION('',(0.9977823154065976,0.06656163355754553,0));
#10061=FACE_SURFACE('',(#10066),#10062,.T.);
#10062=PLANE('',#10063);
#10063=AXIS2_PLACEMENT_3D('',#464,#10064,#10065);
#10064=DIRECTION('',(0,-1,0));
#10065=DIRECTION('',(0.9997019645054729,0,-0.02441274593113616));
#10066=FACE_BOUND('',#10067,.T.);
#10067=EDGE_LOOP('',(#10068,#10069,#10070));
#10068=ORIENTED_EDGE('',*,*,#10071,.T.);
#10069=ORIENTED_EDGE('',*,*,#10072,.T.);
#10070=ORIENTED_EDGE('',*,*,#10073,.T.);
#10071=EDGE_CURVE('',#465,#75,#10074,.F.);
#10072=EDGE_CURVE('',#75,#457,#10075,.T.);
#10073=EDGE_CURVE('',#457,#465,#10076,.T.);
#10074=LINE('',#464,#10077);
#10075=LINE('',#74,#10078);
#10076=LINE('',#456,#10079);
#10077=VECTOR('',#10080,1.0);
#10078=VECTOR('',#10081,1.0);
#10079=VECTOR('',#10082,1.0);
#10080=DIRECTION('',(0.9997019645054729,0,-0.02441274593113616));
#10081=DIRECTION('',(0,0,1));
#10082=DIRECTION('',(-1,0,0));
#10083=FACE_SURFACE('',(#10088),#10084,.T.);
#10084=PLANE('',#10085);
#10085=AXIS2_PLACEMENT_3D('',#456,#10086,#10087);
#10086=DIRECTION('',(0,-1,0));
#10087=DIRECTION('',(0,0,-1));
#10088=FACE_BOUND('',#10089,.T.);
#10089=EDGE_LOOP('',(#10090,#10091,#10092));
#10090=ORIENTED_EDGE('',*,*,#10093,.T.);
#10091=ORIENTED_EDGE('',*,*,#10094,.T.);
#10092=ORIENTED_EDGE('',*,*,#10095,.T.);
#10093=EDGE_CURVE('',#457,#75,#10096,.F.);
#10094=EDGE_CURVE('',#75,#127,#10097,.T.);
#10095=EDGE_CURVE('',#127,#457,#10098,.T.);
#10096=LINE('',#456,#10099);
#10097=LINE('',#74,#10100);
#10098=LINE('',#126,#10101);
#10099=VECTOR('',#10102,1.0);
#10100=VECTOR('',#10103,1.0);
#10101=VECTOR('',#10104,1.0);
#10102=DIRECTION('',(0,0,-1));
#10103=DIRECTION('',(1,0,0));
#10104=DIRECTION('',(-0.9860164081422784,0,0.16664826093962018));
#10105=FACE_SURFACE('',(#10110),#10106,.T.);
#10106=PLANE('',#10107);
#10107=AXIS2_PLACEMENT_3D('',#456,#10108,#10109);
#10108=DIRECTION('',(0,-1,0));
#10109=DIRECTION('',(0.9860164081422784,0,-0.16664826093962018));
#10110=FACE_BOUND('',#10111,.T.);
#10111=EDGE_LOOP('',(#10112,#10113,#10114));
#10112=ORIENTED_EDGE('',*,*,#10115,.T.);
#10113=ORIENTED_EDGE('',*,*,#10116,.T.);
#10114=ORIENTED_EDGE('',*,*,#10117,.T.);
#10115=EDGE_CURVE('',#457,#127,#10118,.F.);
#10116=EDGE_CURVE('',#127,#461,#10119,.T.);
#10117=EDGE_CURVE('',#461,#457,#10120,.T.);
#10118=LINE('',#456,#10121);
#10119=LINE('',#126,#10122);
#10120=LINE('',#460,#10123);
#10121=VECTOR('',#10124,1.0);
#10122=VECTOR('',#10125,1.0);
#10123=VECTOR('',#10126,1.0);
#10124=DIRECTION('',(0.9860164081422784,0,-0.16664826093962018));
#10125=DIRECTION('',(0,0,1));
#10126=DIRECTION('',(-1,0,0));
#10127=FACE_SURFACE('',(#10132),#10128,.T.);
#10128=PLANE('',#10129);
#10129=AXIS2_PLACEMENT_3D('',#464,#10130,#10131);
#10130=DIRECTION('',(0,-1,0));
#10131=DIRECTION('',(0,0,-1));
#10132=FACE_BOUND('',#10133,.T.);
#10133=EDGE_LOOP('',(#10134,#10135,#10136));
#10134=ORIENTED_EDGE('',*,*,#10137,.T.);
#10135=ORIENTED_EDGE('',*,*,#10138,.T.);
#10136=ORIENTED_EDGE('',*,*,#10139,.T.);
#10137=EDGE_CURVE('',#465,#453,#10140,.F.);
#10138=EDGE_CURVE('',#453,#75,#10141,.T.);
#10139=EDGE_CURVE('',#75,#465,#10142,.T.);
#10140=LINE('',#464,#10143);
#10141=LINE('',#452,#10144);
#10142=LINE('',#74,#10145);
#10143=VECTOR('',#10146,1.0);
#10144=VECTOR('',#10147,1.0);
#10145=VECTOR('',#10148,1.0);
#10146=DIRECTION('',(0,0,-1));
#10147=DIRECTION('',(1,0,0));
#10148=DIRECTION('',(-0.9997019645054729,0,0.02441274593113616));
ENDSEC;
END-ISO-10303-21;
